Term added,French term,Spanish term,Page,URI
Agricultural land management,gestion de terre agricole,gestión de tierras agricolas,http://aims.fao.org/skosmos/agrovoc/en/page/c_4bd6790a,http://aims.fao.org/aos/agrovoc/c_4bd6790a
Agropastoralism,,,http://aims.fao.org/skosmos/agrovoc/en/page/c_16112,http://aims.fao.org/aos/agrovoc/c_16112
Alienation (land),aliénation,enajenación,http://aims.fao.org/skosmos/agrovoc/en/page/c_ceb73ce1,http://aims.fao.org/aos/agrovoc/c_ceb73ce1
Assignment (land),transfert de droits (tenure foncière),cesión del arrendamiento,http://aims.fao.org/skosmos/agrovoc/en/page/c_8c6882ab,http://aims.fao.org/aos/agrovoc/c_8c6882ab
Cadastral administration,administration cadastrale,administración catastral,http://aims.fao.org/skosmos/agrovoc/en/page/c_d774aa00,http://aims.fao.org/aos/agrovoc/c_d774aa00
Cadastral register,registre cadastral,registro catastral,http://aims.fao.org/skosmos/agrovoc/en/page/c_b4d51db0,http://aims.fao.org/aos/agrovoc/c_b4d51db0
Capital value (land),valeur du bien (foncier),valor de capital (tierra),http://aims.fao.org/skosmos/agrovoc/en/page/c_a9966ac9,http://aims.fao.org/aos/agrovoc/c_a9966ac9
CEDAW,,,http://aims.fao.org/skosmos/agrovoc/en/page/c_958edb9d,http://aims.fao.org/aos/agrovoc/c_958edb9d
Codification,codification,codificación,http://aims.fao.org/skosmos/agrovoc/en/page/?uri=http%3A%2F%2Faims.fao.org%2Faos%2Fagrovoc%2Fc_0eca1c57,http://aims.fao.org/aos/agrovoc/?uri=http%3A%2F%2Faims.fao.org%2Faos%2Fagrovoc%2Fc_0eca1c57
Collateral (land),collatéral (bien foncier),garantía (fundo),http://aims.fao.org/skosmos/agrovoc/en/page/c_931da360,http://aims.fao.org/aos/agrovoc/c_931da360
Common rights,Droits d'utilisation commune/ Droit coutumier,Régimen comunal (de tierras),http://aims.fao.org/skosmos/agrovoc/en/page/c_de048871,http://aims.fao.org/aos/agrovoc/c_de048871
Commons,biens communs,bienes comunes,http://aims.fao.org/skosmos/agrovoc/en/page/c_778a14cf,http://aims.fao.org/aos/agrovoc/c_778a14cf
Communal ownership,communaux,propiedad comunal,http://aims.fao.org/skosmos/agrovoc/en/page/c_9024771d,http://aims.fao.org/aos/agrovoc/c_9024771d
Communal territory,territoire communal,territorio comunal,http://aims.fao.org/skosmos/agrovoc/en/page/c_41b77c02,http://aims.fao.org/aos/agrovoc/c_41b77c02
Concession (land),concession (foncière),concesión (fundo),http://aims.fao.org/skosmos/agrovoc/en/page/c_357653f9,http://aims.fao.org/aos/agrovoc/c_357653f9
Conflict of interest,conflit d'intérêts,conflicto de interés,http://aims.fao.org/skosmos/agrovoc/en/page/c_854e9e62,http://aims.fao.org/aos/agrovoc/c_854e9e62
Control rights,droits de contrôle,derechos de control,http://aims.fao.org/skosmos/agrovoc/en/page/c_7a25baee,http://aims.fao.org/aos/agrovoc/c_7a25baee
co-ownership rights,copropriété,copropiedad,http://aims.fao.org/skosmos/agrovoc/en/page/c_599d2e5c,http://aims.fao.org/aos/agrovoc/c_599d2e5c
Customary land rights,droits fonciers coutumiers,derechos tradicionales,http://aims.fao.org/skosmos/agrovoc/en/page/c_cd44c0b3,http://aims.fao.org/aos/agrovoc/c_cd44c0b3
Deed,disposition légale,escritura,http://aims.fao.org/skosmos/agrovoc/en/page/c_c10cdeb5,http://aims.fao.org/aos/agrovoc/c_c10cdeb5
Disturbance,demande de compensation,reclamación de indemnización,http://aims.fao.org/skosmos/agrovoc/en/page/c_cbe171b4,http://aims.fao.org/aos/agrovoc/c_cbe171b4
Dowry (land),dot (terre),dote (tierra),http://aims.fao.org/skosmos/agrovoc/en/page/c_f7cf8606,http://aims.fao.org/aos/agrovoc/c_f7cf8606
Eminent domain,domaine éminent,dominio público,http://aims.fao.org/skosmos/agrovoc/en/page/c_c208d7f3,http://aims.fao.org/aos/agrovoc/c_c208d7f3
Encroachment,empiétement,invasión,http://aims.fao.org/skosmos/agrovoc/en/page/c_a245096c,http://aims.fao.org/aos/agrovoc/c_a245096c
Estate management,gestion de biens (fonciers), gestión de bienes,http://aims.fao.org/skosmos/agrovoc/en/page/c_21323863,http://aims.fao.org/aos/agrovoc/c_21323863
Eviction,déguerpissement,desalojo,http://aims.fao.org/skosmos/agrovoc/en/page/c_0b88a82c,http://aims.fao.org/aos/agrovoc/c_0b88a82c
Farm tenancy,fermage,arrendamiento de fincas,http://aims.fao.org/skosmos/agrovoc/en/page/c_dec8141f,http://aims.fao.org/aos/agrovoc/c_dec8141f
Forest law,droit forestier,legislación forestal,http://aims.fao.org/skosmos/agrovoc/en/page/c_8c59c597,http://aims.fao.org/aos/agrovoc/c_8c59c597
Free trade agreements,accords de libre échange commercial,,http://aims.fao.org/skosmos/agrovoc/en/page/c_3ffda84e,http://aims.fao.org/aos/agrovoc/c_3ffda84e
Government purchases,achats gouvernementaux,,http://aims.fao.org/skosmos/agrovoc/en/page/c_b3864149,http://aims.fao.org/aos/agrovoc/c_b3864149
Grazing contracts,contrats de pâturage,contratos de pastoreo,http://aims.fao.org/skosmos/agrovoc/en/page/c_bac66d94,http://aims.fao.org/aos/agrovoc/c_bac66d94
Grazing land rights,droits de pâture,derechos de pastoreo,http://aims.fao.org/skosmos/agrovoc/en/page/c_97241aeb,http://aims.fao.org/aos/agrovoc/c_97241aeb
Illegal occupation,occupation illégale,ocupación ilegal,http://aims.fao.org/skosmos/agrovoc/en/page/c_8dd43c79,http://aims.fao.org/aos/agrovoc/c_8dd43c79
Independent experts,experts indépendants,Expertos Independientes (litigios legales),http://aims.fao.org/skosmos/agrovoc/en/page/c_60fbd8f7,http://aims.fao.org/aos/agrovoc/c_60fbd8f7
indigenous lands,territoires indigènes,,http://aims.fao.org/skosmos/agrovoc/en/page/c_86524ff8,http://aims.fao.org/aos/agrovoc/c_86524ff8
Informal property,propriété informelle,propiedad informal,http://aims.fao.org/skosmos/agrovoc/en/page/c_1d4ea7db,http://aims.fao.org/aos/agrovoc/c_1d4ea7db
indigenous tenure,tenure foncière indigène; tenure foncière traditionnelle,,http://aims.fao.org/skosmos/agrovoc/en/page/c_a291ae58,http://aims.fao.org/aos/agrovoc/c_a291ae58
investment funds,fonds d' investissement,,http://aims.fao.org/skosmos/agrovoc/en/page/c_0d7ef890,http://aims.fao.org/aos/agrovoc/c_0d7ef890
Land acquisition,acquisitions foncières,,http://aims.fao.org/skosmos/agrovoc/en/page/c_89d3dcbb,http://aims.fao.org/aos/agrovoc/c_89d3dcbb
land concentration,concentration foncière,,http://aims.fao.org/skosmos/agrovoc/en/page/c_8654e90e,http://aims.fao.org/aos/agrovoc/c_8654e90e
land conflicts,conflits fonciers,,http://aims.fao.org/skosmos/agrovoc/en/page/c_e236b2b1,http://aims.fao.org/aos/agrovoc/c_e236b2b1
Land dispute,conflit foncier,conflicto agrario,http://aims.fao.org/skosmos/agrovoc/en/page/c_1ada969a,http://aims.fao.org/aos/agrovoc/c_1ada969a
land environment,environnement foncier,,http://aims.fao.org/skosmos/agrovoc/en/page/c_7ffc9d69,http://aims.fao.org/aos/agrovoc/c_7ffc9d69
land grabbing,accaparement foncier,,http://aims.fao.org/skosmos/agrovoc/en/page/c_cc39a497,http://aims.fao.org/aos/agrovoc/c_cc39a497
land grabs,,,http://aims.fao.org/skosmos/agrovoc/en/page/c_45ce1b52,http://aims.fao.org/aos/agrovoc/c_45ce1b52
land inheritance rights,droits d' héritage sur la terre,,http://aims.fao.org/skosmos/agrovoc/en/page/c_70a14ab3,http://aims.fao.org/aos/agrovoc/c_70a14ab3
land investments,investissements fonciers,,http://aims.fao.org/skosmos/agrovoc/en/page/c_9a4f48b4,http://aims.fao.org/aos/agrovoc/c_9a4f48b4
Land law,loi foncière,derecho agrario,http://aims.fao.org/skosmos/agrovoc/en/page/c_573abb9f,http://aims.fao.org/aos/agrovoc/c_573abb9f
Land loans,prêts fonciers,préstamos de tierras,http://aims.fao.org/skosmos/agrovoc/en/page/c_8b6d895f,http://aims.fao.org/aos/agrovoc/c_8b6d895f
Land rent,rente foncière,renta de la tierra,http://aims.fao.org/skosmos/agrovoc/en/page/c_7bea427c,http://aims.fao.org/aos/agrovoc/c_7bea427c
Land speculation,spéculation foncière,especulación de Tierras,http://aims.fao.org/skosmos/agrovoc/en/page/c_15d85712,http://aims.fao.org/aos/agrovoc/c_15d85712
Land tenure system,systèmes de tenure,modos de aprovechamiento,http://aims.fao.org/skosmos/agrovoc/en/page/c_66afb052,http://aims.fao.org/aos/agrovoc/c_66afb052
Latifundium,latifundium,latifundio,http://aims.fao.org/skosmos/agrovoc/en/page/c_9c0e84b3,http://aims.fao.org/aos/agrovoc/c_9c0e84b3
legal empowerment,attribution du pouvoir légal,,http://aims.fao.org/skosmos/agrovoc/en/page/c_c1543349,http://aims.fao.org/aos/agrovoc/c_c1543349
Lineage land,territoire lignager,tierra de un linaje,http://aims.fao.org/skosmos/agrovoc/en/page/c_d08b21b6,http://aims.fao.org/aos/agrovoc/c_d08b21b6
Local community,communauté locale,comunidad local,http://aims.fao.org/skosmos/agrovoc/en/page/c_45cd8441,http://aims.fao.org/aos/agrovoc/c_45cd8441
Management rights,droits de gestion,derechos de gestión,http://aims.fao.org/skosmos/agrovoc/en/page/c_862db225,http://aims.fao.org/aos/agrovoc/c_862db225
marital property rights,droits patrilinéaires de la propriété,,http://aims.fao.org/skosmos/agrovoc/en/page/c_64d8574a,http://aims.fao.org/aos/agrovoc/c_64d8574a
Manure contract,contrat de fumure,contrato sobre abono natural,http://aims.fao.org/skosmos/agrovoc/en/page/c_6b8a1f45,http://aims.fao.org/aos/agrovoc/c_6b8a1f45
Matrilineal,matrilinéaire,matrilineal,http://aims.fao.org/skosmos/agrovoc/en/page/c_a0982198,http://aims.fao.org/aos/agrovoc/c_a0982198
Negotiated land reform,réforme agraire négociée,reforma negociada de la tenencia de la tierra,http://aims.fao.org/skosmos/agrovoc/en/page/c_f84a48c4,http://aims.fao.org/aos/agrovoc/c_f84a48c4
Non indigenous peoples,population allochtone,foráneo,http://aims.fao.org/skosmos/agrovoc/en/page/c_28e0dafa,http://aims.fao.org/aos/agrovoc/c_28e0dafa
Notary,notaire,notario,http://aims.fao.org/skosmos/agrovoc/en/page/c_72efbdb8,http://aims.fao.org/aos/agrovoc/c_72efbdb8
Occupation,occupation,ocupación,http://aims.fao.org/skosmos/agrovoc/en/page/c_9044ce39,http://aims.fao.org/aos/agrovoc/c_9044ce39
Open access,accès libre (territoire),libre acceso (espacio),http://aims.fao.org/skosmos/agrovoc/en/page/c_51a39a94,http://aims.fao.org/aos/agrovoc/c_51a39a94
Orphans land rights,droits des orphelins à la terre,,http://aims.fao.org/skosmos/agrovoc/en/page/c_e5f9b786,http://aims.fao.org/aos/agrovoc/c_e5f9b786
Parcel plan,plan parcellaire,plan parcelario,http://aims.fao.org/skosmos/agrovoc/en/page/c_2ee25bd9,http://aims.fao.org/aos/agrovoc/c_2ee25bd9
Pastoral lands,espaces pastoraux,tierras de pastoreo,http://aims.fao.org/skosmos/agrovoc/en/page/c_8e487587,http://aims.fao.org/aos/agrovoc/c_8e487587
Pastoral land rights,droits de pâture,derechos agropastoriles,http://aims.fao.org/skosmos/agrovoc/en/page/c_4d6b6100,http://aims.fao.org/aos/agrovoc/c_4d6b6100
Patrilineal,patrilinéaire,patrilineal,http://aims.fao.org/skosmos/agrovoc/en/page/c_85dfd05c,http://aims.fao.org/aos/agrovoc/c_85dfd05c
Perimeter (land),périmètre (terrain),perímetro (de la tierra),http://aims.fao.org/skosmos/agrovoc/en/page/c_db4161cb,http://aims.fao.org/aos/agrovoc/c_db4161cb
Personal property,propriété personnelle,propiedad personal,http://aims.fao.org/skosmos/agrovoc/en/page/c_2f114c12,http://aims.fao.org/aos/agrovoc/c_2f114c12
Prescription,prescription,prescripción,http://aims.fao.org/skosmos/agrovoc/en/page/c_f86e1a09,http://aims.fao.org/aos/agrovoc/c_f86e1a09
Priest of the land,prêtre de la terre,maestro de la tierra,http://aims.fao.org/skosmos/agrovoc/en/page/c_28f78be5,http://aims.fao.org/aos/agrovoc/c_28f78be5
Private forests,forêts privées,bosques privados,http://aims.fao.org/skosmos/agrovoc/en/page/c_1882e93f,http://aims.fao.org/aos/agrovoc/c_1882e93f
Property law,droit immobilier,derecho inmobiliario,http://aims.fao.org/skosmos/agrovoc/en/page/c_da192f3f,http://aims.fao.org/aos/agrovoc/c_da192f3f
Reforms,réforme,reforma,http://aims.fao.org/skosmos/agrovoc/en/page/c_bb4738d4,http://aims.fao.org/aos/agrovoc/c_bb4738d4
Regularization of illegal occupation,régularisation d' occupation,regularización de ocupación,http://aims.fao.org/skosmos/agrovoc/en/page/c_3b50d6b6,http://aims.fao.org/aos/agrovoc/c_3b50d6b6
Regularization of ownership,régularisation foncière,regularización de tierras,http://aims.fao.org/skosmos/agrovoc/en/page/c_d190bc52,http://aims.fao.org/aos/agrovoc/c_d190bc52
rights in divorce,droits lors du divorce,,http://aims.fao.org/skosmos/agrovoc/en/page/c_b3372020,http://aims.fao.org/aos/agrovoc/c_b3372020
Right of clearance,droit de la hache,derechos de tala,http://aims.fao.org/skosmos/agrovoc/en/page/c_62487b4a,http://aims.fao.org/aos/agrovoc/c_62487b4a
Right of first occupancy,droit du premier occupant,derecho de primer ocupante,http://aims.fao.org/skosmos/agrovoc/en/page/c_9904d265,http://aims.fao.org/aos/agrovoc/c_9904d265
Pre-emption rights,droits de préemption,derechos de prelación,http://aims.fao.org/skosmos/agrovoc/en/page/c_9c081fdc,http://aims.fao.org/aos/agrovoc/c_9c081fdc
Riparian rights,droits du riverain,derechos ribereños,http://aims.fao.org/skosmos/agrovoc/en/page/c_a6fdfb0e,http://aims.fao.org/aos/agrovoc/c_a6fdfb0e
Sacred woods,bois sacrés,bosques sagrados,http://aims.fao.org/skosmos/agrovoc/en/page/c_c0a7f4fb,http://aims.fao.org/aos/agrovoc/c_c0a7f4fb
Scale,échelle (cartographie),escala,http://aims.fao.org/skosmos/agrovoc/en/page/c_128d5eb6,http://aims.fao.org/aos/agrovoc/c_128d5eb6
Security of tenure,sécurité de tenure (foncière),reconocimiento de la posesión (de la tierra),http://aims.fao.org/skosmos/agrovoc/en/page/c_7fc44e33,http://aims.fao.org/aos/agrovoc/c_7fc44e33
Servient tenement,servitude,predio sirviente,http://aims.fao.org/skosmos/agrovoc/en/page/c_31e765ad,http://aims.fao.org/aos/agrovoc/c_31e765ad
State property,propriété publique,propiedad pública,http://aims.fao.org/skosmos/agrovoc/en/page/c_22d01a32,http://aims.fao.org/aos/agrovoc/c_22d01a32
Statute law,droit écrit de l' état,derecho escrito,http://aims.fao.org/skosmos/agrovoc/en/page/c_86cb818a,http://aims.fao.org/aos/agrovoc/c_86cb818a
Surveyors,géomètre,geómetra,http://aims.fao.org/skosmos/agrovoc/en/page/c_26e30c73,http://aims.fao.org/aos/agrovoc/c_26e30c73
Tenant farmer,tenanciers,tenedor,http://aims.fao.org/skosmos/agrovoc/en/page/c_f73955fb,http://aims.fao.org/aos/agrovoc/c_f73955fb
Territory,territoire,territorio,http://aims.fao.org/skosmos/agrovoc/en/page/c_a9e7dd7f,http://aims.fao.org/aos/agrovoc/c_a9e7dd7f
Title deed,titre foncier,título de propriedad,http://aims.fao.org/skosmos/agrovoc/en/page/c_b769471e,http://aims.fao.org/aos/agrovoc/c_b769471e
Torrens system,système Torrens,sistema Torrens,http://aims.fao.org/skosmos/agrovoc/en/page/c_7017dc39,http://aims.fao.org/aos/agrovoc/c_7017dc39
Town and country planning,planification territoriale (villes et campagnes),plan de ordenamiento territorial,http://aims.fao.org/skosmos/agrovoc/en/page/c_9f542492,http://aims.fao.org/aos/agrovoc/c_9f542492
Transaction costs,coûts de transaction,costos de transacción,http://aims.fao.org/skosmos/agrovoc/en/page/c_aa48855b,http://aims.fao.org/aos/agrovoc/c_aa48855b
Unclaimed lands,terres vacantes,baldíos,http://aims.fao.org/skosmos/agrovoc/en/page/c_0e0e555b,http://aims.fao.org/aos/agrovoc/c_0e0e555b
Use rights,droits d' usage,derechos de uso,http://aims.fao.org/skosmos/agrovoc/en/page/c_945c9e82,http://aims.fao.org/aos/agrovoc/c_945c9e82
Waste,droit de disposer,abuso,http://aims.fao.org/skosmos/agrovoc/en/page/c_ecf20c17,http://aims.fao.org/aos/agrovoc/c_ecf20c17
Willing seller,vendeur potentiel,vendedor voluntario,http://aims.fao.org/skosmos/agrovoc/en/page/c_88c1b116,http://aims.fao.org/aos/agrovoc/c_88c1b116
