URI,URI new,ISO3,ListName,CommName,NameFR,NameES
http://aims.fao.org/aos/geopolitical.owl#Afghanistan,http://www.fao.org/countryprofiles/geoinfo/geopolitical/resource/Afghanistan,AFG,Afghanistan,Afghanistan,Afghanistan,Afganistán
http://aims.fao.org/aos/geopolitical.owl#Angola,http://www.fao.org/countryprofiles/geoinfo/geopolitical/resource/Angola,AGO,Angola,Angola,Angola,Angola
http://aims.fao.org/aos/geopolitical.owl#Albania,http://www.fao.org/countryprofiles/geoinfo/geopolitical/resource/Albania,ALB,Albania,Albania,Albanie,Albania
http://aims.fao.org/aos/geopolitical.owl#Andorra,http://www.fao.org/countryprofiles/geoinfo/geopolitical/resource/Andorra,AND,Andorra,Andorra,Andorre,Andorra
http://aims.fao.org/aos/geopolitical.owl#United_Arab_Emirates__the,http://www.fao.org/countryprofiles/geoinfo/geopolitical/resource/United_Arab_Emirates__the,ARE,United Arab Emirates,United Arab Emirates,Émirats arabes unis,Emiratos Árabes Unidos
http://aims.fao.org/aos/geopolitical.owl#Argentina,http://www.fao.org/countryprofiles/geoinfo/geopolitical/resource/Argentina,ARG,Argentina,Argentina,Argentine,Argentina
http://aims.fao.org/aos/geopolitical.owl#Armenia,http://www.fao.org/countryprofiles/geoinfo/geopolitical/resource/Armenia,ARM,Armenia,Armenia,Arménie,Armenia
http://aims.fao.org/aos/geopolitical.owl#Antigua_and_Barbuda,http://www.fao.org/countryprofiles/geoinfo/geopolitical/resource/Antigua_and_Barbuda,ATG,Antigua and Barbuda,Antigua and Barbuda,Antigua-et-Barbuda,Antigua y Barbuda
http://aims.fao.org/aos/geopolitical.owl#Australia,http://www.fao.org/countryprofiles/geoinfo/geopolitical/resource/Australia,AUS,Australia,Australia,Australie,Australia
http://aims.fao.org/aos/geopolitical.owl#Austria,http://www.fao.org/countryprofiles/geoinfo/geopolitical/resource/Austria,AUT,Austria,Austria,Autriche,Austria
http://aims.fao.org/aos/geopolitical.owl#Azerbaijan,http://www.fao.org/countryprofiles/geoinfo/geopolitical/resource/Azerbaijan,AZE,Azerbaijan,Azerbaijan,Azerbaïdjan,Azerbaiyán
http://aims.fao.org/aos/geopolitical.owl#Burundi,http://www.fao.org/countryprofiles/geoinfo/geopolitical/resource/Burundi,BDI,Burundi,Burundi,Burundi,Burundi
http://aims.fao.org/aos/geopolitical.owl#Belgium,http://www.fao.org/countryprofiles/geoinfo/geopolitical/resource/Belgium,BEL,Belgium,Belgium,Belgique,Bélgica
http://aims.fao.org/aos/geopolitical.owl#Benin,http://www.fao.org/countryprofiles/geoinfo/geopolitical/resource/Benin,BEN,Benin,Benin,Bénin,Benin
http://aims.fao.org/aos/geopolitical.owl#Burkina_Faso,http://www.fao.org/countryprofiles/geoinfo/geopolitical/resource/Burkina_Faso,BFA,Burkina Faso,Burkina Faso,Burkina Faso,Burkina Faso
http://aims.fao.org/aos/geopolitical.owl#Bangladesh,http://www.fao.org/countryprofiles/geoinfo/geopolitical/resource/Bangladesh,BGD,Bangladesh,Bangladesh,Bangladesh,Bangladesh
http://aims.fao.org/aos/geopolitical.owl#Bulgaria,http://www.fao.org/countryprofiles/geoinfo/geopolitical/resource/Bulgaria,BGR,Bulgaria,Bulgaria,Bulgarie,Bulgaria
http://aims.fao.org/aos/geopolitical.owl#Bahrain,http://www.fao.org/countryprofiles/geoinfo/geopolitical/resource/Bahrain,BHR,Bahrain,Bahrain,Bahreïn,Bahrein
http://aims.fao.org/aos/geopolitical.owl#Bahamas_the,http://www.fao.org/countryprofiles/geoinfo/geopolitical/resource/Bahamas_the,BHS,Bahamas,Bahamas,Bahamas,Bahamas
http://aims.fao.org/aos/geopolitical.owl#Bosnia_and_Herzegovina,http://www.fao.org/countryprofiles/geoinfo/geopolitical/resource/Bosnia_and_Herzegovina,BIH,Bosnia and Herzegovina,Bosnia and Herzegovina,Bosnie-Herzégovine,Bosnia y Herzegovina
http://aims.fao.org/aos/geopolitical.owl#Belarus,http://www.fao.org/countryprofiles/geoinfo/geopolitical/resource/Belarus,BLR,Belarus,Belarus,Bélarus,Belarús
http://aims.fao.org/aos/geopolitical.owl#Belize,http://www.fao.org/countryprofiles/geoinfo/geopolitical/resource/Belize,BLZ,Belize,Belize,Belize,Belice
http://aims.fao.org/aos/geopolitical.owl#Bolivia,http://www.fao.org/countryprofiles/geoinfo/geopolitical/resource/Bolivia,BOL,Bolivia (Plurinational State of),Bolivia,Bolivie (État plurinational de),Bolivia (Estado Plurinacional de)
http://aims.fao.org/aos/geopolitical.owl#Brazil,http://www.fao.org/countryprofiles/geoinfo/geopolitical/resource/Brazil,BRA,Brazil,Brazil,Brésil,Brasil
http://aims.fao.org/aos/geopolitical.owl#Barbados,http://www.fao.org/countryprofiles/geoinfo/geopolitical/resource/Barbados,BRB,Barbados,Barbados,Barbade,Barbados
http://aims.fao.org/aos/geopolitical.owl#Brunei_Darussalam,http://www.fao.org/countryprofiles/geoinfo/geopolitical/resource/Brunei_Darussalam,BRN,Brunei Darussalam,Brunei Darussalam,Brunei Darussalam,Brunei Darussalam
http://aims.fao.org/aos/geopolitical.owl#Bhutan,http://www.fao.org/countryprofiles/geoinfo/geopolitical/resource/Bhutan,BTN,Bhutan,Bhutan,Bhoutan,Bhután
http://aims.fao.org/aos/geopolitical.owl#Botswana,http://www.fao.org/countryprofiles/geoinfo/geopolitical/resource/Botswana,BWA,Botswana,Botswana,Botswana,Botswana
http://aims.fao.org/aos/geopolitical.owl#Central_African_Republic_the,http://www.fao.org/countryprofiles/geoinfo/geopolitical/resource/Central_African_Republic_the,CAF,Central African Republic,Central African Republic,République centrafricaine,República Centroafricana
http://aims.fao.org/aos/geopolitical.owl#Canada,http://www.fao.org/countryprofiles/geoinfo/geopolitical/resource/Canada,CAN,Canada,Canada,Canada,Canadá
http://aims.fao.org/aos/geopolitical.owl#Switzerland,http://www.fao.org/countryprofiles/geoinfo/geopolitical/resource/Switzerland,CHE,Switzerland,Switzerland,Suisse,Suiza
http://aims.fao.org/aos/geopolitical.owl#Chile,http://www.fao.org/countryprofiles/geoinfo/geopolitical/resource/Chile,CHL,Chile,Chile,Chili,Chile
http://aims.fao.org/aos/geopolitical.owl#China,http://www.fao.org/countryprofiles/geoinfo/geopolitical/resource/China,CHN,China,China,Chine,China
http://aims.fao.org/aos/geopolitical.owl#Cote_d_Ivoire,http://www.fao.org/countryprofiles/geoinfo/geopolitical/resource/Cote_d_Ivoire,CIV,CÃ´te d'Ivoire,CÃ´te d'Ivoire,Côte d'Ivoire,Côte d'Ivoire
http://aims.fao.org/aos/geopolitical.owl#Cameroon,http://www.fao.org/countryprofiles/geoinfo/geopolitical/resource/Cameroon,CMR,Cameroon,Cameroon,Cameroun,Camerún
http://aims.fao.org/aos/geopolitical.owl#Democratic_Republic_of_the_Congo,http://www.fao.org/countryprofiles/geoinfo/geopolitical/resource/Democratic_Republic_of_the_Congo,COD,Democratic Republic of the Congo,Democratic Republic of the Congo,République démocratique du Congo,República Democrática del Congo
http://aims.fao.org/aos/geopolitical.owl#Congo_the,http://www.fao.org/countryprofiles/geoinfo/geopolitical/resource/Congo_the,COG,Congo,Congo,Congo,Congo
http://aims.fao.org/aos/geopolitical.owl#Cook_Islands_the,http://www.fao.org/countryprofiles/geoinfo/geopolitical/resource/Cook_Islands_the,COK,Cook Islands,Cook Islands,Îles Cook,Islas Cook
http://aims.fao.org/aos/geopolitical.owl#Colombia,http://www.fao.org/countryprofiles/geoinfo/geopolitical/resource/Colombia,COL,Colombia,Colombia,Colombie,Colombia
http://aims.fao.org/aos/geopolitical.owl#Comoros_the,http://www.fao.org/countryprofiles/geoinfo/geopolitical/resource/Comoros_the,COM,Comoros,Comoros,Comores,Comoras
http://aims.fao.org/aos/geopolitical.owl#Cape_Verde,http://www.fao.org/countryprofiles/geoinfo/geopolitical/resource/Cape_Verde,CPV,Cape Verde,Cape Verde,Cap-Vert,Cabo Verde
http://aims.fao.org/aos/geopolitical.owl#Costa_Rica,http://www.fao.org/countryprofiles/geoinfo/geopolitical/resource/Costa_Rica,CRI,Costa Rica,Costa Rica,Costa Rica,Costa Rica
http://aims.fao.org/aos/geopolitical.owl#Cuba,http://www.fao.org/countryprofiles/geoinfo/geopolitical/resource/Cuba,CUB,Cuba,Cuba,Cuba,Cuba
http://aims.fao.org/aos/geopolitical.owl#Cyprus,http://www.fao.org/countryprofiles/geoinfo/geopolitical/resource/Cyprus,CYP,Cyprus,Cyprus,Chypre,Chipre
http://aims.fao.org/aos/geopolitical.owl#Czech_Republic_the,http://www.fao.org/countryprofiles/geoinfo/geopolitical/resource/Czech_Republic_the,CZE,Czech Republic,Czech Republic,République tcheque,República Checa
http://aims.fao.org/aos/geopolitical.owl#Germany,http://www.fao.org/countryprofiles/geoinfo/geopolitical/resource/Germany,DEU,Germany,Germany,Allemagne,Alemania
http://aims.fao.org/aos/geopolitical.owl#Djibouti,http://www.fao.org/countryprofiles/geoinfo/geopolitical/resource/Djibouti,DJI,Djibouti,Djibouti,Djibouti,Djibouti
http://aims.fao.org/aos/geopolitical.owl#Dominica,http://www.fao.org/countryprofiles/geoinfo/geopolitical/resource/Dominica,DMA,Dominica,Dominica,Dominique,Dominica
http://aims.fao.org/aos/geopolitical.owl#Denmark,http://www.fao.org/countryprofiles/geoinfo/geopolitical/resource/Denmark,DNK,Denmark,Denmark,Danemark,Dinamarca
http://aims.fao.org/aos/geopolitical.owl#Dominican_Republic_the,http://www.fao.org/countryprofiles/geoinfo/geopolitical/resource/Dominican_Republic_the,DOM,Dominican Republic,Dominican Republic,République dominicaine,República Dominicana
http://aims.fao.org/aos/geopolitical.owl#Algeria,http://www.fao.org/countryprofiles/geoinfo/geopolitical/resource/Algeria,DZA,Algeria,Algeria,Algérie,Argelia
http://aims.fao.org/aos/geopolitical.owl#Ecuador,http://www.fao.org/countryprofiles/geoinfo/geopolitical/resource/Ecuador,ECU,Ecuador,Ecuador,Équateur,Ecuador
http://aims.fao.org/aos/geopolitical.owl#Egypt,http://www.fao.org/countryprofiles/geoinfo/geopolitical/resource/Egypt,EGY,Egypt,Egypt,Égypte,Egipto
http://aims.fao.org/aos/geopolitical.owl#Eritrea,http://www.fao.org/countryprofiles/geoinfo/geopolitical/resource/Eritrea,ERI,Eritrea,Eritrea,Érythrée,Eritrea
http://aims.fao.org/aos/geopolitical.owl#Spain,http://www.fao.org/countryprofiles/geoinfo/geopolitical/resource/Spain,ESP,Spain,Spain,Espagne,España
http://aims.fao.org/aos/geopolitical.owl#Estonia,http://www.fao.org/countryprofiles/geoinfo/geopolitical/resource/Estonia,EST,Estonia,Estonia,Estonie,Estonia
http://aims.fao.org/aos/geopolitical.owl#Ethiopia,http://www.fao.org/countryprofiles/geoinfo/geopolitical/resource/Ethiopia,ETH,Ethiopia,Ethiopia,Éthiopie,Etiopía
http://aims.fao.org/aos/geopolitical.owl#Finland,http://www.fao.org/countryprofiles/geoinfo/geopolitical/resource/Finland,FIN,Finland,Finland,Finlande,Finlandia
http://aims.fao.org/aos/geopolitical.owl#Fiji,http://www.fao.org/countryprofiles/geoinfo/geopolitical/resource/Fiji,FJI,Fiji,Fiji,Fidji,Fiji
http://aims.fao.org/aos/geopolitical.owl#France,http://www.fao.org/countryprofiles/geoinfo/geopolitical/resource/France,FRA,France,France,France,Francia
http://aims.fao.org/aos/geopolitical.owl#Faroe_Islands,http://www.fao.org/countryprofiles/geoinfo/geopolitical/resource/Faroe_Islands,FRO,Faroe Islands,Faroe Islands,Îles Féroé,Islas Feroe
http://aims.fao.org/aos/geopolitical.owl#Micronesia__Fed_States_of_,http://www.fao.org/countryprofiles/geoinfo/geopolitical/resource/Micronesia__Fed_States_of_,FSM,Micronesia (Federated States of),Micronesia,Micronésie,Micronesia
http://aims.fao.org/aos/geopolitical.owl#Gabon,http://www.fao.org/countryprofiles/geoinfo/geopolitical/resource/Gabon,GAB,Gabon,Gabon,Gabon,Gabón
http://aims.fao.org/aos/geopolitical.owl#United_Kingdom_of_Great_Britain_and_Northern_Ireland__the,http://www.fao.org/countryprofiles/geoinfo/geopolitical/resource/United_Kingdom_of_Great_Britain_and_Northern_Ireland__the,GBR,United Kingdom,United Kingdom,Royaume-Uni,Reino Unido
http://aims.fao.org/aos/geopolitical.owl#Georgia,http://www.fao.org/countryprofiles/geoinfo/geopolitical/resource/Georgia,GEO,Georgia,Georgia,Géorgie,Georgia
http://aims.fao.org/aos/geopolitical.owl#Ghana,http://www.fao.org/countryprofiles/geoinfo/geopolitical/resource/Ghana,GHA,Ghana,Ghana,Ghana,Ghana
http://aims.fao.org/aos/geopolitical.owl#Guinea,http://www.fao.org/countryprofiles/geoinfo/geopolitical/resource/Guinea,GIN,Guinea,Guinea,Guinée,Guinea
http://aims.fao.org/aos/geopolitical.owl#Gambia__the,http://www.fao.org/countryprofiles/geoinfo/geopolitical/resource/Gambia__the,GMB,Gambia,Gambia,Gambie,Gambia
http://aims.fao.org/aos/geopolitical.owl#Guinea-Bissau,http://www.fao.org/countryprofiles/geoinfo/geopolitical/resource/Guinea-Bissau,GNB,Guinea-Bissau,Guinea-Bissau,Guinée-Bissau,Guinea-Bissau
http://aims.fao.org/aos/geopolitical.owl#Equatorial_Guinea,http://www.fao.org/countryprofiles/geoinfo/geopolitical/resource/Equatorial_Guinea,GNQ,Equatorial Guinea,Equatorial Guinea,Guinée équatoriale,Guinea Ecuatorial
http://aims.fao.org/aos/geopolitical.owl#Greece,http://www.fao.org/countryprofiles/geoinfo/geopolitical/resource/Greece,GRC,Greece,Greece,Grece,Grecia
http://aims.fao.org/aos/geopolitical.owl#Grenada,http://www.fao.org/countryprofiles/geoinfo/geopolitical/resource/Grenada,GRD,Grenada,Grenada,Grenade,Granada
http://aims.fao.org/aos/geopolitical.owl#Guatemala,http://www.fao.org/countryprofiles/geoinfo/geopolitical/resource/Guatemala,GTM,Guatemala,Guatemala,Guatemala,Guatemala
http://aims.fao.org/aos/geopolitical.owl#Guyana,http://www.fao.org/countryprofiles/geoinfo/geopolitical/resource/Guyana,GUY,Guyana,Guyana,Guyana,Guyana
http://aims.fao.org/aos/geopolitical.owl#Honduras,http://www.fao.org/countryprofiles/geoinfo/geopolitical/resource/Honduras,HND,Honduras,Honduras,Honduras,Honduras
http://aims.fao.org/aos/geopolitical.owl#Croatia,http://www.fao.org/countryprofiles/geoinfo/geopolitical/resource/Croatia,HRV,Croatia,Croatia,Croatie,Croacia
http://aims.fao.org/aos/geopolitical.owl#Haiti,http://www.fao.org/countryprofiles/geoinfo/geopolitical/resource/Haiti,HTI,Haiti,Haiti,Haïti,Haití
http://aims.fao.org/aos/geopolitical.owl#Hungary,http://www.fao.org/countryprofiles/geoinfo/geopolitical/resource/Hungary,HUN,Hungary,Hungary,Hongrie,Hungría
http://aims.fao.org/aos/geopolitical.owl#Indonesia,http://www.fao.org/countryprofiles/geoinfo/geopolitical/resource/Indonesia,IDN,Indonesia,Indonesia,Indonésie,Indonesia
http://aims.fao.org/aos/geopolitical.owl#India,http://www.fao.org/countryprofiles/geoinfo/geopolitical/resource/India,IND,India,India,Inde,India
http://aims.fao.org/aos/geopolitical.owl#Ireland,http://www.fao.org/countryprofiles/geoinfo/geopolitical/resource/Ireland,IRL,Ireland,Ireland,Irlande,Irlanda
http://aims.fao.org/aos/geopolitical.owl#Iran_Islamic_Rep_of_,http://www.fao.org/countryprofiles/geoinfo/geopolitical/resource/Iran_Islamic_Rep_of_,IRN,Iran (Islamic Republic of),Iran,Iran,Irán
http://aims.fao.org/aos/geopolitical.owl#Iraq,http://www.fao.org/countryprofiles/geoinfo/geopolitical/resource/Iraq,IRQ,Iraq,Iraq,Iraq,Iraq
http://aims.fao.org/aos/geopolitical.owl#Iceland,http://www.fao.org/countryprofiles/geoinfo/geopolitical/resource/Iceland,ISL,Iceland,Iceland,Islande,Islandia
http://aims.fao.org/aos/geopolitical.owl#Israel,http://www.fao.org/countryprofiles/geoinfo/geopolitical/resource/Israel,ISR,Israel,Israel,Israël,Israel
http://aims.fao.org/aos/geopolitical.owl#Italy,http://www.fao.org/countryprofiles/geoinfo/geopolitical/resource/Italy,ITA,Italy,Italy,Italie,Italia
http://aims.fao.org/aos/geopolitical.owl#Jamaica,http://www.fao.org/countryprofiles/geoinfo/geopolitical/resource/Jamaica,JAM,Jamaica,Jamaica,Jamaïque,Jamaica
http://aims.fao.org/aos/geopolitical.owl#Jordan,http://www.fao.org/countryprofiles/geoinfo/geopolitical/resource/Jordan,JOR,Jordan,Jordan,Jordanie,Jordania
http://aims.fao.org/aos/geopolitical.owl#Japan,http://www.fao.org/countryprofiles/geoinfo/geopolitical/resource/Japan,JPN,Japan,Japan,Japon,Japón
http://aims.fao.org/aos/geopolitical.owl#Kazakhstan,http://www.fao.org/countryprofiles/geoinfo/geopolitical/resource/Kazakhstan,KAZ,Kazakhstan,Kazakhstan,Kazakhstan,Kazajstán
http://aims.fao.org/aos/geopolitical.owl#Kenya,http://www.fao.org/countryprofiles/geoinfo/geopolitical/resource/Kenya,KEN,Kenya,Kenya,Kenya,Kenya
http://aims.fao.org/aos/geopolitical.owl#Kyrgyzstan,http://www.fao.org/countryprofiles/geoinfo/geopolitical/resource/Kyrgyzstan,KGZ,Kyrgyzstan,Kyrgyzstan,Kirghizistan,Kirguistán
http://aims.fao.org/aos/geopolitical.owl#Cambodia,http://www.fao.org/countryprofiles/geoinfo/geopolitical/resource/Cambodia,KHM,Cambodia,Cambodia,Cambodge,Camboya
http://aims.fao.org/aos/geopolitical.owl#Kiribati,http://www.fao.org/countryprofiles/geoinfo/geopolitical/resource/Kiribati,KIR,Kiribati,Kiribati,Kiribati,Kiribati
http://aims.fao.org/aos/geopolitical.owl#Saint_Kitts_and_Nevis,http://www.fao.org/countryprofiles/geoinfo/geopolitical/resource/Saint_Kitts_and_Nevis,KNA,Saint Kitts and Nevis,Saint Kitts and Nevis,Saint-Kitts-et-Nevis,Saint Kitts y Nevis
http://aims.fao.org/aos/geopolitical.owl#Republic_of_Korea__the,http://www.fao.org/countryprofiles/geoinfo/geopolitical/resource/Republic_of_Korea__the,KOR,Republic of Korea,Republic of Korea,République de Corée,República de Corea
http://aims.fao.org/aos/geopolitical.owl#Kuwait,http://www.fao.org/countryprofiles/geoinfo/geopolitical/resource/Kuwait,KWT,Kuwait,Kuwait,Koweït,Kuwait
http://aims.fao.org/aos/geopolitical.owl#Lao_People_s_Democratic_Republic__the,http://www.fao.org/countryprofiles/geoinfo/geopolitical/resource/Lao_People_s_Democratic_Republic__the,LAO,Lao People's Democratic Republic,Lao,République démocratique populaire lao,República Democrática Popular Lao
http://aims.fao.org/aos/geopolitical.owl#Lebanon,http://www.fao.org/countryprofiles/geoinfo/geopolitical/resource/Lebanon,LBN,Lebanon,Lebanon,Liban,Líbano
http://aims.fao.org/aos/geopolitical.owl#Liberia,http://www.fao.org/countryprofiles/geoinfo/geopolitical/resource/Liberia,LBR,Liberia,Liberia,Libéria,Liberia
http://aims.fao.org/aos/geopolitical.owl#Libya,http://www.fao.org/countryprofiles/geoinfo/geopolitical/resource/Libya,LBY,Libya,Libya,Jamahiriya arabe libyenne,Jamahiriya Árabe Libia
http://aims.fao.org/aos/geopolitical.owl#Saint_Lucia,http://www.fao.org/countryprofiles/geoinfo/geopolitical/resource/Saint_Lucia,LCA,Saint Lucia,Saint Lucia,Sainte-Lucie,Santa Lucía
http://aims.fao.org/aos/geopolitical.owl#Liechtenstein,http://www.fao.org/countryprofiles/geoinfo/geopolitical/resource/Liechtenstein,LIE,Liechtenstein,Liechtenstein,Liechtenstein,Liechtenstein
http://aims.fao.org/aos/geopolitical.owl#Sri_Lanka,http://www.fao.org/countryprofiles/geoinfo/geopolitical/resource/Sri_Lanka,LKA,Sri Lanka,Sri Lanka,Sri Lanka,Sri Lanka
http://aims.fao.org/aos/geopolitical.owl#Lesotho,http://www.fao.org/countryprofiles/geoinfo/geopolitical/resource/Lesotho,LSO,Lesotho,Lesotho,Lesotho,Lesotho
http://aims.fao.org/aos/geopolitical.owl#Lithuania,http://www.fao.org/countryprofiles/geoinfo/geopolitical/resource/Lithuania,LTU,Lithuania,Lithuania,Lituanie,Lituania
http://aims.fao.org/aos/geopolitical.owl#Luxembourg,http://www.fao.org/countryprofiles/geoinfo/geopolitical/resource/Luxembourg,LUX,Luxembourg,Luxembourg,Luxembourg,Luxemburgo
http://aims.fao.org/aos/geopolitical.owl#Latvia,http://www.fao.org/countryprofiles/geoinfo/geopolitical/resource/Latvia,LVA,Latvia,Latvia,Lettonie,Letonia
http://aims.fao.org/aos/geopolitical.owl#Morocco,http://www.fao.org/countryprofiles/geoinfo/geopolitical/resource/Morocco,MAR,Morocco,Morocco,Maroc,Marruecos
http://aims.fao.org/aos/geopolitical.owl#Monaco,http://www.fao.org/countryprofiles/geoinfo/geopolitical/resource/Monaco,MCO,Monaco,Monaco,Monaco,Mónaco
http://aims.fao.org/aos/geopolitical.owl#Republic_of_Moldova,http://www.fao.org/countryprofiles/geoinfo/geopolitical/resource/Republic_of_Moldova,MDA,Republic of Moldova,Moldova,République de Moldova,República de Moldova
http://aims.fao.org/aos/geopolitical.owl#Madagascar,http://www.fao.org/countryprofiles/geoinfo/geopolitical/resource/Madagascar,MDG,Madagascar,Madagascar,Madagascar,Madagascar
http://aims.fao.org/aos/geopolitical.owl#Maldives,http://www.fao.org/countryprofiles/geoinfo/geopolitical/resource/Maldives,MDV,Maldives,Maldives,Maldives,Maldivas
http://aims.fao.org/aos/geopolitical.owl#Mexico,http://www.fao.org/countryprofiles/geoinfo/geopolitical/resource/Mexico,MEX,Mexico,Mexico,Mexique,México
http://aims.fao.org/aos/geopolitical.owl#Marshall_Islands__the,http://www.fao.org/countryprofiles/geoinfo/geopolitical/resource/Marshall_Islands__the,MHL,Marshall Islands,Marshall Islands,Îles Marshall,Islas Marshall
http://aims.fao.org/aos/geopolitical.owl#The_former_Yugoslav_Republic_of_Macedonia,http://www.fao.org/countryprofiles/geoinfo/geopolitical/resource/The_former_Yugoslav_Republic_of_Macedonia,MKD,The former Yugoslav Republic of Macedonia,Macedonia,L'ex-République yougoslave de Macédoine,La ex República Yugoslava de Macedonia
http://aims.fao.org/aos/geopolitical.owl#Mali,http://www.fao.org/countryprofiles/geoinfo/geopolitical/resource/Mali,MLI,Mali,Mali,Mali,Malí
http://aims.fao.org/aos/geopolitical.owl#Malta,http://www.fao.org/countryprofiles/geoinfo/geopolitical/resource/Malta,MLT,Malta,Malta,Malte,Malta
http://aims.fao.org/aos/geopolitical.owl#Myanmar,http://www.fao.org/countryprofiles/geoinfo/geopolitical/resource/Myanmar,MMR,Myanmar,Myanmar,Myanmar,Myanmar
http://aims.fao.org/aos/geopolitical.owl#Montenegro,http://www.fao.org/countryprofiles/geoinfo/geopolitical/resource/Montenegro,MNE,Montenegro,Montenegro,Monténégro,Montenegro
http://aims.fao.org/aos/geopolitical.owl#Mongolia,http://www.fao.org/countryprofiles/geoinfo/geopolitical/resource/Mongolia,MNG,Mongolia,Mongolia,Mongolie,Mongolia
http://aims.fao.org/aos/geopolitical.owl#Mozambique,http://www.fao.org/countryprofiles/geoinfo/geopolitical/resource/Mozambique,MOZ,Mozambique,Mozambique,Mozambique,Mozambique
http://aims.fao.org/aos/geopolitical.owl#Mauritania,http://www.fao.org/countryprofiles/geoinfo/geopolitical/resource/Mauritania,MRT,Mauritania,Mauritania,Mauritanie,Mauritania
http://aims.fao.org/aos/geopolitical.owl#Mauritius,http://www.fao.org/countryprofiles/geoinfo/geopolitical/resource/Mauritius,MUS,Mauritius,Mauritius,Maurice,Mauricio
http://aims.fao.org/aos/geopolitical.owl#Malawi,http://www.fao.org/countryprofiles/geoinfo/geopolitical/resource/Malawi,MWI,Malawi,Malawi,Malawi,Malawi
http://aims.fao.org/aos/geopolitical.owl#Malaysia,http://www.fao.org/countryprofiles/geoinfo/geopolitical/resource/Malaysia,MYS,Malaysia,Malaysia,Malaisie,Malasia
http://aims.fao.org/aos/geopolitical.owl#Namibia,http://www.fao.org/countryprofiles/geoinfo/geopolitical/resource/Namibia,NAM,Namibia,Namibia,Namibie,Namibia
http://aims.fao.org/aos/geopolitical.owl#Niger_the,http://www.fao.org/countryprofiles/geoinfo/geopolitical/resource/Niger_the,NER,Niger,Niger,Niger,Níger
http://aims.fao.org/aos/geopolitical.owl#Nigeria,http://www.fao.org/countryprofiles/geoinfo/geopolitical/resource/Nigeria,NGA,Nigeria,Nigeria,Nigéria,Nigeria
http://aims.fao.org/aos/geopolitical.owl#Nicaragua,http://www.fao.org/countryprofiles/geoinfo/geopolitical/resource/Nicaragua,NIC,Nicaragua,Nicaragua,Nicaragua,Nicaragua
http://aims.fao.org/aos/geopolitical.owl#Niue,http://www.fao.org/countryprofiles/geoinfo/geopolitical/resource/Niue,NIU,Niue,Niue,Nioué,Niue
http://aims.fao.org/aos/geopolitical.owl#Netherlands_the,http://www.fao.org/countryprofiles/geoinfo/geopolitical/resource/Netherlands_the,NLD,Netherlands,Netherlands,Pays-Bas,Países Bajos
http://aims.fao.org/aos/geopolitical.owl#Norway,http://www.fao.org/countryprofiles/geoinfo/geopolitical/resource/Norway,NOR,Norway,Norway,Norvege,Noruega
http://aims.fao.org/aos/geopolitical.owl#Nepal,http://www.fao.org/countryprofiles/geoinfo/geopolitical/resource/Nepal,NPL,Nepal,Nepal,Népal,Nepal
http://aims.fao.org/aos/geopolitical.owl#Nauru,http://www.fao.org/countryprofiles/geoinfo/geopolitical/resource/Nauru,NRU,Nauru,Nauru,Nauru,Nauru
http://aims.fao.org/aos/geopolitical.owl#New_Zealand,http://www.fao.org/countryprofiles/geoinfo/geopolitical/resource/New_Zealand,NZL,New Zealand,New Zealand,Nouvelle-Zélande,Nueva Zelandia
http://aims.fao.org/aos/geopolitical.owl#Oman,http://www.fao.org/countryprofiles/geoinfo/geopolitical/resource/Oman,OMN,Oman,Oman,Oman,Omán
http://aims.fao.org/aos/geopolitical.owl#Pakistan,http://www.fao.org/countryprofiles/geoinfo/geopolitical/resource/Pakistan,PAK,Pakistan,Pakistan,Pakistan,Pakistán
http://aims.fao.org/aos/geopolitical.owl#Panama,http://www.fao.org/countryprofiles/geoinfo/geopolitical/resource/Panama,PAN,Panama,Panama,Panama,Panamá
http://aims.fao.org/aos/geopolitical.owl#Peru,http://www.fao.org/countryprofiles/geoinfo/geopolitical/resource/Peru,PER,Peru,Peru,Pérou,Perú
http://aims.fao.org/aos/geopolitical.owl#Philippines__the,http://www.fao.org/countryprofiles/geoinfo/geopolitical/resource/Philippines__the,PHL,Philippines,Philippines,Philippines,Filipinas
http://aims.fao.org/aos/geopolitical.owl#Palau,http://www.fao.org/countryprofiles/geoinfo/geopolitical/resource/Palau,PLW,Palau,Palau,Palaos,Palau
http://aims.fao.org/aos/geopolitical.owl#Papua_New_Guinea,http://www.fao.org/countryprofiles/geoinfo/geopolitical/resource/Papua_New_Guinea,PNG,Papua New Guinea,Papua New Guinea,Papouasie-Nouvelle-Guinée,Papua Nueva Guinea
http://aims.fao.org/aos/geopolitical.owl#Poland,http://www.fao.org/countryprofiles/geoinfo/geopolitical/resource/Poland,POL,Poland,Poland,Pologne,Polonia
http://aims.fao.org/aos/geopolitical.owl#Democratic_People_s_Republic_of_Korea_the,http://www.fao.org/countryprofiles/geoinfo/geopolitical/resource/Democratic_People_s_Republic_of_Korea_the,PRK,Democratic People's Republic of Korea,Korea,République populaire démocratique de Corée,República Popular Democrática de Corea
http://aims.fao.org/aos/geopolitical.owl#Portugal,http://www.fao.org/countryprofiles/geoinfo/geopolitical/resource/Portugal,PRT,Portugal,Portugal,Portugal,Portugal
http://aims.fao.org/aos/geopolitical.owl#Paraguay,http://www.fao.org/countryprofiles/geoinfo/geopolitical/resource/Paraguay,PRY,Paraguay,Paraguay,Paraguay,Paraguay
http://aims.fao.org/aos/geopolitical.owl#Qatar,http://www.fao.org/countryprofiles/geoinfo/geopolitical/resource/Qatar,QAT,Qatar,Qatar,Qatar,Qatar
http://aims.fao.org/aos/geopolitical.owl#Romania,http://www.fao.org/countryprofiles/geoinfo/geopolitical/resource/Romania,ROU,Romania,Romania,Roumanie,Rumania
http://aims.fao.org/aos/geopolitical.owl#Russian_Federation__the,http://www.fao.org/countryprofiles/geoinfo/geopolitical/resource/Russian_Federation__the,RUS,Russian Federation,Russia,Fédération de Russie,Federación de Rusia
http://aims.fao.org/aos/geopolitical.owl#Rwanda,http://www.fao.org/countryprofiles/geoinfo/geopolitical/resource/Rwanda,RWA,Rwanda,Rwanda,Rwanda,Rwanda
http://aims.fao.org/aos/geopolitical.owl#Saudi_Arabia,http://www.fao.org/countryprofiles/geoinfo/geopolitical/resource/Saudi_Arabia,SAU,Saudi Arabia,Saudi Arabia,Arabie saoudite,Arabia Saudita
http://aims.fao.org/aos/geopolitical.owl#Sudan_the,http://www.fao.org/countryprofiles/geoinfo/geopolitical/resource/Sudan_the,SDN,Sudan,Sudan,Soudan,Sudán
http://aims.fao.org/aos/geopolitical.owl#Senegal,http://www.fao.org/countryprofiles/geoinfo/geopolitical/resource/Senegal,SEN,Senegal,Senegal,Sénégal,Senegal
http://aims.fao.org/aos/geopolitical.owl#Singapore,http://www.fao.org/countryprofiles/geoinfo/geopolitical/resource/Singapore,SGP,Singapore,Singapore,Singapore,Singapore
http://aims.fao.org/aos/geopolitical.owl#Solomon_Islands,http://www.fao.org/countryprofiles/geoinfo/geopolitical/resource/Solomon_Islands,SLB,Solomon Islands,Solomon Islands,Îles Salomon,Islas Salomón
http://aims.fao.org/aos/geopolitical.owl#Sierra_Leone,http://www.fao.org/countryprofiles/geoinfo/geopolitical/resource/Sierra_Leone,SLE,Sierra Leone,Sierra Leone,Sierra Leone,Sierra Leona
http://aims.fao.org/aos/geopolitical.owl#El_Salvador,http://www.fao.org/countryprofiles/geoinfo/geopolitical/resource/El_Salvador,SLV,El Salvador,El Salvador,El Salvador,El Salvador
http://aims.fao.org/aos/geopolitical.owl#San_Marino,http://www.fao.org/countryprofiles/geoinfo/geopolitical/resource/San_Marino,SMR,San Marino,San Marino,Saint-Marin,San Marino
http://aims.fao.org/aos/geopolitical.owl#Somalia,http://www.fao.org/countryprofiles/geoinfo/geopolitical/resource/Somalia,SOM,Somalia,Somalia,Somalie,Somalia
http://aims.fao.org/aos/geopolitical.owl#Serbia,http://www.fao.org/countryprofiles/geoinfo/geopolitical/resource/Serbia,SRB,Serbia,Serbia,Serbie,Serbia
http://aims.fao.org/aos/geopolitical.owl#South_Sudan,http://www.fao.org/countryprofiles/geoinfo/geopolitical/resource/South_Sudan,SSD,South Sudan,South Sudan,South Sudan,South Sudan
http://aims.fao.org/aos/geopolitical.owl#Sao_Tome_and_Principe,http://www.fao.org/countryprofiles/geoinfo/geopolitical/resource/Sao_Tome_and_Principe,STP,Sao Tome and Principe,Sao Tome and Principe,Sao Tomé-et-Principe,Santo Tomé y Príncipe
http://aims.fao.org/aos/geopolitical.owl#Suriname,http://www.fao.org/countryprofiles/geoinfo/geopolitical/resource/Suriname,SUR,Suriname,Suriname,Suriname,Suriname
http://aims.fao.org/aos/geopolitical.owl#Slovakia,http://www.fao.org/countryprofiles/geoinfo/geopolitical/resource/Slovakia,SVK,Slovakia,Slovakia,Slovaquie,Eslovaquia
http://aims.fao.org/aos/geopolitical.owl#Slovenia,http://www.fao.org/countryprofiles/geoinfo/geopolitical/resource/Slovenia,SVN,Slovenia,Slovenia,Slovénie,Eslovenia
http://aims.fao.org/aos/geopolitical.owl#Sweden,http://www.fao.org/countryprofiles/geoinfo/geopolitical/resource/Sweden,SWE,Sweden,Sweden,Suede,Suecia
http://aims.fao.org/aos/geopolitical.owl#Swaziland,http://www.fao.org/countryprofiles/geoinfo/geopolitical/resource/Swaziland,SWZ,Swaziland,Swaziland,Swaziland,Swazilandia
http://aims.fao.org/aos/geopolitical.owl#Seychelles,http://www.fao.org/countryprofiles/geoinfo/geopolitical/resource/Seychelles,SYC,Seychelles,Seychelles,Seychelles,Seychelles
http://aims.fao.org/aos/geopolitical.owl#Syrian_Arab_Republic_the,http://www.fao.org/countryprofiles/geoinfo/geopolitical/resource/Syrian_Arab_Republic_the,SYR,Syrian Arab Republic,Syrian Arab Republic,République arabe syrienne,República Árabe Siria
http://aims.fao.org/aos/geopolitical.owl#Chad,http://www.fao.org/countryprofiles/geoinfo/geopolitical/resource/Chad,TCD,Chad,Chad,Tchad,Chad
http://aims.fao.org/aos/geopolitical.owl#Togo,http://www.fao.org/countryprofiles/geoinfo/geopolitical/resource/Togo,TGO,Togo,Togo,Togo,Togo
http://aims.fao.org/aos/geopolitical.owl#Thailand,http://www.fao.org/countryprofiles/geoinfo/geopolitical/resource/Thailand,THA,Thailand,Thailand,Thaïlande,Tailandia
http://aims.fao.org/aos/geopolitical.owl#Tajikistan,http://www.fao.org/countryprofiles/geoinfo/geopolitical/resource/Tajikistan,TJK,Tajikistan,Tajikistan,Tadjikistan,Tayikistán
http://aims.fao.org/aos/geopolitical.owl#Tokelau,http://www.fao.org/countryprofiles/geoinfo/geopolitical/resource/Tokelau,TKL,Tokelau,Tokelau,Tokélaou,Tokelau
http://aims.fao.org/aos/geopolitical.owl#Turkmenistan,http://www.fao.org/countryprofiles/geoinfo/geopolitical/resource/Turkmenistan,TKM,Turkmenistan,Turkmenistan,Turkménistan,Turkmenistán
http://aims.fao.org/aos/geopolitical.owl#Timor-Leste,http://www.fao.org/countryprofiles/geoinfo/geopolitical/resource/Timor-Leste,TLS,Timor-Leste,Timor-Leste,Timor-Leste,Timor-Leste
http://aims.fao.org/aos/geopolitical.owl#Tonga,http://www.fao.org/countryprofiles/geoinfo/geopolitical/resource/Tonga,TON,Tonga,Tonga,Tonga,Tonga
http://aims.fao.org/aos/geopolitical.owl#Trinidad_and_Tobago,http://www.fao.org/countryprofiles/geoinfo/geopolitical/resource/Trinidad_and_Tobago,TTO,Trinidad and Tobago,Trinidad and Tobago,Trinité-et-Tobago,Trinidad y Tabago
http://aims.fao.org/aos/geopolitical.owl#Tunisia,http://www.fao.org/countryprofiles/geoinfo/geopolitical/resource/Tunisia,TUN,Tunisia,Tunisia,Tunisie,Túnez
http://aims.fao.org/aos/geopolitical.owl#Turkey,http://www.fao.org/countryprofiles/geoinfo/geopolitical/resource/Turkey,TUR,Turkey,Turkey,Turquie,Turquía
http://aims.fao.org/aos/geopolitical.owl#Tuvalu,http://www.fao.org/countryprofiles/geoinfo/geopolitical/resource/Tuvalu,TUV,Tuvalu,Tuvalu,Tuvalu,Tuvalu
http://aims.fao.org/aos/geopolitical.owl#United_Republic_of_Tanzania__the,http://www.fao.org/countryprofiles/geoinfo/geopolitical/resource/United_Republic_of_Tanzania__the,TZA,United Republic of Tanzania,United Republic of Tanzania,République-Unie de Tanzanie,República Unida de Tanzanía
http://aims.fao.org/aos/geopolitical.owl#Uganda,http://www.fao.org/countryprofiles/geoinfo/geopolitical/resource/Uganda,UGA,Uganda,Uganda,Ouganda,Uganda
http://aims.fao.org/aos/geopolitical.owl#Ukraine,http://www.fao.org/countryprofiles/geoinfo/geopolitical/resource/Ukraine,UKR,Ukraine,Ukraine,Ukraine,Ucrania
http://aims.fao.org/aos/geopolitical.owl#Uruguay,http://www.fao.org/countryprofiles/geoinfo/geopolitical/resource/Uruguay,URY,Uruguay,Uruguay,Uruguay,Uruguay
http://aims.fao.org/aos/geopolitical.owl#United_States_of_America,http://www.fao.org/countryprofiles/geoinfo/geopolitical/resource/United_States_of_America,USA,United States of America,United States of America,États-Unis d'Amérique,Estados Unidos de América
http://aims.fao.org/aos/geopolitical.owl#Uzbekistan,http://www.fao.org/countryprofiles/geoinfo/geopolitical/resource/Uzbekistan,UZB,Uzbekistan,Uzbekistan,Ouzbékistan,Uzbekistán
http://aims.fao.org/aos/geopolitical.owl#Holy_See,http://www.fao.org/countryprofiles/geoinfo/geopolitical/resource/Holy_See,VAT,Holy See,Holy See,Holy See,Holy See
http://aims.fao.org/aos/geopolitical.owl#Saint_Vincent_and_the_Grenadines,http://www.fao.org/countryprofiles/geoinfo/geopolitical/resource/Saint_Vincent_and_the_Grenadines,VCT,Saint Vincent and the Grenadines,Saint Vincent and the Grenadines,Saint-Vincent-et-les Grenadines,San Vicente y las Granadinas
http://aims.fao.org/aos/geopolitical.owl#Venezuela,http://www.fao.org/countryprofiles/geoinfo/geopolitical/resource/Venezuela,VEN,Venezuela (Bolivarian Republic of),Venezuela,Venezuela (République bolivarienne du),Venezuela (República Bolivariana de)
http://aims.fao.org/aos/geopolitical.owl#Viet_Nam,http://www.fao.org/countryprofiles/geoinfo/geopolitical/resource/Viet_Nam,VNM,Viet Nam,Viet Nam,Viet Nam,Viet Nam
http://aims.fao.org/aos/geopolitical.owl#Vanuatu,http://www.fao.org/countryprofiles/geoinfo/geopolitical/resource/Vanuatu,VUT,Vanuatu,Vanuatu,Vanuatu,Vanuatu
http://aims.fao.org/aos/geopolitical.owl#Samoa,http://www.fao.org/countryprofiles/geoinfo/geopolitical/resource/Samoa,WSM,Samoa,Samoa,Samoa,Samoa
http://aims.fao.org/aos/geopolitical.owl#Yemen,http://www.fao.org/countryprofiles/geoinfo/geopolitical/resource/Yemen,YEM,Yemen,Yemen,Yémen,Yemen
http://aims.fao.org/aos/geopolitical.owl#South_Africa,http://www.fao.org/countryprofiles/geoinfo/geopolitical/resource/South_Africa,ZAF,South Africa,South Africa,Afrique du Sud,Sudáfrica
http://aims.fao.org/aos/geopolitical.owl#Zambia,http://www.fao.org/countryprofiles/geoinfo/geopolitical/resource/Zambia,ZMB,Zambia,Zambia,Zambie,Zambia
http://aims.fao.org/aos/geopolitical.owl#Zimbabwe,http://www.fao.org/countryprofiles/geoinfo/geopolitical/resource/Zimbabwe,ZWE,Zimbabwe,Zimbabwe,Zimbabwe,Zimbabwe
