URI,URI new,ISO3,ListName,CommName,NameFR,NameES
,,,Afrique du Sud,Afrique du Sud,Afrique du Sud,Afrique du Sud
,,,Åland,Åland,Åland,Åland
,,,Aland Islands,Aland Islands,Aland Islands,Aland Islands
,,,Alemania,Alemania,Alemania,Alemania
,,,Algérie,Algérie,Algérie,Algérie
,,,Allemagne,Allemagne,Allemagne,Allemagne
,,,Andorre,Andorre,Andorre,Andorre
,,,Anguilla,Anguilla,Anguilla,Anguilla
,,,Antarctica,Antarctica,Antarctica,Antarctica
,,,Antarctique,Antarctique,Antarctique,Antarctique
,,,Antártida,Antártida,Antártida,Antártida
,,,Arabia Saudita,Arabia Saudita,Arabia Saudita,Arabia Saudita
,,,Arabie saoudite,Arabie saoudite,Arabie saoudite,Arabie saoudite
,,,Argelia,Argelia,Argelia,Argelia
,,,Aruba,Aruba,Aruba,Aruba
,,,Ashmore and Cartier Islands,Ashmore and Cartier Islands,Ashmore and Cartier Islands,Ashmore and Cartier Islands
,,,Australie,Australie,Australie,Australie
,,,Autriche,Autriche,Autriche,Autriche
,,,Azerbaïdjan,Azerbaïdjan,Azerbaïdjan,Azerbaïdjan
,,,Azerbaiyán,Azerbaiyán,Azerbaiyán,Azerbaiyán
,,,Bahrein,Bahrein,Bahrein,Bahrein
,,,Barbade,Barbade,Barbade,Barbade
,,,Bélgica,Bélgica,Bélgica,Bélgica
,,,Belgique,Belgique,Belgique,Belgique
,,,Belice,Belice,Belice,Belice
,,,Bermuda,Bermuda,Bermuda,Bermuda
,,,Bermudas,Bermudas,Bermudas,Bermudas
,,,Bermudes,Bermudes,Bermudes,Bermudes
,,,Bhoutan,Bhoutan,Bhoutan,Bhoutan
,,,Bolivie,Bolivie,Bolivie,Bolivie
,,,"Bonaire, Sint Eustatius and Saba","Bonaire, Sint Eustatius and Saba","Bonaire, Sint Eustatius and Saba","Bonaire, Sint Eustatius and Saba"
,,,"Bonaire, Sint Eustatius et Saba","Bonaire, Sint Eustatius et Saba","Bonaire, Sint Eustatius et Saba","Bonaire, Sint Eustatius et Saba"
,,,"Bonaire, Sint Eustatius y Saba","Bonaire, Sint Eustatius y Saba","Bonaire, Sint Eustatius y Saba","Bonaire, Sint Eustatius y Saba"
,,,Bosnia y Herzegovina,Bosnia y Herzegovina,Bosnia y Herzegovina,Bosnia y Herzegovina
,,,Bosnie-Herzégovine,Bosnie-Herzégovine,Bosnie-Herzégovine,Bosnie-Herzégovine
,,,Brasil,Brasil,Brasil,Brasil
,,,Brésil,Brésil,Brésil,Brésil
,,,British Indian Ocean Territory,British Indian Ocean Territory,British Indian Ocean Territory,British Indian Ocean Territory
,,,British Virgin Islands,British Virgin Islands,British Virgin Islands,British Virgin Islands
,,,Bulgarie,Bulgarie,Bulgarie,Bulgarie
,,,Cabo Verde,Cabo Verde,Cabo Verde,Cabo Verde
,,,Cambodge,Cambodge,Cambodge,Cambodge
,,,Camboya,Camboya,Camboya,Camboya
,,,Cameroun,Cameroun,Cameroun,Cameroun
,,,Camerún,Camerún,Camerún,Camerún
,,,Cap-Vert,Cap-Vert,Cap-Vert,Cap-Vert
,,,Cayman Islands,Cayman Islands,Cayman Islands,Cayman Islands
,,,Chili,Chili,Chili,Chili
,,,Chine,Chine,Chine,Chine
,,,Chipre,Chipre,Chipre,Chipre
,,,Chypre,Chypre,Chypre,Chypre
,,,Chypre du Nord,Chypre du Nord,Chypre du Nord,Chypre du Nord
,,,Colombie,Colombie,Colombie,Colombie
,,,Comoras,Comoras,Comoras,Comoras
,,,Comores,Comores,Comores,Comores
,,,Corea,Corea,Corea,Corea
,,,Corée,Corée,Corée,Corée
,,,Croacia,Croacia,Croacia,Croacia
,,,Croatie,Croatie,Croatie,Croatie
,,,Curaçao,Curaçao,Curaçao,Curaçao
,,,Curaþao,Curaþao,Curaþao,Curaþao
,,,Danemark,Danemark,Danemark,Danemark
,,,Dinamarca,Dinamarca,Dinamarca,Dinamarca
,,,Dominique,Dominique,Dominique,Dominique
,,,Egipto,Egipto,Egipto,Egipto
,,,Égypte,Égypte,Égypte,Égypte
,,,el Iraq,el Iraq,el Iraq,el Iraq
,,,el Yemen,el Yemen,el Yemen,el Yemen
,,,Équateur,Équateur,Équateur,Équateur
,,,Érythrée,Érythrée,Érythrée,Érythrée
,,,Eslovaquia,Eslovaquia,Eslovaquia,Eslovaquia
,,,Eslovenia,Eslovenia,Eslovenia,Eslovenia
,,,Espagne,Espagne,Espagne,Espagne
,,,España,España,España,España
,,,Estados Unidos de América,Estados Unidos de América,Estados Unidos de América,Estados Unidos de América
,,,Estonie,Estonie,Estonie,Estonie
,,,États-Unis d'Amérique,États-Unis d'Amérique,États-Unis d'Amérique,États-Unis d'Amérique
,,,Éthiopie,Éthiopie,Éthiopie,Éthiopie
,,,Etiopía,Etiopía,Etiopía,Etiopía
,,,Falkland Islands,Falkland Islands,Falkland Islands,Falkland Islands
,,,Fédération de Russie,Fédération de Russie,Fédération de Russie,Fédération de Russie
,,,Fidji,Fidji,Fidji,Fidji
,,,Filipinas,Filipinas,Filipinas,Filipinas
,,,Finlande,Finlande,Finlande,Finlande
,,,Finlandia,Finlandia,Finlandia,Finlandia
,,,Francia,Francia,Francia,Francia
,,,French Guiana,French Guiana,French Guiana,French Guiana
,,,French Polynesia,French Polynesia,French Polynesia,French Polynesia
,,,French Southern and Antarctic Lands,French Southern and Antarctic Lands,French Southern and Antarctic Lands,French Southern and Antarctic Lands
,,,Gambie,Gambie,Gambie,Gambie
,,,Géorgie,Géorgie,Géorgie,Géorgie
,,,Géorgie du Sud-et-les Îles Sandwich du Sud,Géorgie du Sud-et-les Îles Sandwich du Sud,Géorgie du Sud-et-les Îles Sandwich du Sud,Géorgie du Sud-et-les Îles Sandwich du Sud
,,,Gibraltar,Gibraltar,Gibraltar,Gibraltar
,,,Glaciar de Siachen,Glaciar de Siachen,Glaciar de Siachen,Glaciar de Siachen
,,,Glacier de Siachen,Glacier de Siachen,Glacier de Siachen,Glacier de Siachen
,,,Granada,Granada,Granada,Granada
,,,Grèce,Grèce,Grèce,Grèce
,,,Grecia,Grecia,Grecia,Grecia
,,,Greenland,Greenland,Greenland,Greenland
,,,Grenade,Grenade,Grenade,Grenade
,,,Groenland,Groenland,Groenland,Groenland
,,,Groenlandia,Groenlandia,Groenlandia,Groenlandia
,,,Guadalupe,Guadalupe,Guadalupe,Guadalupe
,,,Guadeloupe,Guadeloupe,Guadeloupe,Guadeloupe
,,,Guam,Guam,Guam,Guam
,,,Guayana francesa,Guayana francesa,Guayana francesa,Guayana francesa
,,,Guernesey,Guernesey,Guernesey,Guernesey
,,,Guernsey,Guernsey,Guernsey,Guernsey
,,,Guinea Ecuatorial,Guinea Ecuatorial,Guinea Ecuatorial,Guinea Ecuatorial
,,,Guinée,Guinée,Guinée,Guinée
,,,Guinée équatoriale,Guinée équatoriale,Guinée équatoriale,Guinée équatoriale
,,,Guinée-Bissau,Guinée-Bissau,Guinée-Bissau,Guinée-Bissau
,,,Guyane française,Guyane française,Guyane française,Guyane française
,,,Heard Island and McDonald Islands,Heard Island and McDonald Islands,Heard Island and McDonald Islands,Heard Island and McDonald Islands
,,,Hong Kong,Hong Kong,Hong Kong,Hong Kong
,,,Hong Kong S.A.R.,Hong Kong S.A.R.,Hong Kong S.A.R.,Hong Kong S.A.R.
,,,Hongrie,Hongrie,Hongrie,Hongrie
,,,Hungría,Hungría,Hungría,Hungría
,,,Île de Man,Île de Man,Île de Man,Île de Man
,,,Île Norfolk,Île Norfolk,Île Norfolk,Île Norfolk
,,,Îles Ashmore-et-Cartier,Îles Ashmore-et-Cartier,Îles Ashmore-et-Cartier,Îles Ashmore-et-Cartier
,,,Îles Caïmanes,Îles Caïmanes,Îles Caïmanes,Îles Caïmanes
,,,Îles Cook,Îles Cook,Îles Cook,Îles Cook
,,,Îles Féroé,Îles Féroé,Îles Féroé,Îles Féroé
,,,Îles Heard-et-MacDonald,Îles Heard-et-MacDonald,Îles Heard-et-MacDonald,Îles Heard-et-MacDonald
,,,Îles Malvinas,Îles Malvinas,Îles Malvinas,Îles Malvinas
,,,Îles Mariannes du Nord,Îles Mariannes du Nord,Îles Mariannes du Nord,Îles Mariannes du Nord
,,,Îles Marshall,Îles Marshall,Îles Marshall,Îles Marshall
,,,Îles Pitcairn,Îles Pitcairn,Îles Pitcairn,Îles Pitcairn
,,,Îles Salomon,Îles Salomon,Îles Salomon,Îles Salomon
,,,Îles Turques et Caïques,Îles Turques et Caïques,Îles Turques et Caïques,Îles Turques et Caïques
,,,Îles Vierges britanniques,Îles Vierges britanniques,Îles Vierges britanniques,Îles Vierges britanniques
,,,Îles Vierges des États-Unis,Îles Vierges des États-Unis,Îles Vierges des États-Unis,Îles Vierges des États-Unis
,,,Îles Wallis et Futuna,Îles Wallis et Futuna,Îles Wallis et Futuna,Îles Wallis et Futuna
,,,Inde,Inde,Inde,Inde
,,,Indian Ocean Territories,Indian Ocean Territories,Indian Ocean Territories,Indian Ocean Territories
,,,Indonésie,Indonésie,Indonésie,Indonésie
,,,Irlanda,Irlanda,Irlanda,Irlanda
,,,Irlande,Irlande,Irlande,Irlande
,,,Isla de Man,Isla de Man,Isla de Man,Isla de Man
,,,Isla Norfolk,Isla Norfolk,Isla Norfolk,Isla Norfolk
,,,Islande,Islande,Islande,Islande
,,,Islandia,Islandia,Islandia,Islandia
,,,Islas Ashmore y Cartier,Islas Ashmore y Cartier,Islas Ashmore y Cartier,Islas Ashmore y Cartier
,,,Islas Caimán,Islas Caimán,Islas Caimán,Islas Caimán
,,,Islas Cook,Islas Cook,Islas Cook,Islas Cook
,,,Islas de Åland,Islas de Åland,Islas de Åland,Islas de Åland
,,,Islas Feroe,Islas Feroe,Islas Feroe,Islas Feroe
,,,Islas Georgias del Sur y Sandwich del Sur,Islas Georgias del Sur y Sandwich del Sur,Islas Georgias del Sur y Sandwich del Sur,Islas Georgias del Sur y Sandwich del Sur
,,,Islas Heard y McDonald,Islas Heard y McDonald,Islas Heard y McDonald,Islas Heard y McDonald
,,,Islas Malvinas,Islas Malvinas,Islas Malvinas,Islas Malvinas
,,,Islas Marianas del Norte,Islas Marianas del Norte,Islas Marianas del Norte,Islas Marianas del Norte
,,,Islas Marshall,Islas Marshall,Islas Marshall,Islas Marshall
,,,Islas Pitcairn,Islas Pitcairn,Islas Pitcairn,Islas Pitcairn
,,,Islas Salomón,Islas Salomón,Islas Salomón,Islas Salomón
,,,Islas Turcas y Caicos,Islas Turcas y Caicos,Islas Turcas y Caicos,Islas Turcas y Caicos
,,,Islas Vírgenes,Islas Vírgenes,Islas Vírgenes,Islas Vírgenes
,,,Islas Vírgenes de los Estados Unidos,Islas Vírgenes de los Estados Unidos,Islas Vírgenes de los Estados Unidos,Islas Vírgenes de los Estados Unidos
,,,Islas Wallis y Futuna,Islas Wallis y Futuna,Islas Wallis y Futuna,Islas Wallis y Futuna
,,,Isle of Man,Isle of Man,Isle of Man,Isle of Man
,,,Italia,Italia,Italia,Italia
,,,Italie,Italie,Italie,Italie
,,,Jamaïque,Jamaïque,Jamaïque,Jamaïque
,,,Japón,Japón,Japón,Japón
,,,Jersey,Jersey,Jersey,Jersey
,,,Jordania,Jordania,Jordania,Jordania
,,,Jordanie,Jordanie,Jordanie,Jordanie
,,,Kazajstán,Kazajstán,Kazajstán,Kazajstán
,,,Kirghizistan,Kirghizistan,Kirghizistan,Kirghizistan
,,,Kirguistán,Kirguistán,Kirguistán,Kirguistán
,,,Kosovo,Kosovo,Kosovo,Kosovo
,,,Koweït,Koweït,Koweït,Koweït
,,,Letonia,Letonia,Letonia,Letonia
,,,Lettonie,Lettonie,Lettonie,Lettonie
,,,Liban,Liban,Liban,Liban
,,,Líbano,Líbano,Líbano,Líbano
,,,Libia,Libia,Libia,Libia
,,,Libye,Libye,Libye,Libye
,,,Lituania,Lituania,Lituania,Lituania
,,,Lituanie,Lituanie,Lituanie,Lituanie
,,,Luxemburgo,Luxemburgo,Luxemburgo,Luxemburgo
,,,Macao,Macao,Macao,Macao
,,,Macao S.A.R,Macao S.A.R,Macao S.A.R,Macao S.A.R
,,,Macédoine,Macédoine,Macédoine,Macédoine
,,,MadeUpCountry,MadeUpCountry,MadeUpCountry,MadeUpCountry
,,,Malaisie,Malaisie,Malaisie,Malaisie
,,,Malasia,Malasia,Malasia,Malasia
,,,Maldivas,Maldivas,Maldivas,Maldivas
,,,Malte,Malte,Malte,Malte
,,,Maroc,Maroc,Maroc,Maroc
,,,Marruecos,Marruecos,Marruecos,Marruecos
,,,Martinica,Martinica,Martinica,Martinica
,,,Martinique,Martinique,Martinique,Martinique
,,,Maurice,Maurice,Maurice,Maurice
,,,Mauricio,Mauricio,Mauricio,Mauricio
,,,Mauritanie,Mauritanie,Mauritanie,Mauritanie
,,,Mexique,Mexique,Mexique,Mexique
,,,Micronésie,Micronésie,Micronésie,Micronésie
,,,Mongolie,Mongolie,Mongolie,Mongolie
,,,Montserrat,Montserrat,Montserrat,Montserrat
,,,Namibie,Namibie,Namibie,Namibie
,,,New Caledonia,New Caledonia,New Caledonia,New Caledonia
,,,Nioué,Nioué,Nioué,Nioué
,,,Norfolk Island,Norfolk Island,Norfolk Island,Norfolk Island
,,,Northern Cyprus,Northern Cyprus,Northern Cyprus,Northern Cyprus
,,,Northern Mariana Islands,Northern Mariana Islands,Northern Mariana Islands,Northern Mariana Islands
,,,Noruega,Noruega,Noruega,Noruega
,,,Norvège,Norvège,Norvège,Norvège
,,,Nouvelle-Calédonie,Nouvelle-Calédonie,Nouvelle-Calédonie,Nouvelle-Calédonie
,,,Nouvelle-Zélande,Nouvelle-Zélande,Nouvelle-Zélande,Nouvelle-Zélande
,,,Nueva Caledonia,Nueva Caledonia,Nueva Caledonia,Nueva Caledonia
,,,Nueva Zelandia,Nueva Zelandia,Nueva Zelandia,Nueva Zelandia
,,,Ouganda,Ouganda,Ouganda,Ouganda
,,,Ouzbékistan,Ouzbékistan,Ouzbékistan,Ouzbékistan
,,,Países Bajos,Países Bajos,Países Bajos,Países Bajos
,,,Palaos,Palaos,Palaos,Palaos
,,,Palestina,Palestina,Palestina,Palestina
,,,Palestine,Palestine,Palestine,Palestine
,,,Papouasie-Nouvelle-Guinée,Papouasie-Nouvelle-Guinée,Papouasie-Nouvelle-Guinée,Papouasie-Nouvelle-Guinée
,,,Papua Nueva Guinea,Papua Nueva Guinea,Papua Nueva Guinea,Papua Nueva Guinea
,,,Pays-Bas,Pays-Bas,Pays-Bas,Pays-Bas
,,,Pérou,Pérou,Pérou,Pérou
,,,Pitcairn Islands,Pitcairn Islands,Pitcairn Islands,Pitcairn Islands
,,,Polinesia Francesa,Polinesia Francesa,Polinesia Francesa,Polinesia Francesa
,,,Pologne,Pologne,Pologne,Pologne
,,,Polonia,Polonia,Polonia,Polonia
,,,Polynésie française,Polynésie française,Polynésie française,Polynésie française
,,,Porto Rico,Porto Rico,Porto Rico,Porto Rico
,,,Puerto Rico,Puerto Rico,Puerto Rico,Puerto Rico
,,,Reino Unido,Reino Unido,Reino Unido,Reino Unido
,,,República Centroafricana,República Centroafricana,República Centroafricana,República Centroafricana
,,,República Checa,República Checa,República Checa,República Checa
,,,República de Corea,República de Corea,República de Corea,República de Corea
,,,República Democrática del Congo,República Democrática del Congo,República Democrática del Congo,República Democrática del Congo
,,,República Dominicana,República Dominicana,República Dominicana,República Dominicana
,,,República Turca del Norte de Chipre,República Turca del Norte de Chipre,República Turca del Norte de Chipre,República Turca del Norte de Chipre
,,,République arabe syrienne,République arabe syrienne,République arabe syrienne,République arabe syrienne
,,,République centrafricaine,République centrafricaine,République centrafricaine,République centrafricaine
,,,République de Corée,République de Corée,République de Corée,République de Corée
,,,République démocratique du Congo,République démocratique du Congo,République démocratique du Congo,République démocratique du Congo
,,,République dominicaine,République dominicaine,République dominicaine,République dominicaine
,,,République tchèque,République tchèque,République tchèque,République tchèque
,,,République-Unie de Tanzanie,République-Unie de Tanzanie,République-Unie de Tanzanie,République-Unie de Tanzanie
,,,Reunión,Reunión,Reunión,Reunión
,,,Roumanie,Roumanie,Roumanie,Roumanie
,,,Royaume-Uni,Royaume-Uni,Royaume-Uni,Royaume-Uni
,,,Rumania,Rumania,Rumania,Rumania
,,,Rusia,Rusia,Rusia,Rusia
,,,Sahara Occidental,Sahara Occidental,Sahara Occidental,Sahara Occidental
,,,Saint Barthélemy,Saint Barthélemy,Saint Barthélemy,Saint Barthélemy
,,,"Saint Helena, Ascension and Tristan da Cunha","Saint Helena, Ascension and Tristan da Cunha","Saint Helena, Ascension and Tristan da Cunha","Saint Helena, Ascension and Tristan da Cunha"
,,,Saint Kitts y Nevis,Saint Kitts y Nevis,Saint Kitts y Nevis,Saint Kitts y Nevis
,,,Saint Pierre and Miquelon,Saint Pierre and Miquelon,Saint Pierre and Miquelon,Saint Pierre and Miquelon
,,,Saint-Barthélemy,Saint-Barthélemy,Saint-Barthélemy,Saint-Barthélemy
,,,Saint-Kitts-et-Nevis,Saint-Kitts-et-Nevis,Saint-Kitts-et-Nevis,Saint-Kitts-et-Nevis
,,,Saint-Marin,Saint-Marin,Saint-Marin,Saint-Marin
,,,Saint-Martin,Saint-Martin,Saint-Martin,Saint-Martin
,,,Saint-Pierre y Miquelon,Saint-Pierre y Miquelon,Saint-Pierre y Miquelon,Saint-Pierre y Miquelon
,,,Saint-Pierre-et-Miquelon,Saint-Pierre-et-Miquelon,Saint-Pierre-et-Miquelon,Saint-Pierre-et-Miquelon
,,,Saint-Siège,Saint-Siège,Saint-Siège,Saint-Siège
,,,Saint-Vincent-et-les Grenadines,Saint-Vincent-et-les Grenadines,Saint-Vincent-et-les Grenadines,Saint-Vincent-et-les Grenadines
,,,"Sainte-Hélène, Ascension et Tristan de Cunha","Sainte-Hélène, Ascension et Tristan de Cunha","Sainte-Hélène, Ascension et Tristan de Cunha","Sainte-Hélène, Ascension et Tristan de Cunha"
,,,Sainte-Lucie,Sainte-Lucie,Sainte-Lucie,Sainte-Lucie
,,,San Bartolomé,San Bartolomé,San Bartolomé,San Bartolomé
,,,San Vicente y las Granadinas,San Vicente y las Granadinas,San Vicente y las Granadinas,San Vicente y las Granadinas
,,,"Santa Elena, Ascension y Tristan da Cunha","Santa Elena, Ascension y Tristan da Cunha","Santa Elena, Ascension y Tristan da Cunha","Santa Elena, Ascension y Tristan da Cunha"
,,,Santa Lucía,Santa Lucía,Santa Lucía,Santa Lucía
,,,Santa Sede,Santa Sede,Santa Sede,Santa Sede
,,,Santo Tomé y Príncipe,Santo Tomé y Príncipe,Santo Tomé y Príncipe,Santo Tomé y Príncipe
,,,Sao Tomé-et-Principe,Sao Tomé-et-Principe,Sao Tomé-et-Principe,Sao Tomé-et-Principe
,,,Serbie,Serbie,Serbie,Serbie
,,,Siachen Glacier,Siachen Glacier,Siachen Glacier,Siachen Glacier
,,,Sierra Leona,Sierra Leona,Sierra Leona,Sierra Leona
,,,Singapour,Singapour,Singapour,Singapour
,,,Singapur,Singapur,Singapur,Singapur
,,,Sint Maarten,Sint Maarten,Sint Maarten,Sint Maarten
,,,Siria,Siria,Siria,Siria
,,,Slovaquie,Slovaquie,Slovaquie,Slovaquie
,,,Slovénie,Slovénie,Slovénie,Slovénie
,,,Somalie,Somalie,Somalie,Somalie
,,,Somaliland,Somaliland,Somaliland,Somaliland
,,,Somalilandia,Somalilandia,Somalilandia,Somalilandia
,,,Soudan,Soudan,Soudan,Soudan
,,,Soudan du Sud,Soudan du Sud,Soudan du Sud,Soudan du Sud
,,,South Georgia and South Sandwich Islands,South Georgia and South Sandwich Islands,South Georgia and South Sandwich Islands,South Georgia and South Sandwich Islands
,,,Sudáfrica,Sudáfrica,Sudáfrica,Sudáfrica
,,,Sudán del Sur,Sudán del Sur,Sudán del Sur,Sudán del Sur
,,,Suecia,Suecia,Suecia,Suecia
,,,Suède,Suède,Suède,Suède
,,,Suisse,Suisse,Suisse,Suisse
,,,Suiza,Suiza,Suiza,Suiza
,,,Swazilandia,Swazilandia,Swazilandia,Swazilandia
,,,Tadjikistan,Tadjikistan,Tadjikistan,Tadjikistan
,,,Tailandia,Tailandia,Tailandia,Tailandia
,,,Tanzanía,Tanzanía,Tanzanía,Tanzanía
,,,Tayikistán,Tayikistán,Tayikistán,Tayikistán
,,,Tchad,Tchad,Tchad,Tchad
,,,Terres australes et antarctiques françaises,Terres australes et antarctiques françaises,Terres australes et antarctiques françaises,Terres australes et antarctiques françaises
,,,Territoire britannique de l'océan Indien,Territoire britannique de l'océan Indien,Territoire britannique de l'océan Indien,Territoire britannique de l'océan Indien
,,,Territoire de l'océan Indien,Territoire de l'océan Indien,Territoire de l'océan Indien,Territoire de l'océan Indien
,,,Territorio Británico del Océano Índico,Territorio Británico del Océano Índico,Territorio Británico del Océano Índico,Territorio Británico del Océano Índico
,,,Territorio del Océano Índico,Territorio del Océano Índico,Territorio del Océano Índico,Territorio del Océano Índico
,,,Thaïlande,Thaïlande,Thaïlande,Thaïlande
,,,Tierras Australes y Antárticas Francesas,Tierras Australes y Antárticas Francesas,Tierras Australes y Antárticas Francesas,Tierras Australes y Antárticas Francesas
,,,Tokélaou,Tokélaou,Tokélaou,Tokélaou
,,,Trinidad y Tabago,Trinidad y Tabago,Trinidad y Tabago,Trinidad y Tabago
,,,Trinité-et-Tobago,Trinité-et-Tobago,Trinité-et-Tobago,Trinité-et-Tobago
,,,Túnez,Túnez,Túnez,Túnez
,,,Tunisie,Tunisie,Tunisie,Tunisie
,,,Turks and Caicos Islands,Turks and Caicos Islands,Turks and Caicos Islands,Turks and Caicos Islands
,,,Turquía,Turquía,Turquía,Turquía
,,,Turquie,Turquie,Turquie,Turquie
,,,Ucrania,Ucrania,Ucrania,Ucrania
,,,United States Virgin Islands,United States Virgin Islands,United States Virgin Islands,United States Virgin Islands
,,,Wallis and Futuna Islands,Wallis and Futuna Islands,Wallis and Futuna Islands,Wallis and Futuna Islands
,,,Western Sahara,Western Sahara,Western Sahara,Western Sahara
,,,Zambie,Zambie,Zambie,Zambie
