Term added,French term,Spanish term,URI
Advocacy,Advocacy,Advocacy,
Agriculture,Agriculture,Agriculture,
Agrofuel,Agrofuel,Agrofuel,
Capacity building,Capacity building,Capacity building,
Climate change,Climate change,Climate change,
Common property,Common property,Common property,
Community,Community,Community,
Conflict,Conflict,Conflict,
Desertification,Desertification,Desertification,
Environment,Environment,Environment,
Extractive Industries,Extractive Industries,Extractive Industries,
Farmers,Farmers,Farmers,
Fisheries,Fisheries,Fisheries,
Food Security,Food Security,Food Security,
Forestry,Forestry,Forestry,
Gender,Gender,Gender,
Governance,Governance,Governance,
Indigenous Peoples,Indigenous Peoples,Indigenous Peoples,
Land Rights,Land Rights,Land Rights,
Natural Resource Management,Natural Resource Management,Natural Resource Management,
Pastoralists,Pastoralists,Pastoralists,
Policies and Laws,Policies and Laws,Policies and Laws,
Property Regulation,Property Regulation,Property Regulation,
Research,Research,Research,
Rural Development,Rural Development,Rural Development,
Territories,Territories,Territories,
Trade,Trade,Trade,
Women,Women,Women,