NID,Country,GHI 2012
2973,Afghanistan,
2974,Albania,<5
2975,Algeria,<5
2977,Angola,24.1
2978,Argentina,<5
2979,Armenia,9.2
2982,Azerbaijan,5.0
2984,Bahrain,
2985,Bangladesh,24.0
2987,Belarus,<5
2990,Benin,14.6
3136,Bhutan,
2991,Bolivia,12.3
2992,Bosnia and Herzegovina,<5
2993,Botswana,13.7
2994,Brazil,<5
2996,Bulgaria,<5
2997,Burkina Faso,17.2
2998,Burundi,37.1
2999,Cambodia,19.6
3000,Cameroon,17.4
3002,Central African Republic,27.3
3003,Chad,28.3
3004,Chile,<5
3005,China,5.1
3006,Colombia,<5
3007,Comoros,25.8
3009,"Congo, Dem. Rep.",
3008,"Congo, Rep.",11.4
3010,Costa Rica,<5
3012,Croatia,<5
3137,Cuba,<5
3011,Côte d'Ivoire,18.2
3016,Djibouti,21.7
3017,Dominican Republic,10.0
3018,Ecuador,7.5
3019,Egypt,<5
3020,El Salvador,5.7
3138,Eritrea,34.4
3022,Estonia,<5
3023,Ethiopia,28.7
3139,Fiji,<5
3026,Gabon,5.4
3027,Gambia,15.6
3028,Georgia,<5
3140,Ghana,8.9
3031,Guatemala,12.7
3032,Guinea,16.6
3033,Guinea-Bissau,18.4
3034,Guyana,7.2
3035,Haiti,30.8
3036,Honduras,7.7
3142,India,22.9
3040,Indonesia,12.0
3041,Iran,<5
3143,Iraq,
3045,Jamaica,<5
3144,Jordan,<5
3047,Kazakhstan,<5
3048,Kenya,19.3
3050,Kuwait,<5
3052,Laos,19.7
3053,Latvia,<5
3145,Lebanon,<5
3054,Lesotho,11.9
3055,Liberia,18.9
3056,Libyan Arab Jamahiriya,<5
3058,Lithuania,<5
3116,Macedonia\, FYR,<5
3060,Madagascar,22.5
3061,Malawi,16.7
3062,Malaysia,5.2
3064,Mali,16.2
3066,Mauritania,11.1
3067,Mauritius,5.4
3068,Mexico,<5
3146,Moldova,<5
3071,Mongolia,11.7
3072,Montenegro,<5
3073,Morocco,<5
3074,Mozambique,23.3
3075,Myanmar,
3076,Namibia,13.2
3077,Nepal,20.3
3080,Nicaragua,9.1
3081,Niger,22.3
3082,Nigeria,15.7
3147,North Korea,19.0
3148,Oman,
3149,Pakistan,19.7
3150,Panama,7.0
3085,Papua New Guinea,
3086,Paraguay,5.3
3087,Peru,7.4
3088,Philippines,12.2
3091,Qatar,
3092,Romania,<5
3093,Russian Federation,<5
3094,Rwanda,19.7
3096,Saudi Arabia,<5
3097,Senegal,13.7
3098,Serbia,<5
3099,Sierra Leone,24.7
3101,Slovakia,<5
3151,Somalia,
3104,South Africa,5.8
3106,Sri Lanka,14.4
3107,Sudan,21.5
3108,Suriname,8.5
3109,Swaziland,10.9
3112,Syrian Arab Republic,<5
3113,Tajikistan,15.8
3114,Tanzania,19.3
3115,Thailand,8.1
3117,Timor-Leste,27.3
3118,Togo,19.0
3120,Trinidad and Tobago,5.3
3121,Tunisia,<5
3122,Turkey,<5
3123,Turkmenistan,6.9
3124,Uganda,16.1
3125,Ukraine,<5
3129,Uruguay,<5
3130,Uzbekistan,6.9
3131,Venezuela,<5
3132,Vietnam,11.2
3133,Yemen,24.3
3134,Zambia,23.3
3135,Zimbabwe,17.3
