Term added,French term,Spanish term,URI
land access,accès à la terre,acceso a la tierra,http://aims.fao.org/aos/agrovoc/c_9000090
agricultural landscape,Paysage agricole,Paisaje agrícola,http://aims.fao.org/aos/agrovoc/c_37277
agrarian law,Droit agricole et rural,Legislación agraria,http://aims.fao.org/aos/agrovoc/c_28633
land policies,Politique foncière,olítica agraria,http://aims.fao.org/aos/agrovoc/c_195
agrarian reform,Réforme agraire,Reforma agraria,http://aims.fao.org/aos/agrovoc/c_196
agrarian structure,Structure agraire,Estructura agraria,http://aims.fao.org/aos/agrovoc/c_7193
agroforestry systems,,,http://aims.fao.org/aos/agrovoc/c_330982
animal husbandry,Élevage,Ganadería,http://aims.fao.org/aos/agrovoc/c_8532
aquaculture,Aquaculture,Acuicultura,http://aims.fao.org/aos/agrovoc/c_550
area,,,http://aims.fao.org/aos/agrovoc/c_330588
assessment,,,http://aims.fao.org/aos/agrovoc/c_330990
cadastres,Cadastre,Catastros,http://aims.fao.org/aos/agrovoc/c_1177
Coastal area,Zone côtière,Area costera,http://aims.fao.org/aos/agrovoc/c_9000021
collective ownership,Propriété collective,Propiedad colectiva,http://aims.fao.org/aos/agrovoc/c_29157
common law,Droit commun,Derecho común,http://aims.fao.org/aos/agrovoc/c_1783
grazing,Pâturage,Pastoreo,http://aims.fao.org/aos/agrovoc/c_25243
grazing lands,Terre de pâturage,Tierras de pastoreo,http://aims.fao.org/aos/agrovoc/c_3369
community forestry,foresterie communautaire,silvicultura comunitaria,http://aims.fao.org/aos/agrovoc/c_16532
compensation,Indemnisation,Indemnización,http://aims.fao.org/aos/agrovoc/c_1791
expropriation,Expropriation,Expropiación,ttp://aims.fao.org/aos/agrovoc/c_1798
contract farming,Agriculture contractuelle,Agricultura contractual,http://aims.fao.org/aos/agrovoc/c_1839
customary law,Droit coutumier,Derecho consuetudinario,http://aims.fao.org/aos/agrovoc/c_10222
decentraliztion,Décentralisation,Descentralización,http://aims.fao.org/aos/agrovoc/c_2143
development,,,http://aims.fao.org/aos/agrovoc/c_331049
development agencies,Agence de développement,Agencias de desarrollo,http://aims.fao.org/aos/agrovoc/c_2224
extensive land use,Utilisation extensive des terres,Utilización extensiva de la tierra,http://aims.fao.org/aos/agrovoc/c_36552
intensive land use,Utilisation intensive des terres,Utilización intensiva de la tierra,http://aims.fao.org/aos/agrovoc/c_36551
farmers organizations,Organisation paysanne,Organizaciones de agricultores,http://aims.fao.org/aos/agrovoc/c_37175
farmers associations,Association d'agriculteurs,Asociaciones de agricultores,http://aims.fao.org/aos/agrovoc/c_2806
forest conservation,conservation des forêts,conservación de montes,http://aims.fao.org/aos/agrovoc/c_1374158672853
forest management plans,plan d'aménagement forestier,planes de ordenación forestal,http://aims.fao.org/aos/agrovoc/c_1374070277659
forest monitoring and assessment,évaluation des ressources forestières,evaluación de los recursos forestales,http://aims.fao.org/aos/agrovoc/c_1374155312641
forest grazing,Pâturage en forêt,Pastoreo en el bosque,http://aims.fao.org/aos/agrovoc/c_3046
forest regulations,Réglementation forestière,Reglamentación forestal,http://aims.fao.org/aos/agrovoc/c_28079
geomatics,géomatique,geomática,http://aims.fao.org/aos/agrovoc/c_92332
ground rent,Rente foncière,Renta fundiaria,http://aims.fao.org/aos/agrovoc/c_3389
inheritance tax,Impôt sur succession,Impuesto sobre la herencia,http://aims.fao.org/aos/agrovoc/c_3870
land tax,Impôt foncier,Impuesto a la tierra,http://aims.fao.org/aos/agrovoc/c_4180
land improvement,Amélioration foncière,Mejora de la tierra,http://aims.fao.org/aos/agrovoc/c_28717
land suitability,Aptitude des terres,Vocación de la tierra,http://aims.fao.org/aos/agrovoc/c_15992
land clearing,Défrichement,Desmonte,http://aims.fao.org/aos/agrovoc/c_1662
land cover,couverture du sol,cobertura de suelos,http://aims.fao.org/aos/agrovoc/c_37897
land degradation,Dégradation des terres,Degradación de tierras,http://aims.fao.org/aos/agrovoc/c_34823
land distribution,Distribution des terres,Distribución de tierras,http://aims.fao.org/aos/agrovoc/c_37734
land diversion,Retrait des terres,Desviación del uso de la tierra,http://aims.fao.org/aos/agrovoc/c_28716
land economics,Économie foncière,Economía de la tierra,http://aims.fao.org/aos/agrovoc/c_25195
land information systems,Systèmes d'information foncière,Sistemas de información de tierras,http://aims.fao.org/aos/agrovoc/c_9000096
Geographical information systems,Système d'information géographique,Sistemas de información geográfica,http://aims.fao.org/aos/agrovoc/c_35131
land consolidation,Remembrement,Concentración parcelaria,http://aims.fao.org/aos/agrovoc/c_4173
land development (urbanization),Développement foncier (urbanisme),Desarrollo tierras (urbanización),http://aims.fao.org/aos/agrovoc/c_4174
land management,Gestion foncière,Ordenación de tierras,http://aims.fao.org/aos/agrovoc/c_24866
land markets,Marché foncier,Mercado de tierras,http://aims.fao.org/aos/agrovoc/c_4175
land reform,Réforme foncière,Reforma de la tenencia de la tierra,http://aims.fao.org/aos/agrovoc/c_4178
land registration,Enregistrement foncier,Registro de tierras,http://aims.fao.org/aos/agrovoc/c_9000098
land use planning,Aménagement du territoire,Ordenación territorial,http://aims.fao.org/aos/agrovoc/c_37899
landowners,Propriétaire foncier,Propietarios rurales,http://aims.fao.org/aos/agrovoc/c_4184
tenants,,,http://aims.fao.org/aos/agrovoc/c_330886
lineage,Lignée,Linaje,http://aims.fao.org/aos/agrovoc/c_29225
suburban agriculture,Agriculture périurbaine,Agricultura peri urbana,http://aims.fao.org/aos/agrovoc/c_18389
rangelands,Parcours,Tierras de pastos,http://aims.fao.org/aos/agrovoc/c_6448
scrublands,Brousse,Tierras de matorral,http://aims.fao.org/aos/agrovoc/c_6887
state forests,Forêt domaniale,Bosques estatales,http://aims.fao.org/aos/agrovoc/c_14569
land tenure,,Tenencia de la tierra,http://aims.fao.org/aos/agrovoc/c_12069
urban forestry,foresterie urbaine,arboricultura urbana,http://aims.fao.org/aos/agrovoc/c_32620
urban planning, Aménagement urbain,Planificación urbana,http://aims.fao.org/aos/agrovoc/c_37948
urbanization,Urbanisation,Urbanización,http://aims.fao.org/aos/agrovoc/c_8088
water management,Gestion des eaux,Ordenación de aguas,http://aims.fao.org/aos/agrovoc/c_8320
water management in lowland,,,http://aims.fao.org/aos/agrovoc/c_330634
water management in upland,,,http://aims.fao.org/aos/agrovoc/c_330633
zoning,Zonage,Zonificación,http://aims.fao.org/aos/agrovoc/c_36936
water rights,Réglementation des eaux,Derecho de aguas,http://aims.fao.org/aos/agrovoc/c_16062
tenant's rights,Droit du locataire,Derecho del propietario,http://aims.fao.org/aos/agrovoc/c_28775
property rights,Droit de propriété,Derechos de propiedad,http://aims.fao.org/aos/agrovoc/c_37942
right of access,Droit d'usage,Derecho de uso,http://aims.fao.org/aos/agrovoc/c_6604
land administration,Administration foncière,Administración de tierras,http://aims.fao.org/aos/agrovoc/c_9000091
land cover mapping,Cartographie de l'occupation du sol,Cartografía de la cubierta vegetal,http://aims.fao.org/aos/agrovoc/c_9000094
land use mapping,Cartographie de l' utilisation des terres,Cartografía del uso de la tierra,http://aims.fao.org/aos/agrovoc/c_9000100
land transfers,Mutation foncière,Asignación de tierras,http://aims.fao.org/aos/agrovoc/c_4181
deforestation,Déboisement,Deforestación,http://aims.fao.org/aos/agrovoc/c_15590
sustainable land management,Gestion foncière durable,Ordenación de tierras sostenible,http://aims.fao.org/aos/agrovoc/c_36580
rural planning,Aménagement rural,Planificación rural,http://aims.fao.org/aos/agrovoc/c_6704
landlessness,Paysannat sans terre,Campesino sin tierra,http://aims.fao.org/aos/agrovoc/c_24403
private ownership,Propriété privée,Propiedad privada,http://aims.fao.org/aos/agrovoc/c_6192
public ownership,Propriété publique,Propiedad pública,http://aims.fao.org/aos/agrovoc/c_6350
forestry policies,Politique forestière,Política forestal,http://aims.fao.org/aos/agrovoc/c_3060
rural population,Population rurale,Población rural,http://aims.fao.org/aos/agrovoc/c_6705
urban population,Population urbaine,Población urbana,http://aims.fao.org/aos/agrovoc/c_8086
green belts,Espace vert,Zonas verdes,http://aims.fao.org/aos/agrovoc/c_37720
protected areas,Zone protegée,Zonas protegidas,http://aims.fao.org/aos/agrovoc/c_37952
nature reserves,Réserve naturelle,Reservas naturales,http://aims.fao.org/aos/agrovoc/c_16141
rural areas,Zone rurale,Zonas rurales,http://aims.fao.org/aos/agrovoc/c_6699
urban areas,Zone urbaine,Zonas urbanas,http://aims.fao.org/aos/agrovoc/c_8085
Advocacy,Advocacy,Advocacy,
Agriculture,Agriculture,Agriculture,
Agrofuel,Agrofuel,Agrofuel,
Capacity building,Capacity building,Capacity building,
Climate change,Climate change,Climate change,
Common property,Common property,Common property,
Community,Community,Community,
Conflict,Conflict,Conflict,
Desertification,Desertification,Desertification,
Environment,Environment,Environment,
Extractive Industries,Extractive Industries,Extractive Industries,
Farmers,Farmers,Farmers,
Fisheries,Fisheries,Fisheries,
Food Security,Food Security,Food Security,
Forestry,Forestry,Forestry,
Gender,Gender,Gender,
Governance,Governance,Governance,
Indigenous Peoples,Indigenous Peoples,Indigenous Peoples,
Land Rights,Land Rights,Land Rights,
Natural Resource Management,Natural Resource Management,Natural Resource Management,
Pastoralists,Pastoralists,Pastoralists,
Policies and Laws,Policies and Laws,Policies and Laws,
Property Regulation,Property Regulation,Property Regulation,
Research,Research,Research,
Rural Development,Rural Development,Rural Development,
Territories,Territories,Territories,
Trade,Trade,Trade,
Women,Women,Women,