<oai_dc:dc xmlns:oai_dc="http://www.openarchives.org/OAI/2.0/oai_dc/" xmlns:dc="http://purl.org/dc/elements/1.1/" xmlns:xsi="http://www.w3.org/2001/XMLSchema-instance" xsi:schemaLocation="http://www.openarchives.org/OAI/2.0/oai_dc/ http://www.openarchives.org/OAI/2.0/oai_dc.xsd">
  <dc:title>The landscape of nutrition stakeholders in Odisha</dc:title>
  <dc:creator>Kohli, Neha; Pradhan, Mamata; Menon, Purnima;</dc:creator>
  <dc:date>2013</dc:date>
  <dc:relation>POSHAN Research Note;</dc:relation>
  <dc:relation>5</dc:relation>
  <dc:publisher>International Food Policy Research Institute (IFPRI);</dc:publisher>
  <dc:publisher>New Delhi, India;</dc:publisher>
  <dc:language>English;</dc:language>
  <dc:description>Brief;</dc:description>
  <dc:description>Non-PR;</dc:description>
  <dc:subject>INDIA; SOUTH ASIA; ASIA;</dc:subject>
  <dc:subject>Nutrition; stakeholders; Hunger; Nutrition policies; malnutrition;</dc:subject>
  <dc:subject>Net-Map;</dc:subject>
  <dc:description>IFPRI1; POSHAN;</dc:description>
  <dc:description>NDO; PHND</dc:description>
  <dc:format>4 pages</dc:format>
  <dc:format>1340929 Bytes</dc:format>
  <dc:type>Project paper</dc:type>
  <dc:date>2014-06-03</dc:date>
  <dc:date>2015-02-11</dc:date>
  <dc:identifier>128178</dc:identifier>
  <dc:identifier>http://cdm15738.contentdm.oclc.org/cdm/ref/collection/p15738coll2/id/128178</dc:identifier>
</oai_dc:dc>