<oai_dc:dc xmlns:oai_dc="http://www.openarchives.org/OAI/2.0/oai_dc/" xmlns:dc="http://purl.org/dc/elements/1.1/" xmlns:xsi="http://www.w3.org/2001/XMLSchema-instance" xsi:schemaLocation="http://www.openarchives.org/OAI/2.0/oai_dc/ http://www.openarchives.org/OAI/2.0/oai_dc.xsd">
  <dc:title>On food security stocks, peace clauses, and permanent solutions after Bali</dc:title>
  <dc:creator>Díaz-Bonilla, Eugenio</dc:creator>
  <dc:date>2014</dc:date>
  <dc:description>This paper discusses potential solutions to the current impasse related to food security stocks, including a concrete proposal by the author on language to be included in the Agreement on Agriculture that may help comply with the mandate of the Bali Ministerial to find a solution in the next four years. The paper begins with an explanation of the background to the debate of the links between food security and WTO agricultural and trade negotiations and the interim solution (the peace clause) agreed upon at Bali. Then it discusses some economic issues that frame the discussion about food security stocks, noting the new context of higher (in nominal terms) and perhaps more volatile food prices, in part associated with expanding links among energy markets and food production, supply and prices, and greater weather variability associated with climate change. The paper analyzes potential approaches to solving the problems related to the use of public stocks for food security reasons and suggests specific language that may solve the current debate. The paper also notes the more complex political economy of the future negotiations, which, among other things, will require greater flexibility among WTO Member s and deeper awareness of the evolving negotiating landscape.</dc:description>
  <dc:relation>IFPRI Discussion Paper</dc:relation>
  <dc:relation>1388</dc:relation>
  <dc:publisher>International Food Policy Research Institute (IFPRI)</dc:publisher>
  <dc:publisher>Washington, D.C.</dc:publisher>
  <dc:language>English</dc:language>
  <dc:description>Discussion paper</dc:description>
  <dc:description>Non-PR</dc:description>
  <dc:subject>food security; trade; Trade negotiations; Developing countries; Food supply; Food reserves; World Trade Organization; Food aid</dc:subject>
  <dc:subject>public food stocks;</dc:subject>
  <dc:description>IFPRI1; C.1 Macroeconomics, trade and non-agricultural policies; CRP2; PIM 3 Adoption of Technology and Sustainable Intensification</dc:description>
  <dc:description>MTID; PIM</dc:description>
  <dc:relation>Project paper http://ebrary.ifpri.org/cdm/ref/collection/p15738coll2/id/128209</dc:relation>
  <dc:format>64 pages</dc:format>
  <dc:identifier>http://www.ifpri.org/publication/food-security-stocks-peace-clauses-and-permanent-solutions-after-bali</dc:identifier>
  <dc:format>1533769 Bytes</dc:format>
  <dc:description>CGIAR Research Program on Policies, Institutions, and Markets (PIM)</dc:description>
  <dc:type>Discussion paper</dc:type>
  <dc:date>2014-11-14</dc:date>
  <dc:date>2015-01-21</dc:date>
  <dc:identifier>128493</dc:identifier>
  <dc:identifier>http://cdm15738.contentdm.oclc.org/cdm/ref/collection/p15738coll2/id/128493</dc:identifier>
</oai_dc:dc>