<oai_dc:dc xmlns:oai_dc="http://www.openarchives.org/OAI/2.0/oai_dc/" xmlns:dc="http://purl.org/dc/elements/1.1/" xmlns:xsi="http://www.w3.org/2001/XMLSchema-instance" xsi:schemaLocation="http://www.openarchives.org/OAI/2.0/oai_dc/ http://www.openarchives.org/OAI/2.0/oai_dc.xsd">
  <dc:title>Communities’ perceptions and knowledge of ecosystem services: Evidence from rural communities in Nigeria</dc:title>
  <dc:creator>Zhang, Wei; Kato, Edward; Bhandary, Prapti; Nkonya, Ephraim M.; Ibrahim, Hassan Ishaq; Agbonlahor, Mure Uhunamure; Ibrahim, Hussaini Yusu</dc:creator>
  <dc:date>2015</dc:date>
  <dc:description>This research has been undertaken to improve our understanding of stakeholders’ knowledge and perception about ecosystem services (ES), which provides a valuable means of gaining insight into the opportunities and constraints that face ES management in a multiuser landscape. Land use preferences are influenced by a variety of motives, attitudes, and values intrinsic to every individual’s decisionmaking. Knowledge can affect attitudes and behavioral intentions, and a positive attitude toward the environment has been found to predict conservation practices.</dc:description>
  <dc:relation>IFPRI Discussion Paper</dc:relation>
  <dc:relation>1418</dc:relation>
  <dc:publisher>International Food Policy Research Institute (IFPRI)</dc:publisher>
  <dc:publisher>Washington, D.C.</dc:publisher>
  <dc:language>English</dc:language>
  <dc:description>Discussion paper</dc:description>
  <dc:description>Non-PR</dc:description>
  <dc:subject>NIGERIA; WEST AFRICA; AFRICA SOUTH OF SAHARA; AFRICA</dc:subject>
  <dc:subject>Ecosystem services; rural areas; Communities; Land use; Forest;</dc:subject>
  <dc:subject>awareness; perception; knowledge</dc:subject>
  <dc:description>IFPRI1; A Ensuring Sustainable food production; A.2 Sustainable Natural Resource Policies; DCA</dc:description>
  <dc:description>EPTD; PIM</dc:description>
  <dc:relation>Discussion paper http://ebrary.ifpri.org/cdm/ref/collection/p15738coll2/id/128869 Working paper http://ebrary.ifpri.org/cdm/ref/collection/p15738coll2/id/128472 http://ebrary.ifpri.org/cdm/ref/collection/p15738coll2/id/128170 http://ebrary.ifpri.org/cdm/ref/collection/p15738coll2/id/127300</dc:relation>
  <dc:format>56 pages</dc:format>
  <dc:format>1502330 Bytes</dc:format>
  <dc:description>CGIAR Research Program on Water, Land and Ecosystems (WLE); CGIAR Research Program on Policies, Institutions, and Markets (PIM)</dc:description>
  <dc:type>Discussion paper</dc:type>
  <dc:date>2015-02-06</dc:date>
  <dc:date>2015-02-06</dc:date>
  <dc:identifier>128961</dc:identifier>
  <dc:identifier>http://cdm15738.contentdm.oclc.org/cdm/ref/collection/p15738coll2/id/128961</dc:identifier>
</oai_dc:dc>