<oai_dc:dc xmlns:oai_dc="http://www.openarchives.org/OAI/2.0/oai_dc/" xmlns:dc="http://purl.org/dc/elements/1.1/" xmlns:xsi="http://www.w3.org/2001/XMLSchema-instance" xsi:schemaLocation="http://www.openarchives.org/OAI/2.0/oai_dc/ http://www.openarchives.org/OAI/2.0/oai_dc.xsd">
  <dc:title>Reverse-share-tenancy and Marshallian Inefficiency</dc:title>
  <dc:title>Landowners’ bargaining power and sharecroppers’ productivity</dc:title>
  <dc:creator>Hagos, Hosaena Ghebru; Holden, Stein Terje</dc:creator>
  <dc:date>2013</dc:date>
  <dc:description>While there are ample empirical studies that claim the potential disincentive effects of sharecropping arrangements, the existing literature is shallow in explaining why share tenancy contracts are prevalent and diffusing in many developing countries. Using a unique tenant-landlord matched dataset from the Tigray region of Ethiopia, we are able to show how the tenants’ strategic response to the varying economic and tenure-security status of the landlords can explain sharecroppers’ productivity differentials.</dc:description>
  <dc:relation>IFPRI Discussion Paper</dc:relation>
  <dc:relation>1270</dc:relation>
  <dc:publisher>International Food Policy Research Institute (IFPRI)</dc:publisher>
  <dc:publisher>Washington, D.C.</dc:publisher>
  <dc:language>English</dc:language>
  <dc:description>Discussion paper</dc:description>
  <dc:description>Non-PR</dc:description>
  <dc:subject>ETHIOPIA; EAST AFRICA; AFRICA SOUTH OF SAHARA; AFRICA</dc:subject>
  <dc:subject>Marshallian inefficiency; Matching method; Tenure; Tenants; Share cropping; Land tenure; Land ownership; Agricultural productivity; Smallholders</dc:subject>
  <dc:subject>kinship</dc:subject>
  <dc:subject>Q15 Land Ownership and Tenure, Land Reform, Land Use, Irrigation, Agriculture and Environment; Q12 Micro Analysis of Farm Firms, Farm Households, and Farm Input Markets; O18 Economic Development: Urban, Rural, Regional, and Transportation Analysis, Housing, Infrastructure; O13 Economic Development: Agriculture, Natural Resources, Energy, Environment, Other Primary Products; D01 Microeconomic Behavior: Underlying Principles</dc:subject>
  <dc:description>IFPRI1; Theme 5; Subtheme 5.2</dc:description>
  <dc:description>DSGD</dc:description>
  <dc:relation>Land policy and governance reforms and agricultural transformation, GSSP Discussion Note: http://ebrary.ifpri.org/cdm/ref/collection/p15738coll2/id/127406     Evidence on key policies for African agricultural growth, IFPRI Discussion paper: http://ebrary.ifpri.org/cdm/ref/collection/p15738coll2/id/127389   Tenure (In)security and agricultural investment of smallholder farmers in Mozambique, MSSP Working paper:  http://ebrary.ifpri.org/cdm/ref/collection/p15738coll2/id/127381</dc:relation>
  <dc:identifier>IFPRIDP01270</dc:identifier>
  <dc:format>48 pages</dc:format>
  <dc:identifier>http://www.ifpri.org/publication/reverse-share-tenancy-and-marshallian-inefficiency</dc:identifier>
  <dc:format>1074485 Bytes</dc:format>
  <dc:type>Discussion paper</dc:type>
  <dc:date>2013-05-20</dc:date>
  <dc:date>2015-01-24</dc:date>
  <dc:identifier>127558</dc:identifier>
  <dc:identifier>http://cdm15738.contentdm.oclc.org/cdm/ref/collection/p15738coll2/id/127558</dc:identifier>
</oai_dc:dc>