<oai_dc:dc xmlns:oai_dc="http://www.openarchives.org/OAI/2.0/oai_dc/" xmlns:dc="http://purl.org/dc/elements/1.1/" xmlns:xsi="http://www.w3.org/2001/XMLSchema-instance" xsi:schemaLocation="http://www.openarchives.org/OAI/2.0/oai_dc/ http://www.openarchives.org/OAI/2.0/oai_dc.xsd">
  <dc:title>Agricultural R&amp;D in Ghana: An assessment of the Council for Scientific and Industrial Research</dc:title>
  <dc:creator>Essegbey, George Owusu; Asare, Roland; Beintema, Nienke M.</dc:creator>
  <dc:date>2014</dc:date>
  <dc:relation>ASTI Summary Note</dc:relation>
  <dc:publisher>International Food Policy Research Institute (IFPRI)</dc:publisher>
  <dc:publisher>Washington, D.C.</dc:publisher>
  <dc:language>English</dc:language>
  <dc:description>Project paper</dc:description>
  <dc:description>Non-PR</dc:description>
  <dc:subject>GHANA; WEST AFRICA; AFRICA SOUTH OF SAHARA; AFRICA</dc:subject>
  <dc:subject>Agricultural research; Research and development; public expenditure</dc:subject>
  <dc:description>IFPRI1; ASTI; CRP2</dc:description>
  <dc:description>EPTD; PIM</dc:description>
  <dc:format>4 pages</dc:format>
  <dc:format>303576 Bytes</dc:format>
  <dc:description>CGIAR Research Program on Policies, Institutions, and Markets (PIM)</dc:description>
  <dc:type>Project paper</dc:type>
  <dc:date>2014-12-04</dc:date>
  <dc:date>2014-12-11</dc:date>
  <dc:identifier>128707</dc:identifier>
  <dc:identifier>http://cdm15738.contentdm.oclc.org/cdm/ref/collection/p15738coll2/id/128707</dc:identifier>
</oai_dc:dc>