<oai_dc:dc xmlns:oai_dc="http://www.openarchives.org/OAI/2.0/oai_dc/" xmlns:dc="http://purl.org/dc/elements/1.1/" xmlns:xsi="http://www.w3.org/2001/XMLSchema-instance" xsi:schemaLocation="http://www.openarchives.org/OAI/2.0/oai_dc/ http://www.openarchives.org/OAI/2.0/oai_dc.xsd">
  <dc:title>Pastoralism and resilience south of the Sahara</dc:title>
  <dc:creator>Little, Peter D.; McPeak, John G.</dc:creator>
  <dc:date>2014</dc:date>
  <dc:description>The recent popularity of the term resilience in the development discourse concerning arid and semiarid lands in Africa can be traced to two major international issues. The first is climate change, concerned with how to build resilient communities in the face of increasingly extreme weather events. The other is recurrent humanitarian crises, especially traced to the most recent drought‐ and conflict‐induced 2011 disaster in the Horn of Africa.</dc:description>
  <dc:relation>2020 Conference Brief</dc:relation>
  <dc:relation>9</dc:relation>
  <dc:publisher>International Food Policy Research Institute (IFPRI)</dc:publisher>
  <dc:publisher>Washington, D.C.</dc:publisher>
  <dc:language>English</dc:language>
  <dc:description>Brief</dc:description>
  <dc:description>PR</dc:description>
  <dc:subject>AFRICA SOUTH OF SAHARA; AFRICA</dc:subject>
  <dc:subject>food security; Nutrition security; Pastoralism; Climate change; Weather</dc:subject>
  <dc:subject>resilience; shocks</dc:subject>
  <dc:description>IFPRI1; CRP4; CRP2; 2020; E.1 Policies, institutions and investments for resilient social systems</dc:description>
  <dc:description>DGO; PIM; A4NH</dc:description>
  <dc:relation>The brief is based on Resilience and Pastoralism in Africa South of the Sahara, with a Particular Focus on the Horn of Africa and the Sahel, West Africa, 2020 Conference Paper 9, prepared for the 2020 conference “Building Resilience for Food and Nutrition Security,” May 15–17, 2014, Addis Ababa, Ethiopia.</dc:relation>
  <dc:format>4 pages</dc:format>
  <dc:identifier>http://www.ifpri.org/publication/pastoralism-and-resilience-south-sahara</dc:identifier>
  <dc:format>748840 Bytes</dc:format>
  <dc:description>CGIAR Research Program on Policies, Institutions, and Markets (PIM); CGIAR Research Program on Agriculture for Nutrition and Health (A4NH)</dc:description>
  <dc:type>Brief</dc:type>
  <dc:date>2014-05-07</dc:date>
  <dc:date>2015-01-28</dc:date>
  <dc:identifier>128154</dc:identifier>
  <dc:identifier>http://cdm15738.contentdm.oclc.org/cdm/ref/collection/p15738coll2/id/128154</dc:identifier>
</oai_dc:dc>