<oai_dc:dc xmlns:oai_dc="http://www.openarchives.org/OAI/2.0/oai_dc/" xmlns:dc="http://purl.org/dc/elements/1.1/" xmlns:xsi="http://www.w3.org/2001/XMLSchema-instance" xsi:schemaLocation="http://www.openarchives.org/OAI/2.0/oai_dc/ http://www.openarchives.org/OAI/2.0/oai_dc.xsd">
  <dc:title>Links between tenure security and food security: Evidence from Ethiopia</dc:title>
  <dc:creator>Hagos, Hosaena Ghebru; Holden, Stein</dc:creator>
  <dc:date>2013</dc:date>
  <dc:description>This study uses five rounds of household panel data from Tigray, Ethiopia, collected in the period 1998–2010 to assess the impacts of a land registration and certification program that aimed to strengthen tenure security and how it has contributed to increased food availability and, thus, food security in this food-deficit region. Results show that land certification appears to have contributed to enhanced calorie availability (calorie intake), and more so for female-headed households, either through enhanced land rental market participation or increased investment and productivity on owner-operated land. Results also show that members of households that accessed additional land through the land rental market had a significantly higher body mass index.</dc:description>
  <dc:relation>ESSP II Working Paper</dc:relation>
  <dc:relation>59</dc:relation>
  <dc:publisher>International Food Policy Research Institute (IFPRI); Ethiopian Development Research Institute (EDRI)</dc:publisher>
  <dc:publisher>Addis Ababa, Ethiopia</dc:publisher>
  <dc:language>English</dc:language>
  <dc:description>Working paper</dc:description>
  <dc:description>Non-PR</dc:description>
  <dc:subject>ETHIOPIA; EAST AFRICA; AFRICA SOUTH OF SAHARA; AFRICA</dc:subject>
  <dc:subject>food security; Land tenure; Gender; Women; land registration; Nutritional status; households</dc:subject>
  <dc:subject>land tenure reform; household data; tenure security; land certification; Land rental markets</dc:subject>
  <dc:description>IFPRI1; ESSP II; Theme 6; Subtheme 6.2; GRP32; CRP2</dc:description>
  <dc:description>DSGD; PIM</dc:description>
  <dc:relation>Working Paper: http://ebrary.ifpri.org/cdm/ref/collection/p15738coll5/id/3968  Conference Paper: http://ebrary.ifpri.org/cdm/ref/collection/p15738coll5/id/3929  IFPRI Discussion Paper 1288: http://ebrary.ifpri.org/cdm/ref/collection/p15738coll2/id/127808</dc:relation>
  <dc:format>47 pages</dc:format>
  <dc:identifier>http://www.ifpri.org/publication/links-between-tenure-security-and-food-security-0</dc:identifier>
  <dc:format>20000000 Bytes</dc:format>
  <dc:description>CGIAR Research Program on Policies, Institutions, and Markets (PIM)</dc:description>
  <dc:type>Project paper</dc:type>
  <dc:date>2013-11-01</dc:date>
  <dc:date>2015-01-29</dc:date>
  <dc:identifier>127861</dc:identifier>
  <dc:identifier>http://cdm15738.contentdm.oclc.org/cdm/ref/collection/p15738coll2/id/127861</dc:identifier>
</oai_dc:dc>