<oai_dc:dc xmlns:oai_dc="http://www.openarchives.org/OAI/2.0/oai_dc/" xmlns:dc="http://purl.org/dc/elements/1.1/" xmlns:xsi="http://www.w3.org/2001/XMLSchema-instance" xsi:schemaLocation="http://www.openarchives.org/OAI/2.0/oai_dc/ http://www.openarchives.org/OAI/2.0/oai_dc.xsd">
  <dc:title>What's politics got to do with it: Nutrition and the policy agenda</dc:title>
  <dc:creator>Fritschel, Heidi, ed.;</dc:creator>
  <dc:date>2013</dc:date>
  <dc:description>Recent experience has shown that as countries get richer, nutritional status does not necessarily improve. In a recent article in the journal The Lancet, IFPRI researchers and others explain that creating the right conditions for nutritional advances often requires political action. The feature article in this issue of Insights looks at how some developing countries and regions—Ghana, Peru, Thailand, and the state of Maharashtra, India—have made nutrition a political priority and how they’ve turned political commitments into widespread changes on the ground. The rest of this issue of Insights describes other important IFPRI research, touching on many  different areas related to food policy.</dc:description>
  <dc:description>IN BRIEF
2 Legal Aid
3 Pooling the Risk
4 Mapping the Big Picture
5 Farm Bill Follies
6 Détente in the Dairy Sector?
7 On Tap
8 Talking with Morten Jerven
IN FOCUS
10 Coming and Going
12 Saving for a Sunny Day
14 A Bigger Toolbox
IN PERSON
16 Putting a Price Tag on Land Degradation
FEATURE
18 What’s Politics Got to Do with It?
IN NUMBERS
28 The Ins and Outs of Migration in Africa South of the Sahara</dc:description>
  <dc:relation>Insights: Magazine of the International Food Policy Research Institute;</dc:relation>
  <dc:relation>3(2)</dc:relation>
  <dc:publisher>International Food Policy Research Institute (IFPRI);</dc:publisher>
  <dc:publisher>Washington, D.C.;</dc:publisher>
  <dc:contributor>Vivalo, Julia; Gustafson, Sara; Shelton, Peter; Sullivan, Rebecca Harris; Yin, Sandra; Johnson, Ian; Lippincott, Don; Weeks, Jennifer</dc:contributor>
  <dc:language>English;</dc:language>
  <dc:description>Magazine;</dc:description>
  <dc:relation>2327-2252</dc:relation>
  <dc:description>Non-PR;</dc:description>
  <dc:subject>AFRICA SOUTH OF SAHARA; SOUTH ASIA; AFRICA; ASIA;</dc:subject>
  <dc:subject>Agricultural policies; Land rights; Gender; Women; Droughts; Water; Water management; Dairy; Climate change; Land degradation; Weather; Insurance; Risk; economic growth; Nutrition; Nutritional status; food security; Nutrition security; malnutrition; Migration; emigration;</dc:subject>
  <dc:subject>weather index insurance; Net-Map; resilience; economic shock; GDP; social safety nets;</dc:subject>
  <dc:description>IFPRI1;</dc:description>
  <dc:description>COM; DGO;</dc:description>
  <dc:format>32 pages</dc:format>
  <dc:identifier>http://www.ifpri.org/publication/insights-3-2</dc:identifier>
  <dc:format>5278760 Bytes</dc:format>
  <dc:type>noType</dc:type>
  <dc:date>2013-11-22</dc:date>
  <dc:date>2013-12-06</dc:date>
  <dc:identifier>127904</dc:identifier>
  <dc:identifier>http://cdm15738.contentdm.oclc.org/cdm/ref/collection/p15738coll2/id/127904</dc:identifier>
</oai_dc:dc>