<oai_dc:dc xmlns:oai_dc="http://www.openarchives.org/OAI/2.0/oai_dc/" xmlns:dc="http://purl.org/dc/elements/1.1/" xmlns:xsi="http://www.w3.org/2001/XMLSchema-instance" xsi:schemaLocation="http://www.openarchives.org/OAI/2.0/oai_dc/ http://www.openarchives.org/OAI/2.0/oai_dc.xsd">
  <dc:title>Swaziland</dc:title>
  <dc:creator>Manyatsi, Absalom M.; Thomas, Timothy S.; Masarirambi, Michael T.; Hachigonta, Sepo; Sibanda, Lindiwe M.</dc:creator>
  <dc:date>2013</dc:date>
  <dc:publisher>International Food Policy Research Institute (IFPRI)</dc:publisher>
  <dc:publisher>Washington, D.C.</dc:publisher>
  <dc:language>English</dc:language>
  <dc:description>Book chapter</dc:description>
  <dc:source>In Southern African Agriculture and Climate Change: A comprehensive analysis. Chapter 8 Pp. 213-253</dc:source>
  <dc:description>PR</dc:description>
  <dc:subject>SWAZILAND; SOUTHERN AFRICA; AFRICA SOUTH OF SAHARA; AFRICA</dc:subject>
  <dc:subject>Climate change; rainfall; Droughts; Irrigation; Water management; Adaptation; Agriculture; Poverty; Gender; Women; Agricultural development; Agricultural policies; Economic development; Smallholders; maize; rice; Wheat; Sorghum; Millet; Cassava; Sweet potato; soybean; Potato; Tobacco; Groundnuts; Pigeonpea; cowpea; Plantain; Sugarcane; oilseeds; Livestock; Agricultural productivity; crop yield; General Circulation Models GCM; Commodities; Food prices; Education; income; Nutrition; malnutrition</dc:subject>
  <dc:description>IFPRI1; CRP7</dc:description>
  <dc:description>EPTD</dc:description>
  <dc:relation>Full book: http://ebrary.ifpri.org/cdm/ref/collection/p15738coll2/id/127784 Separate chapters: http://ebrary.ifpri.org/cdm/search/collection/p15738coll2/searchterm/southern%20african%20agriculture%20and%20climate%20change/field/source/mode/all/conn/and/order/date   Issue Brief: http://ebrary.ifpri.org/cdm/ref/collection/p15738coll2/id/127783 
West African Agriculture and Climate Change [full book]: http://ebrary.ifpri.org/cdm/ref/collection/p15738coll2/id/127444</dc:relation>
  <dc:identifier>http://www.ifpri.org/publication/southern-african-agriculture-and-climate-change</dc:identifier>
  <dc:format>32642081 Bytes</dc:format>
  <dc:description>CGIAR Research Program on Climate Change, Agriculture and Food Security (CCAFS)</dc:description>
  <dc:type>Book chapter</dc:type>
  <dc:date>2013-09-03</dc:date>
  <dc:date>2015-02-10</dc:date>
  <dc:identifier>127793</dc:identifier>
  <dc:identifier>http://cdm15738.contentdm.oclc.org/cdm/ref/collection/p15738coll2/id/127793</dc:identifier>
</oai_dc:dc>