<oai_dc:dc xmlns:oai_dc="http://www.openarchives.org/OAI/2.0/oai_dc/" xmlns:dc="http://purl.org/dc/elements/1.1/" xmlns:xsi="http://www.w3.org/2001/XMLSchema-instance" xsi:schemaLocation="http://www.openarchives.org/OAI/2.0/oai_dc/ http://www.openarchives.org/OAI/2.0/oai_dc.xsd">
  <dc:title>Investigating the linkage between climate variables and food security in ESA countries</dc:title>
  <dc:creator>Belloumi, Mounir</dc:creator>
  <dc:date>2014</dc:date>
  <dc:description>This paper investigates the effect of climate variables (precipitation and temperature) on food security indicators from 1961-2011 for 10 Eastern and Southern African countries by estimating fixed effects models. Food security is approximated by three indicators: food production index, mortality rate of people under five years of age, and life expectancy at birth. The results show that GDP per capita, inflation, population growth, and land under cereal production are significant in explaining the indicators of food security.</dc:description>
  <dc:relation>AGRODEP Working Paper</dc:relation>
  <dc:relation>4</dc:relation>
  <dc:publisher>International Food Policy Research Institute (IFPRI)</dc:publisher>
  <dc:publisher>Washington, D.C.</dc:publisher>
  <dc:language>English</dc:language>
  <dc:description>Working paper</dc:description>
  <dc:description>Non-PR</dc:description>
  <dc:subject>EAST AFRICA; SOUTHERN AFRICA; AFRICA SOUTH OF SAHARA; AFRICA;</dc:subject>
  <dc:subject>Climate change; Panel data; food security; rainfall;</dc:subject>
  <dc:subject>climate adaptation;</dc:subject>
  <dc:description>IFPRI1; AGRODEP</dc:description>
  <dc:description>MTID</dc:description>
  <dc:format>27 pages</dc:format>
  <dc:identifier>http://www.agrodep.org/resource/investigating-linkage-between-climate-variables-and-food-security-esa-countries</dc:identifier>
  <dc:format>650962 Bytes</dc:format>
  <dc:type>noType</dc:type>
  <dc:date>2014-07-25</dc:date>
  <dc:date>2014-08-21</dc:date>
  <dc:identifier>128228</dc:identifier>
  <dc:identifier>http://cdm15738.contentdm.oclc.org/cdm/ref/collection/p15738coll2/id/128228</dc:identifier>
</oai_dc:dc>