<oai_dc:dc xmlns:oai_dc="http://www.openarchives.org/OAI/2.0/oai_dc/" xmlns:dc="http://purl.org/dc/elements/1.1/" xmlns:xsi="http://www.w3.org/2001/XMLSchema-instance" xsi:schemaLocation="http://www.openarchives.org/OAI/2.0/oai_dc/ http://www.openarchives.org/OAI/2.0/oai_dc.xsd">
  <dc:title>Assessment of agricultural research capacities in Ghana: The case of council for scientific and industrial research (CSIR)</dc:title>
  <dc:creator>Essegbey, George Owusu; Asare, Roland</dc:creator>
  <dc:date>2014</dc:date>
  <dc:publisher>International Food Policy Research Institute (IFPRI)</dc:publisher>
  <dc:publisher>Washington, D.C.</dc:publisher>
  <dc:language>English</dc:language>
  <dc:description>Project paper</dc:description>
  <dc:description>Non-PR</dc:description>
  <dc:subject>GHANA; WEST AFRICA; AFRICA SOUTH OF SAHARA; AFRICA</dc:subject>
  <dc:subject>Agricultural research; Agricultural policies; public expenditure; Institutions; Agricultural development</dc:subject>
  <dc:description>IFPRI1; ASTI; CRP2</dc:description>
  <dc:description>EPTD; PIM</dc:description>
  <dc:format>30 pages</dc:format>
  <dc:format>797053 Bytes</dc:format>
  <dc:description>CGIAR Research Program on Policies, Institutions, and Markets (PIM)</dc:description>
  <dc:type>Report</dc:type>
  <dc:date>2014-12-04</dc:date>
  <dc:date>2014-12-11</dc:date>
  <dc:identifier>128689</dc:identifier>
  <dc:identifier>http://cdm15738.contentdm.oclc.org/cdm/ref/collection/p15738coll2/id/128689</dc:identifier>
</oai_dc:dc>