<oai_dc:dc xmlns:oai_dc="http://www.openarchives.org/OAI/2.0/oai_dc/" xmlns:dc="http://purl.org/dc/elements/1.1/" xmlns:xsi="http://www.w3.org/2001/XMLSchema-instance" xsi:schemaLocation="http://www.openarchives.org/OAI/2.0/oai_dc/ http://www.openarchives.org/OAI/2.0/oai_dc.xsd">
  <dc:title>Ghana Agriculture Production Survey (GAPS): Report on data quality and findings on key indicators 2011/2012 minor season survey</dc:title>
  <dc:creator>Osei-Akato, Isaac; Appiah-Kubi, Wilson; Horlu, Godwin; Bonsu, Adwinmea;</dc:creator>
  <dc:date>2014</dc:date>
  <dc:description>The Ghana Agriculture Production Survey (GAPS) undertaken by the Statistics, Research and Information Directorate (SRID) of the Ministry of Food and Agriculture is designed to provide data on community amenities, characteristics of farm families, utilization of land, use of inputs, outputs of major agricultural commodities, post-farm activities, household incomes, health of farm families, and health of farm animals on an annual basis.</dc:description>
  <dc:publisher>International Food Policy Research Institute (IFPRI)</dc:publisher>
  <dc:publisher>Washington, D.C.</dc:publisher>
  <dc:language>English</dc:language>
  <dc:description>Report;</dc:description>
  <dc:description>Non-PR</dc:description>
  <dc:subject>GHANA; WEST AFRICA; AFRICA SOUTH OF SAHARA; AFRICA;</dc:subject>
  <dc:subject>productivity; Agriculture; Surveys; Land use; farm inputs; income; Health; Nutrition; Livestock; Communities; Smallholders; agricultural products;</dc:subject>
  <dc:subject>Multi-Round Annual Crop and Livestock Survey (MRACLS) system;</dc:subject>
  <dc:description>IFPRI1; CRP2; GSSP</dc:description>
  <dc:description>DSGD; PIM</dc:description>
  <dc:relation>http://dx.doi.org/10.7910/DVN/26623</dc:relation>
  <dc:format>39 pages</dc:format>
  <dc:format>1113697 Bytes</dc:format>
  <dc:description>CGIAR Research Program on Policies, Institutions, and Markets (PIM);</dc:description>
  <dc:type>noType</dc:type>
  <dc:date>2014-07-16</dc:date>
  <dc:date>2014-09-13</dc:date>
  <dc:identifier>128212</dc:identifier>
  <dc:identifier>http://cdm15738.contentdm.oclc.org/cdm/ref/collection/p15738coll2/id/128212</dc:identifier>
</oai_dc:dc>