<oai_dc:dc xmlns:oai_dc="http://www.openarchives.org/OAI/2.0/oai_dc/" xmlns:dc="http://purl.org/dc/elements/1.1/" xmlns:xsi="http://www.w3.org/2001/XMLSchema-instance" xsi:schemaLocation="http://www.openarchives.org/OAI/2.0/oai_dc/ http://www.openarchives.org/OAI/2.0/oai_dc.xsd">
  <dc:title>Public sector agricultural research priorities for sustainable food security: Perspectives from plausible scenarios</dc:title>
  <dc:creator>Nelson, Gerald C.; van der Mensbrugghe, Dominique</dc:creator>
  <dc:date>2014</dc:date>
  <dc:description>There is widespread agreement that our ability to deliver sustainable food security for all will be challenged in three dimensions—population growth, constrained natural resources, and climate change. Investments in agricultural productivity are essential to dealing with these challenges. This suggests that cooperation across these two sets of institutions (FAO and the CGIAR) to take advantage of their expertise could result in better understanding for all. At the same time, neither of these institutions has some of the expertise badly needed to assess the coming food security challenges, so cooperation should extend to a range of research organizations. The paper highlights three types of joint activities—cooperative quantitative modeling, cooperative use of institutional and outside substantive expertise, and sustained cooperation with model intercomparison efforts.</dc:description>
  <dc:relation>IFPRI Discussion Paper</dc:relation>
  <dc:relation>1339</dc:relation>
  <dc:publisher>International Food Policy Research Institute (IFPRI); Food and Agriculture Organization (FAO)</dc:publisher>
  <dc:publisher>Washington, D.C.</dc:publisher>
  <dc:language>English</dc:language>
  <dc:description>Discussion paper</dc:description>
  <dc:description>Non-PR</dc:description>
  <dc:subject>Climate change; Agricultural research; Public sector; Sustainability; food security; Population growth; productivity; Agricultural growth</dc:subject>
  <dc:subject>scenario analysis; priorities</dc:subject>
  <dc:description>IFPRI1; CRP2; PIM 1.1 Global and regional foresight modeling tools</dc:description>
  <dc:description>EPTD; PIM</dc:description>
  <dc:relation>Synopsis of East african agriculture and climate change, IFPRI Issue Brief: http://ebrary.ifpri.org/cdm/ref/collection/p15738coll2/id/127782  Synopsis of West african agriculture and climate change, IFPRI Issue Brief: http://ebrary.ifpri.org/cdm/ref/collection/p15738coll2/id/127781   Synopsis of Southern african agriculture and climate change, IFPRI Issue Brief: http://ebrary.ifpri.org/cdm/ref/collection/p15738coll2/id/127783</dc:relation>
  <dc:rights>This paper was originally prepared as a report for the joint CGIAR–Food and Agriculture Organization of the United Nations Food Security Futures conference on April 11–12, 2013, in Dublin, Ireland.</dc:rights>
  <dc:format>61 pages</dc:format>
  <dc:identifier>http://www.ifpri.org/publication/public-sector-agricultural-research-priorities-sustainable-food-security</dc:identifier>
  <dc:format>2433955 Bytes</dc:format>
  <dc:description>CGIAR Research Program on Policies, Institutions, and Markets (PIM)</dc:description>
  <dc:type>Discussion paper</dc:type>
  <dc:date>2014-04-14</dc:date>
  <dc:date>2015-02-11</dc:date>
  <dc:identifier>128123</dc:identifier>
  <dc:identifier>http://cdm15738.contentdm.oclc.org/cdm/ref/collection/p15738coll2/id/128123</dc:identifier>
</oai_dc:dc>