<oai_dc:dc xmlns:oai_dc="http://www.openarchives.org/OAI/2.0/oai_dc/" xmlns:dc="http://purl.org/dc/elements/1.1/" xmlns:xsi="http://www.w3.org/2001/XMLSchema-instance" xsi:schemaLocation="http://www.openarchives.org/OAI/2.0/oai_dc/ http://www.openarchives.org/OAI/2.0/oai_dc.xsd">
  <dc:title>Evaluating the local economywide impacts of irrigation projects: Feed the future in Tanzania</dc:title>
  <dc:creator>Filipski, Mateusz; Manning, Dale; Taylor, J. Edward; Diao, Xinshen; Pradesha, Angga</dc:creator>
  <dc:date>2013</dc:date>
  <dc:description>This paper presents the findings of a local economywide impact evaluation of Feed the Future irrigation projects in the Morogoro region of Tanzania, using a local economy-wide impact evaluation (LEWIE) simulation model. The findings indicate that these irrigation projects can generate important indirect impacts within the region. The structure of local markets, as well as labor and land availability, shapes project spillovers in ways that point to future directions for development assistance in the region.</dc:description>
  <dc:relation>IFPRI Discussion Paper</dc:relation>
  <dc:relation>1247</dc:relation>
  <dc:publisher>International Food Policy Research Institute (IFPRI)</dc:publisher>
  <dc:publisher>Washington, D.C.</dc:publisher>
  <dc:language>English</dc:language>
  <dc:description>Discussion paper</dc:description>
  <dc:description>Non-PR</dc:description>
  <dc:subject>TANZANIA; EAST AFRICA; AFRICA SOUTH OF SAHARA; AFRICA</dc:subject>
  <dc:subject>Irrigation; General equilibrium model; local economywide impact evaluation model (LEWIE); Rice productivity</dc:subject>
  <dc:description>IFPRI1; Theme 6; Subtheme 6.2; GRP32; CRP2</dc:description>
  <dc:description>DSGD; PIM</dc:description>
  <dc:relation>2012 Global Hunger Index, http://ebrary.ifpri.org/cdm/ref/collection/p15738coll2/id/127150  Agriculture water management solutions Investment Visualizer: http://investmentvisualizer.agwater.org/</dc:relation>
  <dc:identifier>IFPRIDP01247</dc:identifier>
  <dc:format>28 pages</dc:format>
  <dc:identifier>http://www.ifpri.org/publication/evaluating-local-economywide-impacts-irrigation-projects</dc:identifier>
  <dc:format>755965 Bytes</dc:format>
  <dc:description>CGIAR Research Program on Policies, Institutions, and Markets (PIM)</dc:description>
  <dc:type>Discussion paper</dc:type>
  <dc:date>2013-03-14</dc:date>
  <dc:date>2015-01-24</dc:date>
  <dc:identifier>127425</dc:identifier>
  <dc:identifier>http://cdm15738.contentdm.oclc.org/cdm/ref/collection/p15738coll2/id/127425</dc:identifier>
</oai_dc:dc>