<oai_dc:dc xmlns:oai_dc="http://www.openarchives.org/OAI/2.0/oai_dc/" xmlns:dc="http://purl.org/dc/elements/1.1/" xmlns:xsi="http://www.w3.org/2001/XMLSchema-instance" xsi:schemaLocation="http://www.openarchives.org/OAI/2.0/oai_dc/ http://www.openarchives.org/OAI/2.0/oai_dc.xsd">
  <dc:title>Evidence on key policies for African agricultural growth</dc:title>
  <dc:creator>Diao, Xinshen; Kennedy, Adam; Badiane, Ousmane; Cossar, Frances; Dorosh, Paul A.; Ecker, Olivier; Hagos, Hosaena Ghebru; Headey, Derek D.; Mabiso, Athur; Makombe, Tsitsi; Malek, Mehrab; Schmidt, Emily</dc:creator>
  <dc:date>2013</dc:date>
  <dc:description>The paper examines policies to encourage the adoption of agricultural inputs, initiate greater private-sector investment in agriculture and agro-industries, and manage price volatility while encouraging openness. The paper further reviews successful land tenure policies and property rights systems, reviews the evidence on the synergies between agriculture and nutrition, and examines how CAADP is laying the institutional architecture for improved policy formulation in Africa. In general, the paper finds that although substantial progress has been made, there is considerable scope for improvement.</dc:description>
  <dc:relation>IFPRI Discussion Paper</dc:relation>
  <dc:relation>1242</dc:relation>
  <dc:publisher>International Food Policy Research Institute (IFPRI)</dc:publisher>
  <dc:publisher>Washington, D.C.</dc:publisher>
  <dc:language>English</dc:language>
  <dc:description>Discussion paper</dc:description>
  <dc:description>Non-PR</dc:description>
  <dc:subject>AFRICA SOUTH OF SAHARA; AFRICA</dc:subject>
  <dc:subject>Agricultural policies; input policy; Land tenure; Nutrition policies; policy evidence; Private sector; Comprehensive Africa Agriculture Development Program (CAADP); Agricultural inputs</dc:subject>
  <dc:description>IFPRI1; Theme 6; Subtheme 6.2; GRP32; D.1 Agriculture's role in national development strategy</dc:description>
  <dc:description>DSGD; PHND; WCAO</dc:description>
  <dc:relation>Strategies and priorities for African agriculture: Economywide perspectives from country studies, IFPRI Issue Brief 73: http://ebrary.ifpri.org/cdm/ref/collection/p15738coll2/id/127331  Strategies and priorities for African agriculture: Economywide perspectives from country studies, IFPRI Book: http://ebrary.ifpri.org/cdm/ref/collection/p15738coll2/id/127049  The comprehensive Africa agriculture program as a collective institution, IFPRI Discussion Paper 1238: http://ebrary.ifpri.org/cdm/ref/collection/p15738coll2/id/127342  Emerging policies and partnerships under CAADP: Implications for long-term growth, food security, and poverty reduction, IFPRI Discussion Paper 1145: http://ebrary.ifpri.org/cdm/ref/collection/p15738coll2/id/126805</dc:relation>
  <dc:identifier>IFPRIDP01242</dc:identifier>
  <dc:format>84 pages</dc:format>
  <dc:identifier>http://www.ifpri.org/publication/evidence-key-policies-african-agricultural-growth</dc:identifier>
  <dc:format>1299000 Bytes</dc:format>
  <dc:type>Discussion paper</dc:type>
  <dc:date>2013-02-15</dc:date>
  <dc:date>2015-01-24</dc:date>
  <dc:identifier>127389</dc:identifier>
  <dc:identifier>http://cdm15738.contentdm.oclc.org/cdm/ref/collection/p15738coll2/id/127389</dc:identifier>
</oai_dc:dc>