<oai_dc:dc xmlns:oai_dc="http://www.openarchives.org/OAI/2.0/oai_dc/" xmlns:dc="http://purl.org/dc/elements/1.1/" xmlns:xsi="http://www.w3.org/2001/XMLSchema-instance" xsi:schemaLocation="http://www.openarchives.org/OAI/2.0/oai_dc/ http://www.openarchives.org/OAI/2.0/oai_dc.xsd">
  <dc:title>The role of fertilizers in transforming of agriculture in Asia: A case study of Indian fertilizer sector</dc:title>
  <dc:creator>Sharma, Vijay Paul</dc:creator>
  <dc:date>2014</dc:date>
  <dc:description>The contribution of chemical fertilizers towards increased agricultural production is well established. Indian agricultural policy focused on increasing productivity and modern inputs such as improved seeds (HYVs), irrigation, chemical fertilizers, etc. have played an important role in increasing crop production and productivity. Increased fertilizer use will continue to play an important role in increasing agricultural productivity given the diminishing land available for cultivation. Therefore, it is important to understand fertilizer use patterns and efficiency over time, the changing structure of fertilizer markets, the current policy environment and the role of various factors influencing fertilizer consumption. This brief is an attempt to address some of these issues</dc:description>
  <dc:relation>ReSAKSS Policy Note</dc:relation>
  <dc:relation>8</dc:relation>
  <dc:publisher>International Food Policy Research Institute (IFPRI)</dc:publisher>
  <dc:publisher>Washington, D.C.</dc:publisher>
  <dc:language>English</dc:language>
  <dc:description>Project paper</dc:description>
  <dc:description>Non-PR</dc:description>
  <dc:subject>INDIA; SOUTH ASIA; ASIA</dc:subject>
  <dc:subject>Fertilizers; farm inputs; Agricultural development</dc:subject>
  <dc:description>IFPRI1; ReSAKSS</dc:description>
  <dc:description>DSGD</dc:description>
  <dc:format>4 pages</dc:format>
  <dc:format>540000 Bytes</dc:format>
  <dc:type>Project paper</dc:type>
  <dc:date>2015-01-06</dc:date>
  <dc:date>2015-01-10</dc:date>
  <dc:identifier>128919</dc:identifier>
  <dc:identifier>http://cdm15738.contentdm.oclc.org/cdm/ref/collection/p15738coll2/id/128919</dc:identifier>
</oai_dc:dc>