<oai_dc:dc xmlns:oai_dc="http://www.openarchives.org/OAI/2.0/oai_dc/" xmlns:dc="http://purl.org/dc/elements/1.1/" xmlns:xsi="http://www.w3.org/2001/XMLSchema-instance" xsi:schemaLocation="http://www.openarchives.org/OAI/2.0/oai_dc/ http://www.openarchives.org/OAI/2.0/oai_dc.xsd">
  <dc:title>From subsistence to profit: Transforming smallholder farms</dc:title>
  <dc:creator>Fan, Shenggen; Brzeska, Joanna; Keyzer, Michiel; Halsema, Alex</dc:creator>
  <dc:date>2013</dc:date>
  <dc:relation>Food policy report</dc:relation>
  <dc:publisher>International Food Policy Research Institute (IFPRI)</dc:publisher>
  <dc:publisher>Washington, D.C.</dc:publisher>
  <dc:language>English</dc:language>
  <dc:description>Report</dc:description>
  <dc:identifier>9780896295582</dc:identifier>
  <dc:identifier>http://dx.doi.org/10.2499/9780896295582</dc:identifier>
  <dc:identifier>10.2499/9780896295582</dc:identifier>
  <dc:description>PR</dc:description>
  <dc:subject>Smallholders; Farmers; Subsistence agriculture; Agricultural development; agricultural transformation; Commercial farming; Land; Land use; land access</dc:subject>
  <dc:description>IFPRI1</dc:description>
  <dc:description>DGO</dc:description>
  <dc:format>30 pages</dc:format>
  <dc:identifier>http://www.ifpri.org/publication/subsistence-profit</dc:identifier>
  <dc:format>538241 Bytes</dc:format>
  <dc:type>noType</dc:type>
  <dc:date>2013-07-29</dc:date>
  <dc:date>2014-07-31</dc:date>
  <dc:identifier>127763</dc:identifier>
  <dc:identifier>http://cdm15738.contentdm.oclc.org/cdm/ref/collection/p15738coll2/id/127763</dc:identifier>
</oai_dc:dc>