<oai_dc:dc xmlns:oai_dc="http://www.openarchives.org/OAI/2.0/oai_dc/" xmlns:dc="http://purl.org/dc/elements/1.1/" xmlns:xsi="http://www.w3.org/2001/XMLSchema-instance" xsi:schemaLocation="http://www.openarchives.org/OAI/2.0/oai_dc/ http://www.openarchives.org/OAI/2.0/oai_dc.xsd">
  <dc:title>Information networks among women and men and the demand for an agricultural technology in India</dc:title>
  <dc:creator>Magnan, Nicholas; Spielman, David J.; Gulati, Kajal; Lybbert, Travis J.</dc:creator>
  <dc:date>2015</dc:date>
  <dc:description>Although there is ample evidence of differences in how and where men and women acquire information, most research on learning and household decisionmaking only considers access to information for a single, typically male, household head. This assumption may be problematic in developing-country agriculture, where women play a fundamental role in farming. Using gender-disaggregated social network data from Uttar Pradesh, India, we analyze agricultural information networks among men and women. We test for gender-specific network effects on demand for laser land leveling—a resource-conserving technology—using data from a field experiment that combines a Becker-DeGroot-Marschak (BDM) auction with a lottery.</dc:description>
  <dc:relation>IFPRI Discussion Paper</dc:relation>
  <dc:relation>1411</dc:relation>
  <dc:publisher>International Food Policy Research Institute (IFPRI)</dc:publisher>
  <dc:publisher>Washington, D.C.</dc:publisher>
  <dc:language>English</dc:language>
  <dc:description>Discussion paper</dc:description>
  <dc:description>Non-PR</dc:description>
  <dc:subject>INDIA; SOUTH ASIA; ASIA</dc:subject>
  <dc:subject>Agricultural technologies; Gender; Women; information; technology adoption; Developing countries</dc:subject>
  <dc:subject>Social network analysis; peer effects; learning externalities; laser land leveling; gender disagredated data</dc:subject>
  <dc:subject>D80 Information, Knowledge, and Uncertainty: General; Q12 Micro Analysis of Farm Firms, Farm Households, and Farm Input Markets; Q16 Agricultural R&amp;D, Agricultural Technology, Biofuels, Agricultural Extension Services</dc:subject>
  <dc:description>IFPRI1; A.3 Science, Technology, and innovation Policy; CRP2; GAAP; CSISA</dc:description>
  <dc:description>EPTD; PIM</dc:description>
  <dc:relation>Discussion papers http://ebrary.ifpri.org/cdm/ref/collection/p15738coll2/id/127903  http://ebrary.ifpri.org/cdm/ref/collection/p15738coll2/id/127746</dc:relation>
  <dc:format>32 pages</dc:format>
  <dc:identifier>http://www.ifpri.org/publication/information-networks-among-women-and-men-and-demand-agricultural-technology-india</dc:identifier>
  <dc:format>1190664 Bytes</dc:format>
  <dc:description>CGIAR Research Program on Policies, Institutions, and Markets (PIM)</dc:description>
  <dc:type>Discussion paper</dc:type>
  <dc:date>2015-01-29</dc:date>
  <dc:date>2015-02-04</dc:date>
  <dc:identifier>128949</dc:identifier>
  <dc:identifier>http://cdm15738.contentdm.oclc.org/cdm/ref/collection/p15738coll2/id/128949</dc:identifier>
</oai_dc:dc>