<oai_dc:dc xmlns:oai_dc="http://www.openarchives.org/OAI/2.0/oai_dc/" xmlns:dc="http://purl.org/dc/elements/1.1/" xmlns:xsi="http://www.w3.org/2001/XMLSchema-instance" xsi:schemaLocation="http://www.openarchives.org/OAI/2.0/oai_dc/ http://www.openarchives.org/OAI/2.0/oai_dc.xsd">
  <dc:title>Highlights of recent IFPRI food policy research for The Netherlands</dc:title>
  <dc:title>Reducing poverty and hunger through food policy research</dc:title>
  <dc:creator>International Food Policy Research Institute (IFPRI);</dc:creator>
  <dc:date>2013</dc:date>
  <dc:relation>Outcome Stories;</dc:relation>
  <dc:publisher>International Food Policy Research Institute (IFPRI);</dc:publisher>
  <dc:publisher>Washington, D.C.;</dc:publisher>
  <dc:language>English;</dc:language>
  <dc:description>Brochure;</dc:description>
  <dc:description>Non-PR;</dc:description>
  <dc:subject>Agricultural policies; food security; Food prices;</dc:subject>
  <dc:subject>value chains; social safety nets; outcomes; impact</dc:subject>
  <dc:description>IFPRI1;</dc:description>
  <dc:description>DGO;</dc:description>
  <dc:format>12 pages</dc:format>
  <dc:identifier>http://www.ifpri.org/book-25/publication/highlights-recent-ifpri-food-policy-research-netherlands</dc:identifier>
  <dc:format>867171 Bytes</dc:format>
  <dc:type>noType</dc:type>
  <dc:date>2013-11-22</dc:date>
  <dc:date>2013-11-26</dc:date>
  <dc:identifier>127905</dc:identifier>
  <dc:identifier>http://cdm15738.contentdm.oclc.org/cdm/ref/collection/p15738coll2/id/127905</dc:identifier>
</oai_dc:dc>