<oai_dc:dc xmlns:oai_dc="http://www.openarchives.org/OAI/2.0/oai_dc/" xmlns:dc="http://purl.org/dc/elements/1.1/" xmlns:xsi="http://www.w3.org/2001/XMLSchema-instance" xsi:schemaLocation="http://www.openarchives.org/OAI/2.0/oai_dc/ http://www.openarchives.org/OAI/2.0/oai_dc.xsd">
  <dc:title>Moving in the right direction? Maize productivity and fertilizer use and use intensity in Ghana</dc:title>
  <dc:creator>Chapoto, Antony; Ragasa, Catherine</dc:creator>
  <dc:date>2013</dc:date>
  <dc:description>Using cross-sectional data on 630 maize farmers and 645 maize plots in Ghana, this paper provides empirical evidence on the responsiveness of maize yield to fertilizer use and use intensity and the economics of fertilizer use with or without subsidy. Similar to previous studies in Ghana and Africa south of the Sahara, the results show that there is a statistically significant maize yield response (that is, 1 kilogram of nitrogen leads to a yield increase of 22 kilograms per hectare).</dc:description>
  <dc:relation>IFPRI Discussion Paper</dc:relation>
  <dc:relation>1314</dc:relation>
  <dc:publisher>International Food Policy Research Institute (IFPRI)</dc:publisher>
  <dc:publisher>Washington, D.C.</dc:publisher>
  <dc:language>English</dc:language>
  <dc:description>Discussion paper</dc:description>
  <dc:description>Non-PR</dc:description>
  <dc:subject>GHANA; WEST AFRICA; AFRICA SOUTH OF SAHARA; AFRICA</dc:subject>
  <dc:subject>Fertilizers; yields; crop yield; productivity; Profitability</dc:subject>
  <dc:subject>fertilizer use; fertilizer use intensity; yield response</dc:subject>
  <dc:description>IFPRI1; Theme 6; Subtheme 6.2; GRP32</dc:description>
  <dc:description>DSGD</dc:description>
  <dc:relation>Revisiting agricultural input and farm support subsidies in Africa, IFPRI Discussion Paper 1300: http://ebrary.ifpri.org/cdm/ref/collection/p15738coll2/id/127866   Agricultural commercialization, land expansion, and homegrown large-scale farmers, IFPRI Discussion Paper 1286: http://ebrary.ifpri.org/cdm/ref/collection/p15738coll2/id/127775   Patterns of adoption of improved maize technologies in Ghana, Working Paper http://ebrary.ifpri.org/cdm/ref/collection/p15738coll2/id/127766</dc:relation>
  <dc:format>44 pages</dc:format>
  <dc:identifier>http://www.ifpri.org/publication/moving-right-direction</dc:identifier>
  <dc:format>885838 Bytes</dc:format>
  <dc:type>Discussion paper</dc:type>
  <dc:date>2014-01-08</dc:date>
  <dc:date>2015-01-24</dc:date>
  <dc:identifier>127985</dc:identifier>
  <dc:identifier>http://cdm15738.contentdm.oclc.org/cdm/ref/collection/p15738coll2/id/127985</dc:identifier>
</oai_dc:dc>