<oai_dc:dc xmlns:oai_dc="http://www.openarchives.org/OAI/2.0/oai_dc/" xmlns:dc="http://purl.org/dc/elements/1.1/" xmlns:xsi="http://www.w3.org/2001/XMLSchema-instance" xsi:schemaLocation="http://www.openarchives.org/OAI/2.0/oai_dc/ http://www.openarchives.org/OAI/2.0/oai_dc.xsd">
  <dc:title>An ex ante analysis of the impact and cost-effectiveness of biofortified high-provitamin A and high-iron banana in Uganda</dc:title>
  <dc:creator>Fiedler, John L.; Kilkuwe, Enoch M.; Birol, Ekin</dc:creator>
  <dc:date>2013</dc:date>
  <dc:description>Using the Ugandan National Household Survey of 2005/06, we analyzed the production and consumption patterns of highland cooking banana (nakinyika) and sweet banana (sukalindizi). Informed by the empirical findings, we developed geographically differentiated adoption, production, consumption, and diffusion patterns for several types of HPVAHIB. Based on households’ reported quantities of each type of banana currently consumed, we estimated the number of people consuming each banana and the quantities they consume, and then simulated the additional intakes of vitamin A and iron and estimated the number of disability-adjusted life years (DALYs) saved attributable to each.</dc:description>
  <dc:relation>IFPRI Discussion Paper</dc:relation>
  <dc:relation>1277</dc:relation>
  <dc:publisher>International Food Policy Research Institute (IFPRI)</dc:publisher>
  <dc:publisher>Washington, D.C.</dc:publisher>
  <dc:language>English</dc:language>
  <dc:description>Discussion paper</dc:description>
  <dc:description>Non-PR</dc:description>
  <dc:subject>UGANDA; EAST AFRICA; AFRICA SOUTH OF SAHARA; AFRICA</dc:subject>
  <dc:subject>Nutrition; Biofortification; cost benefit analysis; Vitamin A; banana; Micronutrients; Vitamin A deficiency; Iron supplementation</dc:subject>
  <dc:description>IFPRI1; Theme 8; CRP4</dc:description>
  <dc:description>PHND; HarvestPlus; A4NH</dc:description>
  <dc:relation>Hess, S. J., D. I. Thurnham, and R. F. Hurrell. 2005. Influence of Provitamin A Carotenoids on Iron, Zinc, and Vitamin A Status. HarvestPlus Technical Monograph Series 6. http://ebrary.ifpri.org/cdm/ref/collection/p15738coll2/id/125204 

Smale, M., and W. K. Tushemereirwe, eds. 2007. An Economic Assessment of Banana Genetic Improvement and Innovation in the Lake Victoria Region of Uganda and Tanzania. IFPRI Research Report 155. http://ebrary.ifpri.org/cdm/ref/collection/p15738coll2/id/125290

Stein, A. J., J. V. Meenakshi, M. Qaim, P. Nestel, H. P. S. Sachdev, and Z. A. Butta. 2005. Analyzing the Health Benefits of Biofortified Staple Crops by Means of the DALY Approach. HarvestPlus Technical Monograph No. 4. http://ebrary.ifpri.org/cdm/ref/collection/p15738coll2/id/125191</dc:relation>
  <dc:format>44 pages</dc:format>
  <dc:identifier>http://www.ifpri.org/publication/ex-ante-analysis-impact-and-cost-effectiveness-biofortified-high-provitamin-and-high-iro</dc:identifier>
  <dc:format>1235983 Bytes</dc:format>
  <dc:description>CGIAR Research Program on Agriculture for Nutrition and Health (A4NH)</dc:description>
  <dc:type>Discussion paper</dc:type>
  <dc:date>2013-07-17</dc:date>
  <dc:date>2015-01-24</dc:date>
  <dc:identifier>127755</dc:identifier>
  <dc:identifier>http://cdm15738.contentdm.oclc.org/cdm/ref/collection/p15738coll2/id/127755</dc:identifier>
</oai_dc:dc>