<oai_dc:dc xmlns:oai_dc="http://www.openarchives.org/OAI/2.0/oai_dc/" xmlns:dc="http://purl.org/dc/elements/1.1/" xmlns:xsi="http://www.w3.org/2001/XMLSchema-instance" xsi:schemaLocation="http://www.openarchives.org/OAI/2.0/oai_dc/ http://www.openarchives.org/OAI/2.0/oai_dc.xsd">
  <dc:title>Low emission development strategies for agriculture and other land uses: The case of Colombia</dc:title>
  <dc:creator>De Pinto, Alessandro; Haruna, Akiko; Creamer, Bernardo; Hyman, Glenn; Li, Man; Kwon, Ho Young; Garcia, Jhon Brayan Valencia; Coca, Alejandro Castro; Tapasco, Jeimar; Martinez, Jesus David; Hoyos, Jesus David</dc:creator>
  <dc:date>2014</dc:date>
  <dc:description>The purpose of the work presented in this report is to demonstrate that policymakers have tools at their disposal that provide significant help in the evaluation of trade-offs, opportunities, and repercussions of the policies under consideration. This report focuses on Colombia, however the analytical framework can be applied to any country interested in exploring country-wide effects and economic viability of policies that aim to reduce GHG emissions from agriculture. Results provided in this study should be seen as an example of the potential applications of the framework developed. We were able to identify policies covering the entire spectrum of potential outcomes: win-win policies (reduce land allocated to pasture), policies with tradeoffs (reduce deforestation in the Amazon) and policies that seem to generate clearly inferior results (increase the area allocate to palm cultivation).</dc:description>
  <dc:publisher>International Food Policy Research Institute (IFPRI); International Center for Tropical Agriculture (CIAT)</dc:publisher>
  <dc:publisher>Washington, D.C.; Cali, Colombia</dc:publisher>
  <dc:language>English</dc:language>
  <dc:description>Report</dc:description>
  <dc:source>Presented at Herramientas y Métodos para la Planeación y Toma de Decisiones en Agricultura y Cambio Climático. Lima, Peru. December 2, 2014</dc:source>
  <dc:description>Non-PR</dc:description>
  <dc:subject>COLOMBIA; LATIN AMERICA; SOUTH AMERICA</dc:subject>
  <dc:subject>Climate change; Land use; Agriculture; Agricultural policies; Agroforestry; Deforestation; Land clearing; Economic development; emission reduction</dc:subject>
  <dc:subject>poverty alleviation</dc:subject>
  <dc:description>IFPRI2; CRP7</dc:description>
  <dc:description>EPTD</dc:description>
  <dc:format>59 pages</dc:format>
  <dc:format>4137755 Bytes</dc:format>
  <dc:description>CGIAR Research Program on Climate Change, Agriculture and Food Security (CCAFS); CGIAR Research Program on Forest, Trees and Agroforestry (FTA)</dc:description>
  <dc:type>Report</dc:type>
  <dc:date>2014-12-02</dc:date>
  <dc:date>2015-01-21</dc:date>
  <dc:identifier>128679</dc:identifier>
  <dc:identifier>http://cdm15738.contentdm.oclc.org/cdm/ref/collection/p15738coll2/id/128679</dc:identifier>
</oai_dc:dc>