<oai_dc:dc xmlns:oai_dc="http://www.openarchives.org/OAI/2.0/oai_dc/" xmlns:dc="http://purl.org/dc/elements/1.1/" xmlns:xsi="http://www.w3.org/2001/XMLSchema-instance" xsi:schemaLocation="http://www.openarchives.org/OAI/2.0/oai_dc/ http://www.openarchives.org/OAI/2.0/oai_dc.xsd">
  <dc:title>Women’s participation in agricultural cooperatives in Ethiopia</dc:title>
  <dc:creator>Woldu, Thomas; Tadesse, Fanaye; Waller, Marie-Katherine</dc:creator>
  <dc:date>2013</dc:date>
  <dc:description>This paper uses a rich dataset from a survey undertaken by the Ethiopian Economic Association (EEA) and the Interna-tional Food Policy Research Institute (IFPRI) in 2009 in eight woredas in seven regions of Ethiopia with a sample of 1,117 households and 73 agricultural cooperatives. Using descriptive statistics and econometric analysis under a critical gender lens, the paper identifies which cooperative, household, and individual level characteristics influence women’s participation in agricultural cooperatives. The findings suggest that a major barrier to women’s access are gender biases within households, communities, and cooperatives themselves that favor educated male household heads and land owners over resource-poor women.</dc:description>
  <dc:relation>ESSP II Working Paper;</dc:relation>
  <dc:relation>57</dc:relation>
  <dc:publisher>International Food Policy Research Institute (IFPRI); Ethiopian Development Research Institute (EDRI);</dc:publisher>
  <dc:publisher>Washington, D.C.;</dc:publisher>
  <dc:language>English;</dc:language>
  <dc:description>Working paper;</dc:description>
  <dc:description>Non-PR</dc:description>
  <dc:subject>ETHIOPIA; EAST AFRICA; AFRICA SOUTH OF SAHARA; AFRICA;</dc:subject>
  <dc:subject>Cooperatives; agricultural cooperatives; Women; Gender; women empowerment; Women in agriculture.; Participation; Gender equality; Household behavior;</dc:subject>
  <dc:description>IFPRI2; ESSP;</dc:description>
  <dc:description>DSGD;</dc:description>
  <dc:format>22 pages</dc:format>
  <dc:identifier>http://www.ifpri.org/publication/women-s-participation-agricultural-cooperatives-ethiopia</dc:identifier>
  <dc:format>802337 Bytes</dc:format>
  <dc:type>Project paper</dc:type>
  <dc:date>2013-07-04</dc:date>
  <dc:date>2015-01-29</dc:date>
  <dc:identifier>127748</dc:identifier>
  <dc:identifier>http://cdm15738.contentdm.oclc.org/cdm/ref/collection/p15738coll2/id/127748</dc:identifier>
</oai_dc:dc>