<oai_dc:dc xmlns:oai_dc="http://www.openarchives.org/OAI/2.0/oai_dc/" xmlns:dc="http://purl.org/dc/elements/1.1/" xmlns:xsi="http://www.w3.org/2001/XMLSchema-instance" xsi:schemaLocation="http://www.openarchives.org/OAI/2.0/oai_dc/ http://www.openarchives.org/OAI/2.0/oai_dc.xsd">
  <dc:title>Determinants and impact of sustainable land and watershed management investments: A systems evaluation in the Blue Nile Basin, Ethiopia</dc:title>
  <dc:creator>Schmidt, Emily; Chinowsky, Paul; Robinson, Sherman; Strzepek, Kenneth M.</dc:creator>
  <dc:date>2014</dc:date>
  <dc:relation>ESSP II Working Paper</dc:relation>
  <dc:relation>62</dc:relation>
  <dc:publisher>International Food Policy Research Institute (IFPRI); Ethiopian Development Research Institute (EDRI)</dc:publisher>
  <dc:publisher>Washington, D.C.; Addis Ababa, Ethiopia</dc:publisher>
  <dc:language>English</dc:language>
  <dc:description>Working paper</dc:description>
  <dc:description>Non-PR</dc:description>
  <dc:subject>ETHIOPIA; EAST AFRICA; AFRICA SOUTH OF SAHARA; AFRICA</dc:subject>
  <dc:subject>Water management; Sustainability; Land management; River basins</dc:subject>
  <dc:description>IFPRI2; ESSP</dc:description>
  <dc:description>DSGD; EPTD</dc:description>
  <dc:format>22 pages</dc:format>
  <dc:format>1062373 Bytes</dc:format>
  <dc:description>CGIAR Research Program on Policies, Institutions, and Markets (PIM)</dc:description>
  <dc:date>2014-02-12</dc:date>
  <dc:date>2014-10-28</dc:date>
  <dc:identifier>128024</dc:identifier>
  <dc:identifier>http://cdm15738.contentdm.oclc.org/cdm/ref/collection/p15738coll2/id/128024</dc:identifier>
</oai_dc:dc>