<oai_dc:dc xmlns:oai_dc="http://www.openarchives.org/OAI/2.0/oai_dc/" xmlns:dc="http://purl.org/dc/elements/1.1/" xmlns:xsi="http://www.w3.org/2001/XMLSchema-instance" xsi:schemaLocation="http://www.openarchives.org/OAI/2.0/oai_dc/ http://www.openarchives.org/OAI/2.0/oai_dc.xsd">
  <dc:title>The fertilizer industry in Cambodia: Market, challenges and the way forward</dc:title>
  <dc:creator>Vuthy, Theng; Pirom, Khiev; Dary, Phon</dc:creator>
  <dc:date>2014</dc:date>
  <dc:description>The agricultural sector plays a crucial role in Cambodia’s economy, and accounts for approximately 27.3 percent of GDP. Crop cultiva-tion on Cambodia’s 4 million ha of agricultural land has become more challenging with each passing year due to low soil fertility (White et al., 1997). Fertilizer application is crucial for nutrient replenishment, increased crop yield and elevated crop biomass which is necessary for moisture retention and nutrient efficiency (Bumb, 1996). Cambodia expects a large proportion of improved crop produc-tion to derive from increasing crop yields, and fertilizer is expected to play a major part in meeting future demands for crop intensifica-tion and greater food security (RGC 2010).</dc:description>
  <dc:relation>ReSAKSS Policy Note</dc:relation>
  <dc:relation>6</dc:relation>
  <dc:publisher>International Food Policy Research Institute (IFPRI)</dc:publisher>
  <dc:publisher>Washington, D.C.</dc:publisher>
  <dc:language>English</dc:language>
  <dc:description>Project paper</dc:description>
  <dc:description>Non-PR</dc:description>
  <dc:subject>CAMBODIA; SOUTH EAST ASIA; ASIA</dc:subject>
  <dc:subject>Fertilizers; farm inputs; Agricultural development</dc:subject>
  <dc:description>IFPRI1; ReSAKSS</dc:description>
  <dc:description>DSGD</dc:description>
  <dc:format>5 pages</dc:format>
  <dc:format>634000 Bytes</dc:format>
  <dc:type>Project paper</dc:type>
  <dc:date>2015-01-06</dc:date>
  <dc:date>2015-01-10</dc:date>
  <dc:identifier>128917</dc:identifier>
  <dc:identifier>http://cdm15738.contentdm.oclc.org/cdm/ref/collection/p15738coll2/id/128917</dc:identifier>
</oai_dc:dc>