<oai_dc:dc xmlns:oai_dc="http://www.openarchives.org/OAI/2.0/oai_dc/" xmlns:dc="http://purl.org/dc/elements/1.1/" xmlns:xsi="http://www.w3.org/2001/XMLSchema-instance" xsi:schemaLocation="http://www.openarchives.org/OAI/2.0/oai_dc/ http://www.openarchives.org/OAI/2.0/oai_dc.xsd">
  <dc:title>Medium and large-scale farmers and agricultural mechanization in Ghana: Survey results</dc:title>
  <dc:creator>Chapoto, Antony; Houssou, Nazaire; Mabiso, Athur; Cossar, Frances</dc:creator>
  <dc:date>2014</dc:date>
  <dc:description>This survey was planned and executed in order to address key policy and research questions which have arisen as priorities for the research agenda, but for which there has been a lingering data gap. Successful commercialization of farming enterprises and f</dc:description>
  <dc:publisher>International Food Policy Research Institute (IFPRI)</dc:publisher>
  <dc:publisher>Washington, D.C.</dc:publisher>
  <dc:language>English</dc:language>
  <dc:description>Report</dc:description>
  <dc:description>Non-PR</dc:description>
  <dc:subject>GHANA; WEST AFRICA; AFRICA SOUTH OF SAHARA; AFRICA</dc:subject>
  <dc:subject>Agricultural develeopment; Smallholders; Agricultural policies; mechanization; farm inputs; productivity; Gender; Women; Demography; households; Surveys; assets; land acquisition; Inheritance</dc:subject>
  <dc:subject>agricultural transformation</dc:subject>
  <dc:description>IFPRI1; GSSP; CRP2</dc:description>
  <dc:description>DSGD; PIM</dc:description>
  <dc:description>CGIAR Research Program on Policies, Institutions, and Markets (PIM)</dc:description>
  <dc:date>2014-10-28</dc:date>
  <dc:date>2014-10-28</dc:date>
  <dc:identifier>128203</dc:identifier>
  <dc:identifier>http://cdm15738.contentdm.oclc.org/cdm/ref/collection/p15738coll2/id/128203</dc:identifier>
</oai_dc:dc>