<oai_dc:dc xmlns:oai_dc="http://www.openarchives.org/OAI/2.0/oai_dc/" xmlns:dc="http://purl.org/dc/elements/1.1/" xmlns:xsi="http://www.w3.org/2001/XMLSchema-instance" xsi:schemaLocation="http://www.openarchives.org/OAI/2.0/oai_dc/ http://www.openarchives.org/OAI/2.0/oai_dc.xsd">
  <dc:title>Assessing the economic benefits of sustainable land management practices in Bhutan</dc:title>
  <dc:creator>Nkonya, Ephraim M.; Srinivasan, Raghavan; Anderson, Weston; Kato, Edward</dc:creator>
  <dc:date>2014</dc:date>
  <dc:description>This study was conducted with the objective of determining the returns to sustainable land management (SLM) at the national level in Bhutan. The study first uses satellite data on land change (Landsat) to examine land use change in 1990–2010 and its impact on sediment loading in hydroelectric power plants. The study then uses the Soil and Water Assessment Tool (SWAT) model to analyze the impact of land use change and land management on sediment loading. The results from the land use change and SWAT analyses are used to assess the economic benefits of SLM.</dc:description>
  <dc:relation>IFPRI Discussion Paper</dc:relation>
  <dc:relation>1361</dc:relation>
  <dc:publisher>International Food Policy Research Institute (IFPRI)</dc:publisher>
  <dc:publisher>Washington, D.C.</dc:publisher>
  <dc:language>English</dc:language>
  <dc:description>Discussion paper</dc:description>
  <dc:description>Non-PR</dc:description>
  <dc:subject>BHUTAN; SOUTH ASIA; ASIA</dc:subject>
  <dc:subject>Land management; Land degradation; Soil fertility; Sustainability; Hydroelectric power; Land use</dc:subject>
  <dc:subject>sustainable land management; Soil and water assessment tool</dc:subject>
  <dc:description>IFPRI1; A.2 Sustainable Natural Resource Policies; CRP2; CRP5</dc:description>
  <dc:description>EPTD; PIM</dc:description>
  <dc:relation>http://www.ifpri.org/book-8568/node/10020  http://www.ifpri.org/node/8441  http://www.ifpri.org/blog/land-degradation-bad-humans-bad-biodiversity</dc:relation>
  <dc:format>64 pages</dc:format>
  <dc:identifier>http://www.ifpri.org/publication/assessing-economic-benefits-sustainable-land-management-practices-bhutan</dc:identifier>
  <dc:format>2890521 Bytes</dc:format>
  <dc:description>CGIAR Research Program on Policies, Institutions, and Markets (PIM); CGIAR Research Program on Water, Land and Ecosystems (WLE)</dc:description>
  <dc:type>Discussion paper</dc:type>
  <dc:date>2014-08-04</dc:date>
  <dc:date>2015-02-11</dc:date>
  <dc:identifier>128241</dc:identifier>
  <dc:identifier>http://cdm15738.contentdm.oclc.org/cdm/ref/collection/p15738coll2/id/128241</dc:identifier>
</oai_dc:dc>