<oai_dc:dc xmlns:oai_dc="http://www.openarchives.org/OAI/2.0/oai_dc/" xmlns:dc="http://purl.org/dc/elements/1.1/" xmlns:xsi="http://www.w3.org/2001/XMLSchema-instance" xsi:schemaLocation="http://www.openarchives.org/OAI/2.0/oai_dc/ http://www.openarchives.org/OAI/2.0/oai_dc.xsd">
  <dc:title>HIV/AIDS Mortality and the Role of Woodland Resources in the Maintenance of Household Food Security in a Rural District of South Africa</dc:title>
  <dc:creator>Twine, Wayne; Hunter, Lori</dc:creator>
  <dc:date>2008</dc:date>
  <dc:description>This study examined food security among HIV/AIDS-impacted households (compared to non-HIV/AIDS-impacted households) in rural South Africa, with a particular focus on the role of savanna woodland resources (e.g. wild foods) in shaping household resilience following the death of a prime-age adult. The study was conducted in the Agincourt health and demographic surveillance site in the rural north-east of South Africa. A cross-sectional survey was conducted in 290 rural households in May and June 2006.</dc:description>
  <dc:language>English</dc:language>
  <dc:description>Working paper</dc:description>
  <dc:description>Non-PR</dc:description>
  <dc:subject>HIV/AIDS; infectious diseases; households</dc:subject>
  <dc:description>IFPRI1; GRP33; RENEWAL</dc:description>
  <dc:description>FCND</dc:description>
  <dc:format>42 pages</dc:format>
  <dc:identifier>http://www.ifpri.org/publication/social-impact-cash-transfers</dc:identifier>
  <dc:format>150551 Bytes</dc:format>
  <dc:type>noType</dc:type>
  <dc:date>2014-10-21</dc:date>
  <dc:date>2014-12-20</dc:date>
  <dc:identifier>128378</dc:identifier>
  <dc:identifier>http://cdm15738.contentdm.oclc.org/cdm/ref/collection/p15738coll2/id/128378</dc:identifier>
</oai_dc:dc>