<oai_dc:dc xmlns:oai_dc="http://www.openarchives.org/OAI/2.0/oai_dc/" xmlns:dc="http://purl.org/dc/elements/1.1/" xmlns:xsi="http://www.w3.org/2001/XMLSchema-instance" xsi:schemaLocation="http://www.openarchives.org/OAI/2.0/oai_dc/ http://www.openarchives.org/OAI/2.0/oai_dc.xsd">
  <dc:title>Hydrological modeling of sustainable land management interventions in the Mizewa watershed of the Blue Nile Basin</dc:title>
  <dc:creator>Schmidt, Emily; Zemadim, Birhanu</dc:creator>
  <dc:date>2014</dc:date>
  <dc:description>This analysis utilizes recent hydrological and meteorological data collected from the Mizewa watershed in order to better understand the physical impact of SLWM investments. The effectiveness of the simulated conservation practices (terraces, bunds, and residue management) are evaluated using the Soil and Water Assessment Tool (SWAT) model taking into account investment decisions on different terrain types.</dc:description>
  <dc:relation>ESSP II Working Paper</dc:relation>
  <dc:relation>61</dc:relation>
  <dc:publisher>International Food Policy Research Institute (IFPRI); Ethiopian Development Research Institute (EDRI)</dc:publisher>
  <dc:publisher>Washington, D.C.; Addis Ababa, Ethiopia</dc:publisher>
  <dc:language>English</dc:language>
  <dc:description>Working paper</dc:description>
  <dc:description>Non-PR</dc:description>
  <dc:subject>ETHIOPIA; EAST AFRICA; AFRICA SOUTH OF SAHARA; AFRICA</dc:subject>
  <dc:subject>Water management; Sustainability; Land management; River basins</dc:subject>
  <dc:description>IFPRI2; ESSP; CRP2</dc:description>
  <dc:description>DSGD; PIM</dc:description>
  <dc:format>28 pages</dc:format>
  <dc:identifier>http://www.ifpri.org/publication/hydrological-modeling-sustainable-land-management-interventions-mizewa-watershed-blue-ni</dc:identifier>
  <dc:format>1048576 bytes</dc:format>
  <dc:description>CGIAR Research Program on Policies, Institutions, and Markets (PIM)</dc:description>
  <dc:type>noType</dc:type>
  <dc:date>2014-02-06</dc:date>
  <dc:date>2014-06-28</dc:date>
  <dc:identifier>128008</dc:identifier>
  <dc:identifier>http://cdm15738.contentdm.oclc.org/cdm/ref/collection/p15738coll2/id/128008</dc:identifier>
</oai_dc:dc>