<oai_dc:dc xmlns:oai_dc="http://www.openarchives.org/OAI/2.0/oai_dc/" xmlns:dc="http://purl.org/dc/elements/1.1/" xmlns:xsi="http://www.w3.org/2001/XMLSchema-instance" xsi:schemaLocation="http://www.openarchives.org/OAI/2.0/oai_dc/ http://www.openarchives.org/OAI/2.0/oai_dc.xsd">
  <dc:title>The determinants and extent of crop diversification among smallholder farmers: A case study of Southern Province, Zambia</dc:title>
  <dc:creator>Sichoongwe, Kiru; Mapemba, Lawrence; Ng'ong'ola, Davies; Tembo, Gelson</dc:creator>
  <dc:date>2014</dc:date>
  <dc:description>This study analyzed the determinants of crop diversification as well as the factors influencing the extent of crop diversification by smallholder farmers in Southern province. The study used secondary data from the Central Statistical Office of Zambia. Results from a double-hurdle model analysis indicates that landholding size, fertilizer quantity, distance to market, and the type of tillage mechanism adopted have a strong influence on whether a farmer practices crop diversification. Our findings have important implications for policies that are designed to enhance crop diversification. In particular, our results suggest the need for government to consider undertaking policies that will enhance farmers’ access to and control over land, that will provide farmers with improved access to agricultural imple-ments like ploughs, and that will bring trading markets closer to farmers.</dc:description>
  <dc:relation>MaSSP Working Paper</dc:relation>
  <dc:relation>5</dc:relation>
  <dc:publisher>International Food Policy Research Institute (IFPRI)</dc:publisher>
  <dc:publisher>Washington, D.C.</dc:publisher>
  <dc:language>English</dc:language>
  <dc:description>Working paper</dc:description>
  <dc:description>Non-PR</dc:description>
  <dc:subject>ZAMBIA; SOUTHERN AFRICA; AFRICA SOUTH OF SAHARA; AFRICA</dc:subject>
  <dc:subject>Crop diversification; Agricultural policies; Food production; maize; Smallholders; farm inputs; Fertilizers; Land rights</dc:subject>
  <dc:subject>double-hurdle model</dc:subject>
  <dc:description>IFPRI1; MaSSP; CRP2</dc:description>
  <dc:description>DSGD; PIM</dc:description>
  <dc:format>14 pages</dc:format>
  <dc:identifier>http://www.ifpri.org/publication/determinants-and-extent-crop-diversification-among-smallholder-farmers</dc:identifier>
  <dc:format>745000 Bytes</dc:format>
  <dc:description>CGIAR Research Program on Policies, Institutions, and Markets (PIM)</dc:description>
  <dc:type>Project paper</dc:type>
  <dc:date>2014-06-12</dc:date>
  <dc:date>2015-01-04</dc:date>
  <dc:identifier>128183</dc:identifier>
  <dc:identifier>http://cdm15738.contentdm.oclc.org/cdm/ref/collection/p15738coll2/id/128183</dc:identifier>
</oai_dc:dc>