<oai_dc:dc xmlns:oai_dc="http://www.openarchives.org/OAI/2.0/oai_dc/" xmlns:dc="http://purl.org/dc/elements/1.1/" xmlns:xsi="http://www.w3.org/2001/XMLSchema-instance" xsi:schemaLocation="http://www.openarchives.org/OAI/2.0/oai_dc/ http://www.openarchives.org/OAI/2.0/oai_dc.xsd">
  <dc:title>Investigating the impact of climate change on agricultural production in eastern and southern African countries</dc:title>
  <dc:creator>Belloumi, Mounir</dc:creator>
  <dc:date>2014</dc:date>
  <dc:description>Climate change has been a significant issue since the end of the 20th century, and impacts a variety of economic sectors, primarily agriculture. The negative impacts of climate change on agricultural production are important because agriculture is closely linked to food security. Although they contribute the least to global pollution, it is estimated that African countries will be the most affected by climate variability. Our paper analyzes the impact of climate change on agricultural production in 11 Eastern and Southern African countries (ESA) during the period from 1961 to 2011 and estimates a panel data model for agricultural production using climate variables (e.g., annual precipitation and annual mean temperature) and economic factors (e.g., livelihood, fertilizer use, machinery, agricultural land, and labor) as explanatory variables.</dc:description>
  <dc:relation>AGRODEP Working Paper</dc:relation>
  <dc:relation>3</dc:relation>
  <dc:publisher>International Food Policy Research Institute (IFPRI)</dc:publisher>
  <dc:publisher>Washington, D.C.</dc:publisher>
  <dc:language>English</dc:language>
  <dc:description>Working paper</dc:description>
  <dc:description>Non-PR</dc:description>
  <dc:subject>EAST AFRICA; AFRICA SOUTH OF SAHARA; AFRICA;</dc:subject>
  <dc:subject>agricultural products; Climate change; Panel data;</dc:subject>
  <dc:description>IFPRI1; AGRODEP</dc:description>
  <dc:description>MTID</dc:description>
  <dc:format>26 pages</dc:format>
  <dc:identifier>http://www.agrodep.org/resource/investigating-impact-climate-change-agricultural-production-eastern-and-southern-african-co</dc:identifier>
  <dc:format>544244 Bytes</dc:format>
  <dc:type>noType</dc:type>
  <dc:date>2014-07-25</dc:date>
  <dc:date>2014-08-21</dc:date>
  <dc:identifier>128227</dc:identifier>
  <dc:identifier>http://cdm15738.contentdm.oclc.org/cdm/ref/collection/p15738coll2/id/128227</dc:identifier>
</oai_dc:dc>