<oai_dc:dc xmlns:oai_dc="http://www.openarchives.org/OAI/2.0/oai_dc/" xmlns:dc="http://purl.org/dc/elements/1.1/" xmlns:xsi="http://www.w3.org/2001/XMLSchema-instance" xsi:schemaLocation="http://www.openarchives.org/OAI/2.0/oai_dc/ http://www.openarchives.org/OAI/2.0/oai_dc.xsd">
  <dc:title>Efficiency and productivity differential effects of land certification program in Ethiopia: Quasi-experimental evidence from Tigray</dc:title>
  <dc:creator>Hagos, Hosaena Ghebru; Holden, Stein</dc:creator>
  <dc:date>2014</dc:date>
  <dc:description>Taking advantage of a unique quasi-experi-mental survey design, this study analyzes the productivity impacts of the Ethiopian land certification program by identify-ing how the investment effects (technological gains) would measure up against the benefits from any improvements in input use intensity (technical efficiency). For this purpose, we adopted a data envelopment analysis-based Malmquist-type productivity index to decompose productivity differences into (1) within-group farm efficiency differences, reflecting the technical efficiency effect, and (2) differences in the group production frontier, reflecting the long-term investment (technological) effects. The results show that farms without a land use certificate are, on aggregate, less productive than those with formalized use rights.</dc:description>
  <dc:relation>ESSP II Working Paper</dc:relation>
  <dc:relation>64</dc:relation>
  <dc:publisher>International Food Policy Research Institute (IFPRI); Ethiopian Development Research Institute (EDRI)</dc:publisher>
  <dc:publisher>Washington, D.C.; Addis Ababa, Ethiopia</dc:publisher>
  <dc:language>English</dc:language>
  <dc:description>Working paper</dc:description>
  <dc:description>Non-PR</dc:description>
  <dc:subject>ETHIOPIA; EAST AFRICA; AFRICA SOUTH OF SAHARA; AFRICA</dc:subject>
  <dc:subject>Land rights; Land ownership; productivity</dc:subject>
  <dc:subject>land certification; data envelopment analysis; Malmquist index;  quasi experimental design</dc:subject>
  <dc:description>IFPRI2; ESSP; CRP2</dc:description>
  <dc:description>DSGD; PIM</dc:description>
  <dc:format>23 pages</dc:format>
  <dc:format>1089417 Bytes</dc:format>
  <dc:description>CGIAR Research Program on Policies, Institutions, and Markets (PIM)</dc:description>
  <dc:date>2014-04-14</dc:date>
  <dc:date>2014-10-28</dc:date>
  <dc:identifier>128127</dc:identifier>
  <dc:identifier>http://cdm15738.contentdm.oclc.org/cdm/ref/collection/p15738coll2/id/128127</dc:identifier>
</oai_dc:dc>