<oai_dc:dc xmlns:oai_dc="http://www.openarchives.org/OAI/2.0/oai_dc/" xmlns:dc="http://purl.org/dc/elements/1.1/" xmlns:xsi="http://www.w3.org/2001/XMLSchema-instance" xsi:schemaLocation="http://www.openarchives.org/OAI/2.0/oai_dc/ http://www.openarchives.org/OAI/2.0/oai_dc.xsd">
  <dc:title>2013 Global hunger index : The challenge of hunger : Building resilience to achieve food and nutrition security</dc:title>
  <dc:creator>von Grebmer, Klaus; Headey, Derek D.; Olofinbiyi, Tolulope; Wiesmann, Doris; Yin, Sandra; Yohannes, Yisehac; Foley, Connell; von Oppeln, Constanze; Iseli, Bettina; Béné, Christophe; Haddad, Lawrence James</dc:creator>
  <dc:date>2013</dc:date>
  <dc:description>The 2013 Global Hunger Index (GHI), which reflects data from the period 2008-2012, shows that global hunger has improved since 1990, falling by one-third. Despite the progress made, the level of hunger in the world remains “serious,” with 870 million people going hungry, according to estimates by the Food and Agriculture Organiza­tion of the United Nations.Across regions and countries, GHI scores vary considerably. South Asia and Africa south of the Sahara are home to the highest GHI scores. South Asia significantly lowered its GHI score between 1990 and 1995, mainly thanks to a large decline in underweight in children, but was not able to maintain its fast progress. Social inequality and the low nutritional, educational, and social status of women continue to contrib­ute to the high prevalence of underweight in children under five. Africa south of the Sahara did not advance as much as South Asia in the 1990s. Since the turn of the millennium, however, Africa south of the Sahara has shown real progress, and its GHI score is now lower than South Asia’s. More political stability in countries earlier affect­ed by civil wars in the 1990s and 2000s meant economic growth could resume. Advances in the fight against HIV and AIDS, a decrease in the prevalence of malaria, and higher immunization rates contributed to a reduction in child mortality. Since 1990, 23 countries made significant progress, reducing their GHI scores by 50 percent or more. Twenty-seven countries moved out of the “extremely alarming” and “alarming” categories. In terms of absolute progress, the top ten countries in terms of improvements in GHI scores since 1990 were Angola, Bangladesh, Cambodia, Ethiopia, Ghana, Malawi, Niger, Rwanda, Thailand, and Vietnam.</dc:description>
  <dc:relation>Global Hunger Index</dc:relation>
  <dc:publisher>Deutsche Welthungerhilfe (German AgroAction); International Food Policy Research Institute (IFPRI); Concern Worldwide</dc:publisher>
  <dc:publisher>Bonn, Germany; Washington, D.C.; Dublin, Ireland</dc:publisher>
  <dc:language>English</dc:language>
  <dc:description>Book</dc:description>
  <dc:identifier>9780896299511</dc:identifier>
  <dc:identifier>http://dx.doi.org/10.2499/9780896299511</dc:identifier>
  <dc:identifier>10.2499/9780896299511</dc:identifier>
  <dc:description>Non-PR</dc:description>
  <dc:subject>CARIBBEAN; Commonwealth of Independent States; LATIN AMERICA; MIDDLE EAST; NORTH AFRICA; EAST AFRICA; EAST ASIA; SOUTH ASIA; EASTERN EUROPE; SOUTHERN AFRICA; AFRICA SOUTH OF SAHARA; AFRICA; ASIA</dc:subject>
  <dc:subject>Developing countries; Food availability; food crises; food crisis; Food prices; food security; Nutrition security; Nutrition; malnutrition; undernourishment; Hunger; Undernutrition; Mortality; Underweight; Children; Land degradation; Natural resources; Sustainable development; Sustainability; Sustainable livelihoods; Climate change; Water; Natural disasters; disaster relief; Environmental disasters; Environmental risk; Environmental policies</dc:subject>
  <dc:subject>resilience; environmental shocks</dc:subject>
  <dc:description>IFPRI2</dc:description>
  <dc:description>PHND; DGO; COM</dc:description>
  <dc:relation>Issue Brief: http://ebrary.ifpri.org/cdm/ref/collection/p15738coll2/id/127839 Tableau Map Visualization: http://public.tableausoftware.com/views/2013GHI/2013GLOBALHUNGERINDEXBYSEVERITY#1</dc:relation>
  <dc:relation>German: http://ebrary.ifpri.org/cdm/ref/collection/p15738coll2/id/127842  Italian: http://ebrary.ifpri.org/cdm/ref/collection/p15738coll2/id/127843 French: http://ebrary.ifpri.org/cdm/ref/collection/p15738coll2/id/127845</dc:relation>
  <dc:relation>Dataverse: http://dx.doi.org/10.7910/DVN/22795 ; Github: http://datahub.io/dataset/2013-global-hunger-index-data</dc:relation>
  <dc:format>66 pages</dc:format>
  <dc:identifier>http://www.ifpri.org/publication/2013-global-hunger-index</dc:identifier>
  <dc:relation>Google books http://books.google.com/books/about?id=4T8-AQAAQBAJ Google Play https://play.google.com/store/books/details/von_Grebmer_Klaus_2013_Global_Hunger_Index?id=4T8-AQAAQBAJ&amp;hl=en iTunes http://www.amazon.com/2013-Global-Hunger-Index-ebook/dp/B00FW11CDG Kindle http://www.amazon.com/2013-Global-Hunger-Index-ebook/dp/B00FW11CDG</dc:relation>
  <dc:format>5142942 Bytes</dc:format>
  <dc:type>noType</dc:type>
  <dc:date>2013-10-14</dc:date>
  <dc:date>2014-12-16</dc:date>
  <dc:identifier>127844</dc:identifier>
  <dc:identifier>http://cdm15738.contentdm.oclc.org/cdm/ref/collection/p15738coll2/id/127844</dc:identifier>
</oai_dc:dc>