<oai_dc:dc xmlns:oai_dc="http://www.openarchives.org/OAI/2.0/oai_dc/" xmlns:dc="http://purl.org/dc/elements/1.1/" xmlns:xsi="http://www.w3.org/2001/XMLSchema-instance" xsi:schemaLocation="http://www.openarchives.org/OAI/2.0/oai_dc/ http://www.openarchives.org/OAI/2.0/oai_dc.xsd">
  <dc:title>Economywide impact of maize export bans on agricultural growth and household welfare in Tanzania: A Dynamic Computable General Equilibrium Model Analysis</dc:title>
  <dc:creator>Diao, Xinshen; Kennedy, Adam; Mabiso, Athur; Pradesha, Angga</dc:creator>
  <dc:date>2013</dc:date>
  <dc:description>We study the impact of export bans in Tanzania using a computable general equilibrium model. We find that although maize is an important food crop in Tanzania, its contribution to food price inflation is rather limited, and that banning cross-border maize exports lowers the national food price index by only 0.6-2.4 percent compared with the free-export scenario. The benefits of lower prices are captured primarily by urban households, but maize producer prices decrease by 7-26 percent, depending on the region. We also find that the export ban decreases the wage rate for low-skilled labor and the returns to land, while returns to nonagricultural capital and wage rate for the skilled labor increase, further hurting poor rural households and thus increasing poverty for the country as a whole.</dc:description>
  <dc:relation>IFPRI Discussion Paper</dc:relation>
  <dc:relation>1287</dc:relation>
  <dc:publisher>International Food Policy Research Institute (IFPRI)</dc:publisher>
  <dc:publisher>Washington, D.C.</dc:publisher>
  <dc:language>English</dc:language>
  <dc:description>Discussion paper</dc:description>
  <dc:description>Non-PR</dc:description>
  <dc:subject>TANZANIA; EAST AFRICA; AFRICA SOUTH OF SAHARA; AFRICA</dc:subject>
  <dc:subject>exports; Commodities; staple crops; maize; Computable general equilibrium (CGE); export bans; trade policies; food price crisis; Food prices; price spikes; Commodity markets; households</dc:subject>
  <dc:subject>C68 Computable General Equilibrium Models</dc:subject>
  <dc:description>IFPRI1; Theme 6; Subtheme 6.2; GRP32; CRP2</dc:description>
  <dc:description>DSGD; PIM</dc:description>
  <dc:relation>Economics of Export Taxation in a Context of Food Crisis: A Theoretical and CGE Approach Contribution; IFPRI Discussion Paper: http://ebrary.ifpri.org/cdm/ref/collection/p15738coll2/id/2291 
Agricultural growth, poverty, and nutrition in Tanzania; IFPRI Discussion Paper: http://ebrary.ifpri.org/cdm/ref/collection/p15738coll2/id/346 
Rethinking the Global Food Crisis: The Role of Trade Shocks; IFPRI Discussion Paper: http://ebrary.ifpri.org/cdm/ref/collection/p15738coll2/id/831
Making agriculture pro-nutrition: Opportunities in Tanzania; IFPRI Discussion Paper: http://ebrary.ifpri.org/cdm/ref/collection/p15738coll2/id/124950</dc:relation>
  <dc:format>28 pages</dc:format>
  <dc:identifier>http://www.ifpri.org/publication/economywide-impact-maize-export-bans-agricultural-growth-and-household-welfare-tanzania</dc:identifier>
  <dc:format>1610778 Bytes</dc:format>
  <dc:description>CGIAR Research Program on Policies, Institutions, and Markets (PIM)</dc:description>
  <dc:type>Discussion paper</dc:type>
  <dc:date>2013-09-05</dc:date>
  <dc:date>2015-01-24</dc:date>
  <dc:identifier>127796</dc:identifier>
  <dc:identifier>http://cdm15738.contentdm.oclc.org/cdm/ref/collection/p15738coll2/id/127796</dc:identifier>
</oai_dc:dc>