<oai_dc:dc xmlns:oai_dc="http://www.openarchives.org/OAI/2.0/oai_dc/" xmlns:dc="http://purl.org/dc/elements/1.1/" xmlns:xsi="http://www.w3.org/2001/XMLSchema-instance" xsi:schemaLocation="http://www.openarchives.org/OAI/2.0/oai_dc/ http://www.openarchives.org/OAI/2.0/oai_dc.xsd">
  <dc:title>Resettlement and food security</dc:title>
  <dc:creator>Mueller, Valerie</dc:creator>
  <dc:date>2013</dc:date>
  <dc:description>In 2011, the International Food Policy Research Institute (IFPRI) collected data for the final round of a panel survey to
evaluate how the resettlement project affected the food security of program participants in the long term. Although
programs like the CBRLDP appear in other African countries, few quantitative evaluations measure the short- or longterm
impact of resettlement policies. However, great lessons can be learned from ongoing research on this matter in
terms of the roles of land reform and migration in improving food security in sub-Saharan Africa.</dc:description>
  <dc:relation>MaSSP Policy Note</dc:relation>
  <dc:relation>16</dc:relation>
  <dc:publisher>International Food Policy Research Institute (IFPRI)</dc:publisher>
  <dc:publisher>Washington, D.C.</dc:publisher>
  <dc:language>English</dc:language>
  <dc:description>Project Note</dc:description>
  <dc:description>Non-PR</dc:description>
  <dc:subject>MALAWI; SOUTHERN AFRICA; AFRICA SOUTH OF SAHARA; AFRICA</dc:subject>
  <dc:subject>food security; Land reform; Land management; Migration; Agricultural productivity</dc:subject>
  <dc:description>IFPRI1; MaSSP</dc:description>
  <dc:description>DSGD</dc:description>
  <dc:format>4 pages</dc:format>
  <dc:identifier>http://www.ifpri.org/publication/resettlement-and-food-security</dc:identifier>
  <dc:format>375584 Bytes</dc:format>
  <dc:type>Project paper</dc:type>
  <dc:date>2013-07-04</dc:date>
  <dc:date>2015-01-28</dc:date>
  <dc:identifier>127750</dc:identifier>
  <dc:identifier>http://cdm15738.contentdm.oclc.org/cdm/ref/collection/p15738coll2/id/127750</dc:identifier>
</oai_dc:dc>