<oai_dc:dc xmlns:oai_dc="http://www.openarchives.org/OAI/2.0/oai_dc/" xmlns:dc="http://purl.org/dc/elements/1.1/" xmlns:xsi="http://www.w3.org/2001/XMLSchema-instance" xsi:schemaLocation="http://www.openarchives.org/OAI/2.0/oai_dc/ http://www.openarchives.org/OAI/2.0/oai_dc.xsd">
  <dc:title>Climate-smart agricultural practices in rural Ethiopia: The gender-differentiated impact of land rights knowledge</dc:title>
  <dc:creator>Quisumbing, Agnes R.; Kumar, Neha</dc:creator>
  <dc:creator>0000-0002-5429-1857 Quisumbing, A. R.</dc:creator>
  <dc:date>2014</dc:date>
  <dc:description>This policy note summarizes research examining the medium-term impact of land registration in Ethiopia on household investment behavior, specifically in terms of the adoption of soil conservation techniques and tree planting. The research investigated whether men’s and women’s knowledge of their land rights—defined as tenure security, land transfer rights, and rights related to gender equity and inheritance—had an impact on their investment behavior.</dc:description>
  <dc:publisher>International Food Policy Research Institute (IFPRI)</dc:publisher>
  <dc:publisher>Washington, D.C.</dc:publisher>
  <dc:language>English</dc:language>
  <dc:description>Project paper</dc:description>
  <dc:source>In Enhancing women’s assets to manage risk under climate change: Potential for group-based approaches. Ringler, Claudia; Quisumbing, Agnes R.; Bryan, Elizabeth; Meinzen-Dick, Ruth Suseela, Eds. 2014. Pp. 43-46</dc:source>
  <dc:description>Non-PR</dc:description>
  <dc:subject>ETHIOPIA; EAST AFRICA; AFRICA SOUTH OF SAHARA; AFRICA</dc:subject>
  <dc:subject>Gender; Women; Climate change; assets; Land rights; Land ownership; Land tenure;</dc:subject>
  <dc:subject>resilience; environmental shocks; climate smart agriculture</dc:subject>
  <dc:description>IFPRI1; CRP2; G Cross-cutting gender theme;</dc:description>
  <dc:description>PHND; EPTD; PIM</dc:description>
  <dc:relation>Full note http://ebrary.ifpri.org/cdm/ref/collection/p15738coll2/id/128599</dc:relation>
  <dc:format>4 pages</dc:format>
  <dc:identifier>http://www.ifpri.org/publication/enhancing-women-s-assets-manage-risk-under-climate-change</dc:identifier>
  <dc:format>183488 Bytes</dc:format>
  <dc:description>CGIAR Research Program on Policies, Institutions, and Markets (PIM)</dc:description>
  <dc:type>Project paper</dc:type>
  <dc:date>2014-12-08</dc:date>
  <dc:date>2014-12-08</dc:date>
  <dc:identifier>128770</dc:identifier>
  <dc:identifier>http://cdm15738.contentdm.oclc.org/cdm/ref/collection/p15738coll2/id/128770</dc:identifier>
</oai_dc:dc>