<oai_dc:dc xmlns:oai_dc="http://www.openarchives.org/OAI/2.0/oai_dc/" xmlns:dc="http://purl.org/dc/elements/1.1/" xmlns:xsi="http://www.w3.org/2001/XMLSchema-instance" xsi:schemaLocation="http://www.openarchives.org/OAI/2.0/oai_dc/ http://www.openarchives.org/OAI/2.0/oai_dc.xsd">
  <dc:title>The impact of alternative input subsidy exit strategies on Malawi’s maize commodity market</dc:title>
  <dc:creator>Mapila, Mariam A. T. J.</dc:creator>
  <dc:date>2013</dc:date>
  <dc:description>This study has been conducted in order to generate evidence of the visibility of exit from farm input subsidies in an African context. The study simulates the impact of alternative exit strategies from Malawi’s farm input subsidy program on maize markets. The simulation is conducted using a multiequation partial equilibrium model of the national maize market, which is sequentially linked via a price-linkage equation to local rural maize markets. The model accounts for market imperfections prevailing in the country that arise from government price interventions. Findings show that some alternative exit strategies have negative and sustained impacts on maize yields, production, and acreage allocated to maize over the simulation period. Market prices rise steadily as a result of the implementation of different exit strategies. Despite higher maize prices, domestic maize consumption remains fairly stable, with a slow but increasing trend over the simulation period.</dc:description>
  <dc:relation>IFPRI Discussion Paper</dc:relation>
  <dc:relation>1278</dc:relation>
  <dc:publisher>International Food Policy Research Institute (IFPRI)</dc:publisher>
  <dc:publisher>Washington, D.C.</dc:publisher>
  <dc:language>English</dc:language>
  <dc:description>Discussion paper</dc:description>
  <dc:description>Non-PR</dc:description>
  <dc:subject>MALAWI; SOUTHERN AFRICA; AFRICA SOUTH OF SAHARA; AFRICA</dc:subject>
  <dc:subject>fertilizer subsidies; farm input allocation; subsidy reform; partial equilibrium model; Agricultural policies; maize</dc:subject>
  <dc:description>IFPRI1; Theme 6; Subtheme 6.2; GRP32</dc:description>
  <dc:description>DSGD</dc:description>
  <dc:relation>Understanding the role of research in the evolution of fertilizer policies in Malawi. IFPRI DP 1266 http://ebrary.ifpri.org/cdm/ref/collection/p15738coll2/id/127506  
Exit strategies for and potential alternatives to agricultural subsidy programs. MSSPPN 4 http://ebrary.ifpri.org/cdm/ref/collection/p15738coll2/id/127223
How best to target agricultural subsidies? The case for an indicator-based targeting system in Malawi. MaSSP PN 15 http://ebrary.ifpri.org/cdm/ref/collection/p15738coll2/id/127523
Mapping the contemporary fertilizer policy landscape in Malawi. IFPRI DP 1204 http://ebrary.ifpri.org/cdm/ref/collection/p15738coll2/id/127124  
The impacts of agricultural input subsidies in Malawi. MASSPPN 5 http://ebrary.ifpri.org/cdm/ref/collection/p15738coll2/id/124970</dc:relation>
  <dc:format>32 pages</dc:format>
  <dc:identifier>http://www.ifpri.org/publication/impact-alternative-input-subsidy-exit-strategies-malawi-s-maize-commodity-market</dc:identifier>
  <dc:format>680441 Bytes</dc:format>
  <dc:type>Discussion paper</dc:type>
  <dc:date>2013-07-17</dc:date>
  <dc:date>2015-01-24</dc:date>
  <dc:identifier>127757</dc:identifier>
  <dc:identifier>http://cdm15738.contentdm.oclc.org/cdm/ref/collection/p15738coll2/id/127757</dc:identifier>
</oai_dc:dc>