<oai_dc:dc xmlns:oai_dc="http://www.openarchives.org/OAI/2.0/oai_dc/" xmlns:dc="http://purl.org/dc/elements/1.1/" xmlns:xsi="http://www.w3.org/2001/XMLSchema-instance" xsi:schemaLocation="http://www.openarchives.org/OAI/2.0/oai_dc/ http://www.openarchives.org/OAI/2.0/oai_dc.xsd">
  <dc:title>Trends in public agricultural spending in Swaziland</dc:title>
  <dc:creator>Nhlengethwa, Sibusiso B.; Matchaya, Greenwell C.; Musaba, Emmanuel; Chilonda, Pius</dc:creator>
  <dc:date>2014</dc:date>
  <dc:description>Swaziland as a developing middle income country has continuously sought to create an enabling environment for the development of the agricultural sector. The country has enacted policies and strategies together with programs to facilitate the attainment of growth targets in the agricultural sector (World Bank, 2011). Consequently, this will lead to the attainment of the Comprehensive Africa Agriculture Development Program (CAADP) targets, Millennium Development Goals (MDGs) and facilitate economic growth.</dc:description>
  <dc:relation>ReSAKSS Issue Note</dc:relation>
  <dc:relation>23</dc:relation>
  <dc:publisher>International Food Policy Research Institute (IFPRI)</dc:publisher>
  <dc:publisher>Washington, D.C.</dc:publisher>
  <dc:language>English</dc:language>
  <dc:description>Brief</dc:description>
  <dc:description>Non-PR</dc:description>
  <dc:subject>SWAZILAND; SOUTHERN AFRICA; AFRICA SOUTH OF SAHARA; AFRICA</dc:subject>
  <dc:subject>Agricultural policies; public expenditure; Agricultural research</dc:subject>
  <dc:description>IFPRI1; ReSAKSS</dc:description>
  <dc:description>DSGD</dc:description>
  <dc:format>8 pages</dc:format>
  <dc:format>515517 Bytes</dc:format>
  <dc:type>Brief</dc:type>
  <dc:date>2015-01-13</dc:date>
  <dc:date>2015-01-28</dc:date>
  <dc:identifier>128931</dc:identifier>
  <dc:identifier>http://cdm15738.contentdm.oclc.org/cdm/ref/collection/p15738coll2/id/128931</dc:identifier>
</oai_dc:dc>