<oai_dc:dc xmlns:oai_dc="http://www.openarchives.org/OAI/2.0/oai_dc/" xmlns:dc="http://purl.org/dc/elements/1.1/" xmlns:xsi="http://www.w3.org/2001/XMLSchema-instance" xsi:schemaLocation="http://www.openarchives.org/OAI/2.0/oai_dc/ http://www.openarchives.org/OAI/2.0/oai_dc.xsd">
  <dc:title>The role of seeds in transforming agriculture in Nepal</dc:title>
  <dc:creator>Sah, Ram Pratap</dc:creator>
  <dc:date>2014</dc:date>
  <dc:description>Nepal is a landlocked country with wide diversity of climatic conditions, ranging from temperate to tropical. Agriculture is the largest economic sector, contributing 35 percent to GDP and employing two thirds of the total population. Rice is the major staple crop, fol-lowed by maize, wheat, and pulses. These crops are spread across three ecological belts: Hills (42 percent of land area), Mountain (33 percent), and Terai (23 percent). Nepal, once self-sufficient in food, has become a net importer in recent years. Farm size has declined from 1.1 hectares in 1995/1996 to 0.7 hectares in 2010/2011, and 53 percent of households have less than 0.5 hectares. Although the agriculture sector is the most important for the sustainable development of Nepal, its growth rate is low, mainly because of low govern-ment investment. Despite the efforts to disseminate improved seeds, national yields of the three main cereal crops remain low: (rice 3.3 t/ha, wheat 2.4 t/ha, and maize 2.5 t/ha).</dc:description>
  <dc:relation>ReSAKSS Policy Note</dc:relation>
  <dc:relation>15</dc:relation>
  <dc:publisher>International Food Policy Research Institute (IFPRI)</dc:publisher>
  <dc:publisher>Washington, D.C.</dc:publisher>
  <dc:language>English</dc:language>
  <dc:description>Project paper</dc:description>
  <dc:description>Non-PR</dc:description>
  <dc:subject>NEPAL; SOUTH ASIA; ASIA</dc:subject>
  <dc:subject>Agricultural development; Seeds</dc:subject>
  <dc:description>IFPRI1; ReSAKSS</dc:description>
  <dc:description>DSGD</dc:description>
  <dc:format>4 pages</dc:format>
  <dc:format>383000 Bytes</dc:format>
  <dc:type>Project paper</dc:type>
  <dc:date>2014-12-23</dc:date>
  <dc:date>2015-01-10</dc:date>
  <dc:identifier>128881</dc:identifier>
  <dc:identifier>http://cdm15738.contentdm.oclc.org/cdm/ref/collection/p15738coll2/id/128881</dc:identifier>
</oai_dc:dc>