<oai_dc:dc xmlns:oai_dc="http://www.openarchives.org/OAI/2.0/oai_dc/" xmlns:dc="http://purl.org/dc/elements/1.1/" xmlns:xsi="http://www.w3.org/2001/XMLSchema-instance" xsi:schemaLocation="http://www.openarchives.org/OAI/2.0/oai_dc/ http://www.openarchives.org/OAI/2.0/oai_dc.xsd">
  <dc:title>Smallholder demand for maize hybrids and selective seed subsidies in Zambia</dc:title>
  <dc:creator>Smale, Melinda; Birol, Ekin</dc:creator>
  <dc:date>2013</dc:date>
  <dc:description>This analysis explores smallholder demand for hybrid maize seed by subsidy receipt. We test the hypothesis that the hybrid maize subsidy in Zambia is selectively biased due in part to its delivery mechanism and the self-selection of farmers who are able or choose to exercise their claim. Our analysis found that farmers with a lower poverty headcount are more likely to receive subsidized seed. In addition, a segment of farmers with a high predicted demand for hybrid seed are not reached by FISP—and they are poorer in terms of land and income than those who obtain the subsidy. These farmers represent a potentially important demand segment for HarvestPlus, which might consider addressing their needs through means other than a subsidy program.</dc:description>
  <dc:relation>HarvestPlus Working Paper</dc:relation>
  <dc:relation>9</dc:relation>
  <dc:publisher>International Food Policy Research Institute (IFPRI)</dc:publisher>
  <dc:publisher>Washington, D.C.</dc:publisher>
  <dc:language>English</dc:language>
  <dc:description>Working paper</dc:description>
  <dc:description>PR</dc:description>
  <dc:subject>ZAMBIA; SOUTHERN AFRICA; AFRICA SOUTH OF SAHARA; AFRICA</dc:subject>
  <dc:subject>Hybrid maize; smallholders; decisionmaking; subsidies; Seed supply</dc:subject>
  <dc:description>IFPRI1; CRP4</dc:description>
  <dc:description>HarvestPlus; A4NH</dc:description>
  <dc:format>21 pages</dc:format>
  <dc:format>202206 Bytes</dc:format>
  <dc:description>CGIAR Research Program on Agriculture for Nutrition and Health (A4NH)</dc:description>
  <dc:type>Project paper</dc:type>
  <dc:date>2013-03-22</dc:date>
  <dc:date>2015-01-29</dc:date>
  <dc:identifier>127467</dc:identifier>
  <dc:identifier>http://cdm15738.contentdm.oclc.org/cdm/ref/collection/p15738coll2/id/127467</dc:identifier>
</oai_dc:dc>