<oai_dc:dc xmlns:oai_dc="http://www.openarchives.org/OAI/2.0/oai_dc/" xmlns:dc="http://purl.org/dc/elements/1.1/" xmlns:xsi="http://www.w3.org/2001/XMLSchema-instance" xsi:schemaLocation="http://www.openarchives.org/OAI/2.0/oai_dc/ http://www.openarchives.org/OAI/2.0/oai_dc.xsd">
  <dc:title>Capacity strengthening strategy through capacity needs assessment for country level Strategic Analysis and Knowledge Support System (SAKSS): Ethiopia</dc:title>
  <dc:creator>Tadesse, Ethiopia; Tsegaye, Wondwossen</dc:creator>
  <dc:date>2014</dc:date>
  <dc:description>The capacity needs assessment (CNA) was conducted at three levels: at the policy process/enabling environment level, organizational level, and individual level. The assessment focused on the thematic issues related to (1) strategic policy analysis, (2) M&amp;E, and (3) knowledge management and sharing. Thirteen organizations were covered in this assessment: government ministries, research organizations, universities, and professional associations. In the Ethiopian agriculture policy process, this study noted that the Ethiopian Ministry of Finance and Economic Development (MoFED) has a role in initiating country‐level strategies, while the Ethiopian Ministry of Agriculture (MoA) plays a role in initiating sector‐specific policies such as land policy, seed policy, and others. The Central Statistics Agency (CSA) is the major and the official source of data and information. Research centers and universities, on the other hand, are significant sources of rigorous research and policy analysis reports. The Parliament and the prime minister’s office mainly ratify and follow implementation of policies, while donors play a key role by providing technical expert advice and funds.</dc:description>
  <dc:relation>ReSAKSS CNA Report</dc:relation>
  <dc:relation>3</dc:relation>
  <dc:publisher>International Food Policy Research Institute (IFPRI)</dc:publisher>
  <dc:publisher>Washington, D.C.</dc:publisher>
  <dc:language>English</dc:language>
  <dc:description>Report</dc:description>
  <dc:description>Non-PR</dc:description>
  <dc:subject>ETHIOPIA; EAST AFRICA; AFRICA SOUTH OF SAHARA; AFRICA</dc:subject>
  <dc:subject>Capacity building; Agricultural development; Agricultural policies; evaluation; Education; Agricultural research; Research and development; Economic development; Investment; Governance</dc:subject>
  <dc:subject>Comprehensive Africa Agriculture Development Program (CAADP)</dc:subject>
  <dc:description>IFPRI1; ReSAKSS</dc:description>
  <dc:description>DSGD; WCAO; ESAO</dc:description>
  <dc:format>62 pages</dc:format>
  <dc:format>4600253 Bytes</dc:format>
  <dc:type>Report</dc:type>
  <dc:date>2014-12-18</dc:date>
  <dc:date>2015-02-06</dc:date>
  <dc:identifier>128858</dc:identifier>
  <dc:identifier>http://cdm15738.contentdm.oclc.org/cdm/ref/collection/p15738coll2/id/128858</dc:identifier>
</oai_dc:dc>