<oai_dc:dc xmlns:oai_dc="http://www.openarchives.org/OAI/2.0/oai_dc/" xmlns:dc="http://purl.org/dc/elements/1.1/" xmlns:xsi="http://www.w3.org/2001/XMLSchema-instance" xsi:schemaLocation="http://www.openarchives.org/OAI/2.0/oai_dc/ http://www.openarchives.org/OAI/2.0/oai_dc.xsd">
  <dc:title>Building knowledge systems in agriculture: Five key areas for mobilising the potential of extension and advisory services</dc:title>
  <dc:title>Position paper: June 2012</dc:title>
  <dc:creator>Global Forum for Rural Advisory Services (GFRAS);</dc:creator>
  <dc:date>2012</dc:date>
  <dc:description>There is renewed attention on the importance of advisory services and extension in rural development processes. This paper, based on the publication ‘Mobilizing the potential of rural and agricultural extension', focuses on five opportunities to mobilise the potential of extension and advisory services. The five areas are: (1) focusing on best-fit approaches; (2) embracing pluralism; (3) using participatory approaches; (4) developing capacity; and (5) ensuring long-term institutional support.</dc:description>
  <dc:publisher>International Food Policy Research Institute (IFPRI); Food and Agriculture Organization (FAO);</dc:publisher>
  <dc:publisher>Lindau, Switzerland;</dc:publisher>
  <dc:language>English;</dc:language>
  <dc:description>Report;</dc:description>
  <dc:description>Non-PR</dc:description>
  <dc:subject>AFRICA SOUTH OF SAHARA; AFRICA;</dc:subject>
  <dc:subject>Knowledge systems; extension services; advisory service; Agricultural innovation;</dc:subject>
  <dc:description>IFPRI2;</dc:description>
  <dc:description>DSGD;</dc:description>
  <dc:format>12 pages</dc:format>
  <dc:format>9405131 Bytes</dc:format>
  <dc:type>noType</dc:type>
  <dc:date>2013-05-17</dc:date>
  <dc:date>2013-05-17</dc:date>
  <dc:identifier>127546</dc:identifier>
  <dc:identifier>http://cdm15738.contentdm.oclc.org/cdm/ref/collection/p15738coll2/id/127546</dc:identifier>
</oai_dc:dc>