<oai_dc:dc xmlns:oai_dc="http://www.openarchives.org/OAI/2.0/oai_dc/" xmlns:dc="http://purl.org/dc/elements/1.1/" xmlns:xsi="http://www.w3.org/2001/XMLSchema-instance" xsi:schemaLocation="http://www.openarchives.org/OAI/2.0/oai_dc/ http://www.openarchives.org/OAI/2.0/oai_dc.xsd">
  <dc:title>The changing landscape of agriculture in Ghana: Drivers of farm mechanization and its impacts on cropland expansion and intensification</dc:title>
  <dc:creator>Houssou, Nazaire; Chapoto, Antony</dc:creator>
  <dc:date>2014</dc:date>
  <dc:description>This study assesses whether the recent public and private efforts to improve farmers’ access to mechanical power in Ghana have had the intended effects on the country’s agricultural sector. Using panel survey data, this paper analyses the drivers of farm mechanization and its net impacts on cropland expansion and farming system intensification in northern Ghana. Several factors explain the use and use intensity of agricultural mechanization, including landholding size, total labor and fertilizer use per hectare, chemical use, and amount of land left fallow. More importantly, the results suggest that farm mechanization did have a positive impact on cropland expansion during the survey period. The results presented here support the existence of a labor substitution effect resulting from tractor use.</dc:description>
  <dc:relation>IFPRI Discussion Paper</dc:relation>
  <dc:relation>1392</dc:relation>
  <dc:publisher>International Food Policy Research Institute (IFPRI)</dc:publisher>
  <dc:publisher>Washington, D.C.</dc:publisher>
  <dc:language>English</dc:language>
  <dc:description>Discussion paper</dc:description>
  <dc:description>Non-PR</dc:description>
  <dc:subject>GHANA; WEST AFRICA; AFRICA SOUTH OF SAHARA; AFRICA</dc:subject>
  <dc:subject>mechanization; animal power; Intensification; Agricultural policies; Tractors; Draught animals; farmland; Land use; farm inputs</dc:subject>
  <dc:subject>cropland expansion; draft animals</dc:subject>
  <dc:description>IFPRI1; CRP2; D.1 Agriculture's role in national development strategy</dc:description>
  <dc:description>DSGD; PIM</dc:description>
  <dc:relation>Discussion paper http://ebrary.ifpri.org/cdm/ref/collection/p15738coll2/id/128492 http://ebrary.ifpri.org/cdm/ref/collection/p15738coll2/id/128255  http://ebrary.ifpri.org/cdm/ref/collection/p15738coll2/id/128042</dc:relation>
  <dc:format>52 pages</dc:format>
  <dc:identifier>http://www.ifpri.org/publication/changing-landscape-agriculture-ghana</dc:identifier>
  <dc:format>1589941 Bytes</dc:format>
  <dc:description>CGIAR Research Program on Policies, Institutions, and Markets (PIM)</dc:description>
  <dc:type>Discussion paper</dc:type>
  <dc:date>2014-12-04</dc:date>
  <dc:date>2014-12-18</dc:date>
  <dc:identifier>128706</dc:identifier>
  <dc:identifier>http://cdm15738.contentdm.oclc.org/cdm/ref/collection/p15738coll2/id/128706</dc:identifier>
</oai_dc:dc>