<oai_dc:dc xmlns:oai_dc="http://www.openarchives.org/OAI/2.0/oai_dc/" xmlns:dc="http://purl.org/dc/elements/1.1/" xmlns:xsi="http://www.w3.org/2001/XMLSchema-instance" xsi:schemaLocation="http://www.openarchives.org/OAI/2.0/oai_dc/ http://www.openarchives.org/OAI/2.0/oai_dc.xsd">
  <dc:title>Welthunger-Index 2014: Herausforderung verborgener Hunger</dc:title>
  <dc:creator>von Grebmer, Klaus; Saltzman, Amy; Birol, Ekin; Wiesmann, Doris; Prasai, Nilam; Yin, Sandra; Yohannes, Yisehac; Menon, Purnima; Thompson, Jennifer; Sonntag, Andrea</dc:creator>
  <dc:creator>0000-0002-6908-5773 von Grebmer, K.</dc:creator>
  <dc:date>2014</dc:date>
  <dc:description>Ein Jahr bevor die Frist zur Erreichung der Millenniums-Entwicklungsziele im Jahr 2015 abläuft, bietet der Welthunger-Index (WHI) einen facettenreichen Überblick über die Verbreitung des Hungers und trägt neue Erkenntnisse darüber in die weltweite Debatte, wie Hunger und Mangelernährung verringert werden können. Betrachtet man die Entwicklungsländer als Gruppe, so hat sich die Hungersituation dort seit 1990 verbessert. Dem WHI 2014 zufolge ist seitdem ein Rückgang um 39 Prozent zu verzeichnen. Trotz dieser Fortschritte ist der Hunger in der Welt weiterhin als „ernst“ einzustufen: Nach Schätzungen der Ernährungs- und Landwirtschaftsorganisation der Vereinten Nationen (Food and Agriculture Organization, FAO) hungern weltweit immer noch 805 Millionen Menschen.</dc:description>
  <dc:relation>Global Hunger Index</dc:relation>
  <dc:publisher>Welthungerhilfe; International Food Policy Research Institute (IFPRI); Concern Worldwide</dc:publisher>
  <dc:publisher>Bonn, Germany; Washington, D.C.; Dublin, Ireland</dc:publisher>
  <dc:language>German</dc:language>
  <dc:description>Book</dc:description>
  <dc:identifier>9780896299597</dc:identifier>
  <dc:identifier>http://dx.doi.org/10.2499/9780896299597</dc:identifier>
  <dc:identifier>10.2499/9780896299597</dc:identifier>
  <dc:description>PR</dc:description>
  <dc:subject>INDIA; SOUTH ASIA; MIDDLE EAST; NORTH AFRICA; LATIN AMERICA; EAST AFRICA; WEST AFRICA; Commonwealth of Independent States; EASTERN EUROPE; CARIBBEAN; AFRICA SOUTH OF SAHARA; AFRICA; ASIA; SOUTH AMERICA</dc:subject>
  <dc:subject>Hunger; food security; Nutrition; Nutrition security; malnutrition; Vitamin deficiencies; Mineral nutrients; undernourishment; Nutritive Value; Underweight; Children; Food availability; Food prices; Micronutrients; Mortality; Natural resources; Poverty; Property rights; Smallholders; Land; Land degradation; Risk; Indicators; Emergency relief; disaster relief; Sustainability; Livelihoods; income; Gross income; Climate change; data; Policies; Agricultural policies; Nutrition policies; Water; waste management; Natural disasters;</dc:subject>
  <dc:subject>resilience; shocks; environmental shocks; economic shock; Food crisis; food crises; transition economies; Stress</dc:subject>
  <dc:description>IFPRI2</dc:description>
  <dc:description>DGO; COM; PHND; SAO; HarvestPlus</dc:description>
  <dc:relation>Brief http://ebrary.ifpri.org/cdm/ref/collection/p15738coll2/id/128364 German http://ebrary.ifpri.org/cdm/ref/collection/p15738coll2/id/128365 French http://ebrary.ifpri.org/cdm/ref/collection/p15738coll2/id/128366</dc:relation>
  <dc:relation>English http://ebrary.ifpri.org/cdm/ref/collection/p15738coll2/id/128360  Italian http://ebrary.ifpri.org/cdm/ref/collection/p15738coll2/id/128362 French http://ebrary.ifpri.org/cdm/ref/collection/p15738coll2/id/128366</dc:relation>
  <dc:relation>http://dx.doi.org/10.7910/DVN/27557</dc:relation>
  <dc:rights>Kapitel 01, 02, 03 und 05 dieses Berichts wurden von externen Experten begutachtet (Peer Review). Kapitel 04 basiert auf Erkenntnissen aus der Projektarbeit.</dc:rights>
  <dc:format>60 pages</dc:format>
  <dc:identifier>http://www.ifpri.org/tools/2014-ghi-map  http://www.ifpri.org/publication/2014-global-hunger-index</dc:identifier>
  <dc:relation>iTunes http://itunes.apple.com/us/book/isbn9780896299634 Kindle http://www.amazon.com/dp/B00OFY1KTM Google Books http://books.google.com/books/about?id=XCvBBAAAQBAJ Google Play https://play.google.com/store/books/details?id=XCvBBAAAQBAJ Mendeley http://www.mendeley.com/c/7239571204/g/3973131/saltzman-2014-welthunger-index-2014-herausforderung-verborgener-hunger/</dc:relation>
  <dc:format>5573242 Bytes</dc:format>
  <dc:date>2014-10-13</dc:date>
  <dc:date>2014-10-28</dc:date>
  <dc:identifier>128361</dc:identifier>
  <dc:identifier>http://cdm15738.contentdm.oclc.org/cdm/ref/collection/p15738coll2/id/128361</dc:identifier>
</oai_dc:dc>