<oai_dc:dc xmlns:oai_dc="http://www.openarchives.org/OAI/2.0/oai_dc/" xmlns:dc="http://purl.org/dc/elements/1.1/" xmlns:xsi="http://www.w3.org/2001/XMLSchema-instance" xsi:schemaLocation="http://www.openarchives.org/OAI/2.0/oai_dc/ http://www.openarchives.org/OAI/2.0/oai_dc.xsd">
  <dc:title>Are shocks actually on the rise? A selective review of five types of shocks</dc:title>
  <dc:creator>Zseleczky, Laura; Yosef, Sivan</dc:creator>
  <dc:date>2014</dc:date>
  <dc:description>Policymakers, practitioners, and researchers frequently cite an increase in shocks around the world as a reason for focusing on resilience. But have shocks actually increased or become more severe and far‐reaching? What does the landscape of shocks look like?</dc:description>
  <dc:relation>2020 Conference Brief</dc:relation>
  <dc:relation>5</dc:relation>
  <dc:publisher>International Food Policy Research Institute (IFPRI)</dc:publisher>
  <dc:publisher>Washington, D.C.</dc:publisher>
  <dc:language>English</dc:language>
  <dc:description>Brief</dc:description>
  <dc:description>PR</dc:description>
  <dc:subject>food security; Nutrition security; Natural disasters; Conflict; Droughts; Flooding; Food prices; Climate change</dc:subject>
  <dc:subject>resilience; shocks</dc:subject>
  <dc:description>IFPRI1; CRP4; CRP2; 2020; E.1 Policies, institutions and investments for resilient social systems</dc:description>
  <dc:description>DGO; PIM; A4NH</dc:description>
  <dc:relation>The brief is based on Are Shocks Really Increasing? A Selective Review of the Global Frequency, Severity, Scope, and Impact of Five Types of Shocks, 2020 Conference Paper 5, prepared for the 2020 conference “Building Resilience for Food and Nutrition Security,” May 15–17, 2014, Addis Ababa, Ethiopia.</dc:relation>
  <dc:format>4 pages</dc:format>
  <dc:identifier>http://www.ifpri.org/publication/are-shocks-actually-rise</dc:identifier>
  <dc:format>591063 Bytes</dc:format>
  <dc:description>CGIAR Research Program on Policies, Institutions, and Markets (PIM); CGIAR Research Program on Agriculture for Nutrition and Health (A4NH)</dc:description>
  <dc:type>Brief</dc:type>
  <dc:date>2014-05-07</dc:date>
  <dc:date>2015-01-28</dc:date>
  <dc:identifier>128158</dc:identifier>
  <dc:identifier>http://cdm15738.contentdm.oclc.org/cdm/ref/collection/p15738coll2/id/128158</dc:identifier>
</oai_dc:dc>