<oai_dc:dc xmlns:oai_dc="http://www.openarchives.org/OAI/2.0/oai_dc/" xmlns:dc="http://purl.org/dc/elements/1.1/" xmlns:xsi="http://www.w3.org/2001/XMLSchema-instance" xsi:schemaLocation="http://www.openarchives.org/OAI/2.0/oai_dc/ http://www.openarchives.org/OAI/2.0/oai_dc.xsd">
  <dc:title>Addressing conflict through collective action in natural resource management</dc:title>
  <dc:creator>Ratner, Blake D.; Meinzen-Dick, Ruth Suseela; Hellin, Jonathon; Mapedza, Everisto; Unruh, Jon D.; Veening, Wouter; Haglund, Eric; May, Candace; Bruch, Carl</dc:creator>
  <dc:date>2013</dc:date>
  <dc:description>The food security crisis, international “land grabs,” and new markets for environmental services have drawn renewed attention to the role of natural resource competition in the livelihoods of the rural poor. While significant empirical research has focused on diagnosing the links between natural resource competition and (violent) conflict, much less has focused on the dynamics of whether and how resource competition can be transformed to strengthen social-ecological resilience and mitigate conflict. Focusing on this latter theme, this review synthesizes evidence from a wide range of cases in Africa, Asia, and Latin America. Building on an analytical framework designed to enable such comparative analysis; we present several propositions about the dynamics of conflict and collective action in natural resource management, and a series of recommendations for action.</dc:description>
  <dc:relation>CAPRi Working Paper</dc:relation>
  <dc:relation>112</dc:relation>
  <dc:publisher>International Food Policy Research Institute (IFPRI)</dc:publisher>
  <dc:publisher>Washington, D.C.</dc:publisher>
  <dc:language>English</dc:language>
  <dc:description>Working paper</dc:description>
  <dc:identifier>http://dx.doi.org/10.2499/CAPRiWP112</dc:identifier>
  <dc:identifier>10.2499/CAPRiWP112</dc:identifier>
  <dc:description>Non-PR</dc:description>
  <dc:subject>Natural resource management; Conflict; Collective action; Cooperation; Ecology; Systems; Resilience; Environmental risk</dc:subject>
  <dc:description>IFPRI1; CAPRi; CRP2</dc:description>
  <dc:description>EPTD; PIM</dc:description>
  <dc:format>41 pages</dc:format>
  <dc:format>569299 Bytes</dc:format>
  <dc:description>CGIAR Research Program on Policies, Institutions, and Markets (PIM)</dc:description>
  <dc:type>Project paper</dc:type>
  <dc:date>2013-08-29</dc:date>
  <dc:date>2015-01-29</dc:date>
  <dc:identifier>127778</dc:identifier>
  <dc:identifier>http://cdm15738.contentdm.oclc.org/cdm/ref/collection/p15738coll2/id/127778</dc:identifier>
</oai_dc:dc>