<oai_dc:dc xmlns:oai_dc="http://www.openarchives.org/OAI/2.0/oai_dc/" xmlns:dc="http://purl.org/dc/elements/1.1/" xmlns:xsi="http://www.w3.org/2001/XMLSchema-instance" xsi:schemaLocation="http://www.openarchives.org/OAI/2.0/oai_dc/ http://www.openarchives.org/OAI/2.0/oai_dc.xsd">
  <dc:title>Resilience and pastoralism in Africa south of the Sahara, with a particular focus on the Horn of Africa and the Sahel, West Africa</dc:title>
  <dc:creator>Little, Peter D.; McPeak, John G.</dc:creator>
  <dc:date>2014</dc:date>
  <dc:description>Recently there has been a great deal of interest in applying the concept of resilience to pastoral systems and to development programs in pastoral systems. This paper addresses pastoralism and its resilience in Africa south of the Sahara, with a primary focus on the Horn of Africa and some contrast to West African examples. It begins with an overview of the realities of contemporary pastoralism in this area that highlights social, economic, and political challenges and opportunities. It then focuses on the concept of resilience and its applications in the specific context of pastoral production systems. After discussing the general appeal of resilience for analyzing these systems, the paper illustrates specific elements of pastoralism that enhance or constrain household‐level resilience. Empirical</dc:description>
  <dc:relation>2020 Conference Paper</dc:relation>
  <dc:relation>9</dc:relation>
  <dc:publisher>International Food Policy Research Institute (IFPRI)</dc:publisher>
  <dc:publisher>Washington, D.C.</dc:publisher>
  <dc:language>English</dc:language>
  <dc:description>Conference Paper</dc:description>
  <dc:source>2020 Conference, May 17-19, Addis Ababa, Ethiopia</dc:source>
  <dc:description>PR</dc:description>
  <dc:subject>WEST AFRICA; EAST AFRICA; AFRICA SOUTH OF SAHARA; AFRICA</dc:subject>
  <dc:subject>food security; Nutrition security; Climate; Rural development; Pastoralism; Land use; Rangelands; Livestock; livestock management</dc:subject>
  <dc:subject>resilience; shocks</dc:subject>
  <dc:description>IFPRI1; E.1 Policies, institutions and investments for resilient social systems; 2020; CRP2; CRP4</dc:description>
  <dc:description>DGO; A4NH; PIM</dc:description>
  <dc:format>38 pages</dc:format>
  <dc:identifier>http://www.ifpri.org/publication/resilience-and-pastoralism-africa-south-sahara</dc:identifier>
  <dc:format>1012752 Bytes</dc:format>
  <dc:description>CGIAR Research Program on Policies, Institutions, and Markets (PIM); CGIAR Research Program on Agriculture for Nutrition and Health (A4NH)</dc:description>
  <dc:type>noType</dc:type>
  <dc:date>2014-05-13</dc:date>
  <dc:date>2015-01-07</dc:date>
  <dc:identifier>128168</dc:identifier>
  <dc:identifier>http://cdm15738.contentdm.oclc.org/cdm/ref/collection/p15738coll2/id/128168</dc:identifier>
</oai_dc:dc>