<oai_dc:dc xmlns:oai_dc="http://www.openarchives.org/OAI/2.0/oai_dc/" xmlns:dc="http://purl.org/dc/elements/1.1/" xmlns:xsi="http://www.w3.org/2001/XMLSchema-instance" xsi:schemaLocation="http://www.openarchives.org/OAI/2.0/oai_dc/ http://www.openarchives.org/OAI/2.0/oai_dc.xsd">
  <dc:title>Bargaining power and biofortification: The role of gender in adoption of orange sweet potato in Uganda</dc:title>
  <dc:creator>Gilligan, Daniel O.; Kumar, Neha; McNiven, Scott; Meenakshi, J.V.; Quisumbing, Agnes R.</dc:creator>
  <dc:date>2014</dc:date>
  <dc:description>We examine the role of gender in adoption and diffusion of orange sweet potato, a biofortified staple food crop being promoted as a strategy to increase dietary intakes of vitamin A among young children and adult women in Uganda. As an agricultural intervention with nutrition objectives, intrahousehold gender dynamics regarding decisions about crop choice and child feeding practices may play a role in adoption decisions. Also, most households access sweet potato vines through informal exchange, suggesting again that gender dimensions of networks may be important to diffusion of the crop. We use data from an experimental impact evaluation of the introduction of OSP in Uganda to study how female bargaining power, measured by share of land and nonland assets controlled by women, affect adoption and diffusion decisions.</dc:description>
  <dc:relation>IFPRI Discussion Paper</dc:relation>
  <dc:relation>1353</dc:relation>
  <dc:publisher>International Food Policy Research Institute (IFPRI)</dc:publisher>
  <dc:publisher>Washington, D.C.</dc:publisher>
  <dc:language>English</dc:language>
  <dc:description>Discussion paper</dc:description>
  <dc:description>Non-PR</dc:description>
  <dc:subject>UGANDA; EAST AFRICA; AFRICA SOUTH OF SAHARA; AFRICA</dc:subject>
  <dc:subject>Gender; Women; technology adoption; Biofortification; Nutrition; Vitamin A; Micronutrients; Sweet potato</dc:subject>
  <dc:subject>I12 Health Production; O33 Technological Change: Choices and Consequences, Diffusion Processes; Q16 Agricultural R&amp;D, Agricultural Technology, Biofuels, Agricultural Extension Services</dc:subject>
  <dc:description>IFPRI1; CRP4</dc:description>
  <dc:description>A4NH; PHND</dc:description>
  <dc:relation>Rooting out Hunger http://ebrary.ifpri.org/cdm/ref/collection/p15738coll2/id/127067  Delivering nutrients widely through biofortification http://ebrary.ifpri.org/cdm/ref/collection/p15738coll2/id/126988</dc:relation>
  <dc:format>28 pages</dc:format>
  <dc:identifier>http://www.ifpri.org/publication/bargaining-power-and-biofortification</dc:identifier>
  <dc:format>482486 Bytes</dc:format>
  <dc:description>CGIAR Research Program on Agriculture for Nutrition and Health (A4NH)</dc:description>
  <dc:type>Discussion paper</dc:type>
  <dc:date>2014-06-13</dc:date>
  <dc:date>2015-02-11</dc:date>
  <dc:identifier>128184</dc:identifier>
  <dc:identifier>http://cdm15738.contentdm.oclc.org/cdm/ref/collection/p15738coll2/id/128184</dc:identifier>
</oai_dc:dc>