<oai_dc:dc xmlns:oai_dc="http://www.openarchives.org/OAI/2.0/oai_dc/" xmlns:dc="http://purl.org/dc/elements/1.1/" xmlns:xsi="http://www.w3.org/2001/XMLSchema-instance" xsi:schemaLocation="http://www.openarchives.org/OAI/2.0/oai_dc/ http://www.openarchives.org/OAI/2.0/oai_dc.xsd">
  <dc:title>Land constraints and agricultural intensification in Ethiopia: A village-level analysis of high-potential areas</dc:title>
  <dc:creator>Headey, Derek D.; Dereje, Mekdim; Ricker-Gilbert, Jacob; Josephson, Anna; Taffesse, Alemayehu Seyoum</dc:creator>
  <dc:date>2013</dc:date>
  <dc:description>Highland Ethiopia is one of the most densely populated regions of Africa and has long been associated with both Malthusian disasters and Boserupian agricultural intensification. This paper explores the race between these two countervailing forces, with the goal of informing two important policy questions. First, how do rural Ethiopians adapt to land constraints? And second, do land constraints significantly influence welfare outcomes in rural Ethiopia?</dc:description>
  <dc:relation>IFPRI Discussion Paper</dc:relation>
  <dc:relation>1290</dc:relation>
  <dc:publisher>International Food Policy Research Institute (IFPRI)</dc:publisher>
  <dc:publisher>Washington, D.C.</dc:publisher>
  <dc:language>English</dc:language>
  <dc:description>Discussion paper</dc:description>
  <dc:description>Non-PR</dc:description>
  <dc:subject>ETHIOPIA; EAST AFRICA; AFRICA SOUTH OF SAHARA; AFRICA</dc:subject>
  <dc:subject>Smallholders; Population density; Farm size; Intensification; Agricultural productivity; Land use; Land allocation; Land management</dc:subject>
  <dc:description>IFPRI1; Theme 6; Subtheme 6.2; GRP32</dc:description>
  <dc:description>DSGD; PHND</dc:description>
  <dc:relation>Agricultural mechanization in Ghana, IFPRPI Discussion Paper: http://ebrary.ifpri.org/cdm/ref/collection/p15738coll2/id/127474
Is specialization in agricultural mechanization a viable business model: the case of Ghana, GSSP Discussion Note: http://ebrary.ifpri.org/cdm/ref/collection/p15738coll2/id/127405</dc:relation>
  <dc:format>40 pages</dc:format>
  <dc:identifier>http://www.ifpri.org/publication/land-constraints-and-agricultural-intensification-ethiopia</dc:identifier>
  <dc:format>1975662 Bytes</dc:format>
  <dc:type>Discussion paper</dc:type>
  <dc:date>2013-09-18</dc:date>
  <dc:date>2015-01-24</dc:date>
  <dc:identifier>127810</dc:identifier>
  <dc:identifier>http://cdm15738.contentdm.oclc.org/cdm/ref/collection/p15738coll2/id/127810</dc:identifier>
</oai_dc:dc>