<oai_dc:dc xmlns:oai_dc="http://www.openarchives.org/OAI/2.0/oai_dc/" xmlns:dc="http://purl.org/dc/elements/1.1/" xmlns:xsi="http://www.w3.org/2001/XMLSchema-instance" xsi:schemaLocation="http://www.openarchives.org/OAI/2.0/oai_dc/ http://www.openarchives.org/OAI/2.0/oai_dc.xsd">
  <dc:title>Ghana: Agricultural R&amp;D Indicators Factsheet</dc:title>
  <dc:creator>Beintema, Nienke M.; Essegbey, George Owusu; Asare, Roland; Rahija, Michael</dc:creator>
  <dc:date>2014</dc:date>
  <dc:relation>Agricultural R&amp;D Indicators Factsheet</dc:relation>
  <dc:publisher>International Food Policy Research Institute (IFPRI); Science and Technology Policy Research Institute</dc:publisher>
  <dc:publisher>Washington, D.C.</dc:publisher>
  <dc:language>English</dc:language>
  <dc:description>Factsheet</dc:description>
  <dc:description>Non-PR</dc:description>
  <dc:subject>GHANA; WEST AFRICA; AFRICA SOUTH OF SAHARA; AFRICA</dc:subject>
  <dc:subject>Agricultural research; Investment; Developing countries</dc:subject>
  <dc:description>IFPRI2; ASTI; CRP2</dc:description>
  <dc:description>EPTD; PIM</dc:description>
  <dc:format>4 pages</dc:format>
  <dc:format>318649 Bytes</dc:format>
  <dc:description>CGIAR Research Program on Policies, Institutions, and Markets (PIM)</dc:description>
  <dc:type>noType</dc:type>
  <dc:date>2014-10-24</dc:date>
  <dc:date>2014-12-11</dc:date>
  <dc:identifier>128401</dc:identifier>
  <dc:identifier>http://cdm15738.contentdm.oclc.org/cdm/ref/collection/p15738coll2/id/128401</dc:identifier>
</oai_dc:dc>