<oai_dc:dc xmlns:oai_dc="http://www.openarchives.org/OAI/2.0/oai_dc/" xmlns:dc="http://purl.org/dc/elements/1.1/" xmlns:xsi="http://www.w3.org/2001/XMLSchema-instance" xsi:schemaLocation="http://www.openarchives.org/OAI/2.0/oai_dc/ http://www.openarchives.org/OAI/2.0/oai_dc.xsd">
  <dc:title>Knowledge systems and networks for nutrition in India: A review</dc:title>
  <dc:creator>McGrath, Louise; Kunaratnam, Yaso; Anuradha, T. N.</dc:creator>
  <dc:date>2014</dc:date>
  <dc:description>The first part of this review provides an overview of the current nutrition knowledge landscape in India based on the secondary research conducted on the existing knowledge systems and networks catering to nutrition-based information needs of policymaking audiences in India. The second section of the report shares the outcomes of face-to-face interviews conducted with the conveners of these knowledge networks. It also shares the findings from the interviews with decisionmakers and program implementers and impres-sions of these networks from a user perspective.</dc:description>
  <dc:relation>POSHAN Report</dc:relation>
  <dc:relation>1</dc:relation>
  <dc:publisher>International Food Policy Research Institute (IFPRI)</dc:publisher>
  <dc:publisher>New Delhi, India</dc:publisher>
  <dc:language>English</dc:language>
  <dc:description>Report</dc:description>
  <dc:description>Non-PR</dc:description>
  <dc:subject>INDIA; SOUTH ASIA; ASIA</dc:subject>
  <dc:subject>Nutrition; malnutrition; Children; Nutrition policies; food security; Nutrition security; Stunting</dc:subject>
  <dc:description>IFPRI1; POSHAN</dc:description>
  <dc:description>SAO; PHND</dc:description>
  <dc:format>38 pages</dc:format>
  <dc:format>1708424 Bytes</dc:format>
  <dc:type>Report</dc:type>
  <dc:date>2014-12-10</dc:date>
  <dc:date>2014-12-11</dc:date>
  <dc:identifier>128807</dc:identifier>
  <dc:identifier>http://cdm15738.contentdm.oclc.org/cdm/ref/collection/p15738coll2/id/128807</dc:identifier>
</oai_dc:dc>