<oai_dc:dc xmlns:oai_dc="http://www.openarchives.org/OAI/2.0/oai_dc/" xmlns:dc="http://purl.org/dc/elements/1.1/" xmlns:xsi="http://www.w3.org/2001/XMLSchema-instance" xsi:schemaLocation="http://www.openarchives.org/OAI/2.0/oai_dc/ http://www.openarchives.org/OAI/2.0/oai_dc.xsd">
  <dc:title>AgriTech Toolbox: Using agricultural technologies for enhanced productivity and sustainable food security</dc:title>
  <dc:creator>Environment and Production Technology Division (EPTD) of International Food Policy Research Institute (IFPRI)</dc:creator>
  <dc:date>2014</dc:date>
  <dc:description>The AgriTech Toolbox enables researchers and policymakers to examine how alternative agricultural practices and technologies can impact farm yields, food prices, natural resource use, hunger, malnutrition, land use and global trade in 2050, when climate change impacts may be severe. As a result, it can inform the right mix of policies and investments needed to tackle the challenges agriculture faces in the coming decades. The AgriTech toolbox models the impacts of 10 technologies on farm yields, food prices, natural resource use, hunger, malnutrition, land use and global trade. The Raw data can be downloaded by clicking on the 'download button' on the top right of the menu bar, both in the crop model and economic model pages.</dc:description>
  <dc:publisher>Spatial Dev; International Food Policy Research Institute (IFPRI)</dc:publisher>
  <dc:publisher>Seattle, WA, USA; Washington, D.C.</dc:publisher>
  <dc:language>English</dc:language>
  <dc:description>Knowledge product</dc:description>
  <dc:description>Non-PR</dc:description>
  <dc:subject>Africa; Asia; Australia; Europe; North America; South America</dc:subject>
  <dc:subject>food security; Natural resource management; Natural resources; Agricultural technology; Agricultural policies; crop yield; Prices; trade; Economic models; Mathematical models; Climate change; zero tillage; Soil fertility; precision agriculture; Organic agriculture; Nitrogen; Water harvesting; Trickle irrigation; Water management; Crop improvement; Drought tolerance; heat tolerance; Plant protection; Alternative agriculture; Food supply; Supply and demand</dc:subject>
  <dc:subject>nitrogen use efficiency; sprinkler irrigation; crop protection; IMPACT model; DSSAT model; Global</dc:subject>
  <dc:description>IFPRI2; CRP2</dc:description>
  <dc:description>EPTD; PIM</dc:description>
  <dc:relation>IFPRI Book: http://ebrary.ifpri.org/cdm/ref/collection/p15738coll2/id/128022</dc:relation>
  <dc:relation>http://dx.doi.org/10.7910/DVN/24740</dc:relation>
  <dc:rights>The funding agencies are CropLife International, the U.S. State Department, and the CGIAR Research Program on Policies, Institutions, and Markets. HarvestChoice has hosted the AgriTech toolbox.</dc:rights>
  <dc:description>CGIAR Research Program on Policies, Institutions, and Markets (PIM)</dc:description>
  <dc:date>2014-02-14</dc:date>
  <dc:date>2014-10-28</dc:date>
  <dc:identifier>128027</dc:identifier>
  <dc:identifier>http://cdm15738.contentdm.oclc.org/cdm/ref/collection/p15738coll2/id/128027</dc:identifier>
</oai_dc:dc>