<oai_dc:dc xmlns:oai_dc="http://www.openarchives.org/OAI/2.0/oai_dc/" xmlns:dc="http://purl.org/dc/elements/1.1/" xmlns:xsi="http://www.w3.org/2001/XMLSchema-instance" xsi:schemaLocation="http://www.openarchives.org/OAI/2.0/oai_dc/ http://www.openarchives.org/OAI/2.0/oai_dc.xsd">
  <dc:title>Democratic Republic of Congo</dc:title>
  <dc:creator>Nsombo, Blandine M.; Thomas, Timothy S.; Kyotalimye, Miriam; Waithaka, Michael</dc:creator>
  <dc:date>2013</dc:date>
  <dc:publisher>International Food Policy Research Institute (IFPRI)</dc:publisher>
  <dc:publisher>Washington, D.C.</dc:publisher>
  <dc:language>English</dc:language>
  <dc:description>Book chapter</dc:description>
  <dc:source>In East African agriculture and climate change: A comprehensive analysis. Eds. Waithaka, Michael; Nelson, Gerald C.; Thomas, Timothy S. and Kyotalimye, Miriam. Chapter 4. Pp. 89-119</dc:source>
  <dc:description>PR</dc:description>
  <dc:subject>DEMOCRATIC REPUBLIC OF THE CONGO; CENTRAL AFRICA; AFRICA SOUTH OF SAHARA; AFRICA</dc:subject>
  <dc:subject>Climate change; Droughts; rainfall; Irrigation; Water management; Agriculture; Poverty; Agricultural development; Agricultural policies; Economic development; Smallholders; Livestock; productivity; crop yield; Commodities; Land degradation; Food prices; Nutrition; malnutrition; income; maize; rice; Wheats; Cassava; Bananas; Sugarcane; Sweet potato; soybeans; coffee; tea; Plantain; cowpea</dc:subject>
  <dc:subject>Adaptation; General Circulation Models (GCM)</dc:subject>
  <dc:description>IFPRI1; CRP7</dc:description>
  <dc:description>EPTD</dc:description>
  <dc:relation>Full Book: http://ebrary.ifpri.org/cdm/ref/collection/p15738coll2/id/127923</dc:relation>
  <dc:format>32 pages</dc:format>
  <dc:format>23011029 Bytes</dc:format>
  <dc:description>CGIAR Research Program on Climate Change, Agriculture and Food Security (CCAFS)</dc:description>
  <dc:type>Book chapter</dc:type>
  <dc:date>2013-12-09</dc:date>
  <dc:date>2015-02-10</dc:date>
  <dc:identifier>127927</dc:identifier>
  <dc:identifier>http://cdm15738.contentdm.oclc.org/cdm/ref/collection/p15738coll2/id/127927</dc:identifier>
</oai_dc:dc>