<oai_dc:dc xmlns:oai_dc="http://www.openarchives.org/OAI/2.0/oai_dc/" xmlns:dc="http://purl.org/dc/elements/1.1/" xmlns:xsi="http://www.w3.org/2001/XMLSchema-instance" xsi:schemaLocation="http://www.openarchives.org/OAI/2.0/oai_dc/ http://www.openarchives.org/OAI/2.0/oai_dc.xsd">
  <dc:title>The role of fertilizer in transforming the agricultural economy of Nepal</dc:title>
  <dc:creator>Pandey, Surya Prasad</dc:creator>
  <dc:date>2014</dc:date>
  <dc:description>Nepal is a landlocked country, surrounded by India and China with long borders. All merchandise trade, including fertilize trade, is transited through India. Because of its geopolitical location and agroecological conditions, Nepal faces unique challenges in developing a well-functioning fertilizer market. The main objective of this policy brief is to highlight the difficulties a landlocked country faces in procuring fertilizers and the externalities it encounters from neighboring countries fertilizer polices in promoting efficient fertilizer use and supply.</dc:description>
  <dc:relation>ReSAKSS Policy Note</dc:relation>
  <dc:relation>9</dc:relation>
  <dc:publisher>International Food Policy Research Institute (IFPRI)</dc:publisher>
  <dc:publisher>Washington, D.C.</dc:publisher>
  <dc:language>English</dc:language>
  <dc:description>Project paper</dc:description>
  <dc:description>Non-PR</dc:description>
  <dc:subject>NEPAL; SOUTH ASIA; ASIA</dc:subject>
  <dc:subject>Fertilizers; farm inputs; Agricultural development</dc:subject>
  <dc:description>IFPRI1; ReSAKSS</dc:description>
  <dc:description>DSGD</dc:description>
  <dc:format>5 pages</dc:format>
  <dc:format>877000 Bytes</dc:format>
  <dc:type>Project paper</dc:type>
  <dc:date>2015-01-06</dc:date>
  <dc:date>2015-01-10</dc:date>
  <dc:identifier>128920</dc:identifier>
  <dc:identifier>http://cdm15738.contentdm.oclc.org/cdm/ref/collection/p15738coll2/id/128920</dc:identifier>
</oai_dc:dc>