<oai_dc:dc xmlns:oai_dc="http://www.openarchives.org/OAI/2.0/oai_dc/" xmlns:dc="http://purl.org/dc/elements/1.1/" xmlns:xsi="http://www.w3.org/2001/XMLSchema-instance" xsi:schemaLocation="http://www.openarchives.org/OAI/2.0/oai_dc/ http://www.openarchives.org/OAI/2.0/oai_dc.xsd">
  <dc:title>Spillover effects of targeted subsidies</dc:title>
  <dc:title>An assessment of fertilizer and improved seed use in Nigeria</dc:title>
  <dc:creator>Liverpool-Tasie, Lenis Saweda; Salau, Sheu</dc:creator>
  <dc:date>2013</dc:date>
  <dc:description>While there is growing evidence of the impact of targeted subsidies on private input demand, as far as we are aware no empirical studies have examined the spillover effects of targeted subsidies for just one input on the use of other complementary inputs with which there is low substitutability. Consequently, this study begins to fill this gap by exploring the effect of increasing access to subsidized fertilizer on farmers’ use of improved seed in Nigeria.</dc:description>
  <dc:relation>IFPRI Discussion Paper</dc:relation>
  <dc:relation>1260</dc:relation>
  <dc:publisher>International Food Policy Research Institute (IFPRI)</dc:publisher>
  <dc:publisher>Washington, D.C.</dc:publisher>
  <dc:language>English</dc:language>
  <dc:description>Discussion paper</dc:description>
  <dc:description>Non-PR</dc:description>
  <dc:subject>NIGERIA; WEST AFRICA; AFRICA SOUTH OF SAHARA; AFRICA</dc:subject>
  <dc:subject>Agricultural inputs; voucher program; improved seed; improved seed adoption; fertilizer use; subsidies; fertilizer subsidies; Spillover</dc:subject>
  <dc:description>IFPRI1; Theme 6; Subtheme 6.2; GRP32</dc:description>
  <dc:description>DSGD</dc:description>
  <dc:relation>Impact of fertilizer subsidies on the commercial fertilizer sector in Nigeria, NSSP Working Paper: http://ebrary.ifpri.org/cdm/ref/collection/p15738coll2/id/127318  

Targeted subsidies and private market participation, IFPRI Discussion Paper: http://ebrary.ifpri.org/cdm/ref/collection/p15738coll2/id/127050  

Mapping the contemporary fertilizer policy landscape in Malawi, IFPRI Discussion Paper: http://ebrary.ifpri.org/cdm/ref/collection/p15738coll2/id/127124</dc:relation>
  <dc:identifier>IFPRIDP01260</dc:identifier>
  <dc:format>32 pages</dc:format>
  <dc:identifier>http://www.ifpri.org/publication/spillover-effects-targeted-subsidies</dc:identifier>
  <dc:format>729777 Bytes</dc:format>
  <dc:type>Discussion paper</dc:type>
  <dc:date>2013-04-10</dc:date>
  <dc:date>2015-01-24</dc:date>
  <dc:identifier>127481</dc:identifier>
  <dc:identifier>http://cdm15738.contentdm.oclc.org/cdm/ref/collection/p15738coll2/id/127481</dc:identifier>
</oai_dc:dc>