<oai_dc:dc xmlns:oai_dc="http://www.openarchives.org/OAI/2.0/oai_dc/" xmlns:dc="http://purl.org/dc/elements/1.1/" xmlns:xsi="http://www.w3.org/2001/XMLSchema-instance" xsi:schemaLocation="http://www.openarchives.org/OAI/2.0/oai_dc/ http://www.openarchives.org/OAI/2.0/oai_dc.xsd">
  <dc:title>The role of mineral fertilizers in transforming agriculture in Indonesia</dc:title>
  <dc:creator>Yasmin, Fitria</dc:creator>
  <dc:date>2014</dc:date>
  <dc:description>Indonesia is an archipelago consisting of 13,466 islands, which are divided into 33 provinces. Java, Bali, and Nusa Tenggara are the inner islands and contain 62 percent of the total population of 246 million, but only accounts for 8 percent of the total land area. The inner islands are naturally more fertile than the outer islands that have nutrient-poor, acidic soils. In theory, fertilizer use should be higher on the outer islands, but in reality outer island fertilizer use is generally lower, making crop yields lower, especially when compared to Java. There are approximately 15 million farmer households in Indonesia cultivating rice and 6.7 million cultivating maize. Approxi-mately 68 percent of rice farmers and 37 percent of maize farmers use chemical fertilizers, according to the 2009 Agriculture Census.</dc:description>
  <dc:relation>ReSAKSS Policy Note</dc:relation>
  <dc:relation>13</dc:relation>
  <dc:publisher>International Food Policy Research Institute (IFPRI)</dc:publisher>
  <dc:publisher>Washington, D.C.</dc:publisher>
  <dc:language>English</dc:language>
  <dc:description>Project paper</dc:description>
  <dc:description>Non-PR</dc:description>
  <dc:subject>INDONESIA; SOUTH EAST ASIA; ASIA</dc:subject>
  <dc:subject>Fertilizers; farm inputs; Agricultural development</dc:subject>
  <dc:description>IFPRI1; ReSAKSS</dc:description>
  <dc:description>DSGD</dc:description>
  <dc:format>5 pages</dc:format>
  <dc:format>544000 Bytes</dc:format>
  <dc:type>Project paper</dc:type>
  <dc:date>2014-12-23</dc:date>
  <dc:date>2015-01-10</dc:date>
  <dc:identifier>128879</dc:identifier>
  <dc:identifier>http://cdm15738.contentdm.oclc.org/cdm/ref/collection/p15738coll2/id/128879</dc:identifier>
</oai_dc:dc>