<oai_dc:dc xmlns:oai_dc="http://www.openarchives.org/OAI/2.0/oai_dc/" xmlns:dc="http://purl.org/dc/elements/1.1/" xmlns:xsi="http://www.w3.org/2001/XMLSchema-instance" xsi:schemaLocation="http://www.openarchives.org/OAI/2.0/oai_dc/ http://www.openarchives.org/OAI/2.0/oai_dc.xsd">
  <dc:title>Summary of Determinants and impact of sustainable land and watershed management investments</dc:title>
  <dc:creator>Schmidt, Emily; Chinowsky, Paul; Robinson, Sherman; Strzepek, Kenneth M.;</dc:creator>
  <dc:date>2014</dc:date>
  <dc:description>Ongoing debate over water resource management and land degradation suggests a need for efficient sustainable land management mechanisms to improve agricultural output in the Blue Nile basin in Ethiopia. Numerous econometric and hydrological models have been developed to assess the effects of sustainable land and watershed management (SLWM) investments. However, these models fail to address the trade-offs faced by rural farmers in maintaining such structures. This study combines household survey data that evaluates the economic determinants of program sustainability with a detailed hydrological model that explores location specific effects of SLWM structures. Simulations suggest that more comprehensive investments (such as SLWM with increased fertilizer application) may reap more economically significant increases in household income. Cost benefit analysis suggests that a packaged investment approach is needed in order to outweigh the opportunity costs (foregone labor, particularly) of investing in SLWM infrastructure at farm level.</dc:description>
  <dc:relation>ESSP II Research Note;</dc:relation>
  <dc:relation>30</dc:relation>
  <dc:publisher>International Food Policy Research Institute (IFPRI); Ethiopian Development Research Institute (EDRI)</dc:publisher>
  <dc:publisher>Washington, D.C.; Addis Ababa, Ethiopia</dc:publisher>
  <dc:language>English</dc:language>
  <dc:description>Project Note;</dc:description>
  <dc:description>Non-PR</dc:description>
  <dc:subject>ETHIOPIA; EAST AFRICA; AFRICA SOUTH OF SAHARA; AFRICA</dc:subject>
  <dc:subject>Watershed management; Sustainability; Land management;</dc:subject>
  <dc:description>IFPRI2; ESSP; CRP2</dc:description>
  <dc:description>DSGD; PIM; EPTD;</dc:description>
  <dc:relation>http://ebrary.ifpri.org/cdm/ref/collection/p15738coll2/id/128024</dc:relation>
  <dc:rights>Summary of ESSP Working Paper 62, “Determinants and impact of sustainable land and watershed management investments: A systems evaluation in the
Blue Nile Basin, Ethiopia”</dc:rights>
  <dc:format>2 pages</dc:format>
  <dc:format>508298 Bytes</dc:format>
  <dc:description>CGIAR Research Program on Policies, Institutions, and Markets (PIM);</dc:description>
  <dc:type>Project paper</dc:type>
  <dc:date>2014-09-05</dc:date>
  <dc:date>2015-01-28</dc:date>
  <dc:identifier>128265</dc:identifier>
  <dc:identifier>http://cdm15738.contentdm.oclc.org/cdm/ref/collection/p15738coll2/id/128265</dc:identifier>
</oai_dc:dc>