<oai_dc:dc xmlns:oai_dc="http://www.openarchives.org/OAI/2.0/oai_dc/" xmlns:dc="http://purl.org/dc/elements/1.1/" xmlns:xsi="http://www.w3.org/2001/XMLSchema-instance" xsi:schemaLocation="http://www.openarchives.org/OAI/2.0/oai_dc/ http://www.openarchives.org/OAI/2.0/oai_dc.xsd">
  <dc:title>Targeting technology to reduce poverty and conserve resources: Experimental delivery of laser land leveling to farmers in Uttar Pradesh, India</dc:title>
  <dc:creator>Lybbert, Travis J.; Magnan, Nicholas; Spielman, David J.; Bhargava, Anil K.; Gulati, Kajal</dc:creator>
  <dc:date>2013</dc:date>
  <dc:description>Demand heterogeneity often makes it profitable for firms to price and promote goods and services differently in different market segments. When private consumption brings public benefits, this same heterogeneity can be used to target public subsidies. We explore the design of public–private targeting and segmentation strategies in the case of a resource-conserving agricultural technology in India. To understand farmers’ heterogeneous demand for laser land leveling (LLL), we conducted an experimental auction for LLL services with an integrated randomized controlled trial to estimate the private benefits of the technology. We use graphical and econometric approaches to characterize farmer demand for LLL. We then add detailed cost data from LLL providers to simulate and evaluate several potential targeted delivery strategies based on measures of (1) the cost-effectiveness of expanding LLL dissemination, (2) water savings, and (3) market surplus in a welfare framework. These simulations demonstrate inherent tradeoffs between increasing the amount of land that is leveled and expanding the number of farmers who adopt the technology, and between adoption and water savings. While segmenting and targeting are popular elements of many public–private partnerships to develop and disseminate agricultural technologies, formulating and implementing effective delivery strategies requires a rich understanding of costs, benefits, and demand. Our experimental approach generates such an understanding and may be relevant in other contexts.</dc:description>
  <dc:relation>IFPRI Discussion Paper</dc:relation>
  <dc:relation>1274</dc:relation>
  <dc:publisher>International Food Policy Research Institute (IFPRI)</dc:publisher>
  <dc:publisher>Washington, D.C.</dc:publisher>
  <dc:language>English</dc:language>
  <dc:description>Discussion paper</dc:description>
  <dc:description>Non-PR</dc:description>
  <dc:subject>INDIA; SOUTH ASIA; ASIA</dc:subject>
  <dc:subject>conservation agriculture; resource management; demand heterogeneity; Market segmentation; Laser land levelling; technology targeting</dc:subject>
  <dc:description>IFPRI1; Theme 9; Subtheme 9.1; CSISA; GRP1; CRP2; A.3 Science, Technology, and innovation Policy</dc:description>
  <dc:description>EPTD; PIM</dc:description>
  <dc:relation>A review of input and output policies for cereals production in India, IFPRI Discussion Paper: http://ebrary.ifpri.org/cdm/ref/collection/p15738coll2/id/126821 Demand and supply of cereals in India, IFPRI Discussion Paper: http://ebrary.ifpri.org/cdm/ref/collection/p15738coll2/id/126820   Zero tillage in the rice-wheat systems of the Indo-Gangetic Plains, IFPRI Discussion Paper:  http://ebrary.ifpri.org/cdm/ref/collection/p15738coll2/id/32247   Public expenditures, private incentives, and technology adoption, IFPRI Discussion Paper: http://ebrary.ifpri.org/cdm/ref/collection/p15738coll2/id/127309   Mechanization in Ghana, IFPRI Discussion Paper:  http://ebrary.ifpri.org/cdm/ref/collection/p15738coll2/id/127344    ASTI CSISA project: http://www.ifpri.org/book-736/node/8754</dc:relation>
  <dc:format>44 pages</dc:format>
  <dc:identifier>http://www.ifpri.org/publication/targeting-technology-reduce-poverty-and-conserve-resources</dc:identifier>
  <dc:format>2679164 Bytes</dc:format>
  <dc:description>CGIAR Research Program on Policies, Institutions, and Markets (PIM)</dc:description>
  <dc:type>Discussion paper</dc:type>
  <dc:date>2013-07-04</dc:date>
  <dc:date>2015-01-24</dc:date>
  <dc:identifier>127746</dc:identifier>
  <dc:identifier>http://cdm15738.contentdm.oclc.org/cdm/ref/collection/p15738coll2/id/127746</dc:identifier>
</oai_dc:dc>