<oai_dc:dc xmlns:oai_dc="http://www.openarchives.org/OAI/2.0/oai_dc/" xmlns:dc="http://purl.org/dc/elements/1.1/" xmlns:xsi="http://www.w3.org/2001/XMLSchema-instance" xsi:schemaLocation="http://www.openarchives.org/OAI/2.0/oai_dc/ http://www.openarchives.org/OAI/2.0/oai_dc.xsd">
  <dc:title>Highlights of IFPRI’s recent food policy research for Ireland</dc:title>
  <dc:title>Reducing poverty and hunger through food policy research</dc:title>
  <dc:creator>International Food Policy Research Institute (IFPRI);</dc:creator>
  <dc:date>2013</dc:date>
  <dc:relation>Outcome Stories</dc:relation>
  <dc:publisher>International Food Policy Research Institute (IFPRI);</dc:publisher>
  <dc:publisher>Washington, D.C.;</dc:publisher>
  <dc:language>English;</dc:language>
  <dc:description>Brochure;</dc:description>
  <dc:identifier>9780896298163</dc:identifier>
  <dc:description>Non-PR</dc:description>
  <dc:subject>ETHIOPIA; MALAWI; ZAMBIA; EAST AFRICA; SOUTHERN AFRICA; AFRICA SOUTH OF SAHARA; AFRICA;</dc:subject>
  <dc:subject>Hunger; Poverty; HIV/AIDS; food security; Nutrition security; safety net programs; agricultural sector; Monitoring and evaluation;</dc:subject>
  <dc:description>IFPRI-1;</dc:description>
  <dc:description>DGO;</dc:description>
  <dc:format>12 pages</dc:format>
  <dc:identifier>http://www.ifpri.org/publication/highlights-ifpri-s-recent-food-policy-research-government-ireland</dc:identifier>
  <dc:format>738541 Bytes</dc:format>
  <dc:type>noType</dc:type>
  <dc:date>2013-03-29</dc:date>
  <dc:date>2013-11-15</dc:date>
  <dc:identifier>127469</dc:identifier>
  <dc:identifier>http://cdm15738.contentdm.oclc.org/cdm/ref/collection/p15738coll2/id/127469</dc:identifier>
</oai_dc:dc>