<oai_dc:dc xmlns:oai_dc="http://www.openarchives.org/OAI/2.0/oai_dc/" xmlns:dc="http://purl.org/dc/elements/1.1/" xmlns:xsi="http://www.w3.org/2001/XMLSchema-instance" xsi:schemaLocation="http://www.openarchives.org/OAI/2.0/oai_dc/ http://www.openarchives.org/OAI/2.0/oai_dc.xsd">
  <dc:title>Factor endowments, wage growth, and changing food self-sufficiency</dc:title>
  <dc:title>Evidence from country-level panel data</dc:title>
  <dc:creator>Otsuka, Keijiro; Liu, Yanyan; Yamauchi, Futoshi</dc:creator>
  <dc:date>2013</dc:date>
  <dc:description>Asian countries have witnessed a sharp increase in real wage as a result of rapid economic growth and structural transformation in recent years. Using a country level panel data from 1980 to 2010, this paper examines the effects of real wage increase on Asian agriculture that traditionally used family labor intensively on small farms. The empirical evidence supports our hypothesis that an increase in real wages, along with absorptions of labor into nonagricultural sectors, has been inducing the substitution of labor by machines in agriculture. However, this process is less successful in the countries that are constrained by their small operational land sizes, resulting in lowered land productivity. We also demonstrated that dynamic changes in yield are an important determinant of food self-sufficiency ratio.</dc:description>
  <dc:relation>IFPRI Discussion Paper</dc:relation>
  <dc:relation>1246</dc:relation>
  <dc:publisher>International Food Policy Research Institute (IFPRI)</dc:publisher>
  <dc:publisher>Washington, D.C.</dc:publisher>
  <dc:language>English</dc:language>
  <dc:description>Discussion paper</dc:description>
  <dc:description>Non-PR</dc:description>
  <dc:subject>ASIA</dc:subject>
  <dc:subject>cereal self-sufficient ration; Economic transformation; farm size; machine use; Agricultural productivity</dc:subject>
  <dc:subject>time allocation</dc:subject>
  <dc:description>IFPRI1; Theme 3; Subtheme 3.2; GRP27; Theme 2; Subtheme 2.2</dc:description>
  <dc:description>MTID</dc:description>
  <dc:relation>Agricultural mechanization in Ghana, GSSP Working Paper 30 http://ebrary.ifpri.org/cdm/ref/collection/p15738coll2/id/127384  
Mechanization in Ghana, IFPRI Discussion Paper 1237 http://ebrary.ifpri.org/cdm/ref/collection/p15738coll2/id/127344  Agricultural mechanization and the smallholder farmers in Nigeria, NSSP Policy Note 22 http://ebrary.ifpri.org/cdm/ref/collection/p15738coll2/id/15313 China has reached the Lewis turning point, IFPRI Discussion Paper 977 http://ebrary.ifpri.org/cdm/ref/collection/p15738coll2/id/1737</dc:relation>
  <dc:identifier>IFPRIDP01246</dc:identifier>
  <dc:format>20 pages</dc:format>
  <dc:identifier>http://www.ifpri.org/publication/factor-endowments-wage-growth-and-changing-food-self-sufficiency</dc:identifier>
  <dc:format>477162 Bytes</dc:format>
  <dc:type>Discussion paper</dc:type>
  <dc:date>2013-03-04</dc:date>
  <dc:date>2015-01-24</dc:date>
  <dc:identifier>127394</dc:identifier>
  <dc:identifier>http://cdm15738.contentdm.oclc.org/cdm/ref/collection/p15738coll2/id/127394</dc:identifier>
</oai_dc:dc>