<oai_dc:dc xmlns:oai_dc="http://www.openarchives.org/OAI/2.0/oai_dc/" xmlns:dc="http://purl.org/dc/elements/1.1/" xmlns:xsi="http://www.w3.org/2001/XMLSchema-instance" xsi:schemaLocation="http://www.openarchives.org/OAI/2.0/oai_dc/ http://www.openarchives.org/OAI/2.0/oai_dc.xsd">
  <dc:title>Gender inequalities in ownership and control of land in Africa: Myths versus reality</dc:title>
  <dc:creator>Doss, Cheryl; Kovarik, Chiara; Peterman, Amber; Quisumbing, Agnes R.; van den Bold, Mara</dc:creator>
  <dc:date>2013</dc:date>
  <dc:description>The objective of this paper is to explore, conceptually and empirically, the levels and relative inequalities in landownership between women and men in African countries. The first section of the paper engages in a conceptual discussion of how to measure gendered land outcomes, what ownership and control mean in different contexts, and why attention to these factors is important for the development of gender and land statistics. The second section of the paper systematically reviews existing evidence from microlevel large sample studies by region to summarize recent trends in land access, ownership, and control by sex. The third section presents new statistics from a variety of nationally representative and large-scale unpublished data on gender and land in Africa. Results provide not only a nuanced understanding of the importance of measuring land indicators for gendered development in Africa and globally but also new statistics on a variety of land outcomes to aid stakeholders in the discussion of gender-land inequalities.</dc:description>
  <dc:relation>IFPRI Discussion Paper</dc:relation>
  <dc:relation>1308</dc:relation>
  <dc:publisher>International Food Policy Research Institute (IFPRI)</dc:publisher>
  <dc:publisher>Washington, D.C.</dc:publisher>
  <dc:language>English</dc:language>
  <dc:description>Discussion paper</dc:description>
  <dc:description>Non-PR</dc:description>
  <dc:subject>AFRICA SOUTH OF SAHARA; AFRICA</dc:subject>
  <dc:subject>Gender; Women; Land ownership; Property</dc:subject>
  <dc:subject>bundles of rights</dc:subject>
  <dc:description>IFPRI1; CRP2; Theme 7; Subtheme 7.3; GRP-42</dc:description>
  <dc:description>PHND; PIM</dc:description>
  <dc:relation>Property rights for poverty reduction, 2020 Vision Focus Brief: http://ebrary.ifpri.org/cdm/ref/collection/p15738coll2/id/26784    Tenure (in)security and agricultural investment of smallholder farmers in Mozambique: http://ebrary.ifpri.org/cdm/ref/collection/p15738coll2/id/127381  The gender implications of large-scale land deals, IFPRI Discussion Paper 1056: http://ebrary.ifpri.org/cdm/ref/collection/p15738coll2/id/124877   Who owns the land? IFPRI Discussion Paper 1136: http://ebrary.ifpri.org/cdm/ref/collection/p15738coll2/id/126766  
Policy reform toward gender equality in Ethiopia, IFPRI Discussion Paper: 1226: http://ebrary.ifpri.org/cdm/ref/collection/p15738coll2/id/127265</dc:relation>
  <dc:format>48 pages</dc:format>
  <dc:identifier>http://www.ifpri.org/publication/gender-inequalities-ownership-and-control-land-africa</dc:identifier>
  <dc:format>1109892 Bytes</dc:format>
  <dc:description>CGIAR Research Program on Policies, Institutions, and Markets (PIM)</dc:description>
  <dc:type>Discussion paper</dc:type>
  <dc:date>2013-12-20</dc:date>
  <dc:date>2015-01-24</dc:date>
  <dc:identifier>127957</dc:identifier>
  <dc:identifier>http://cdm15738.contentdm.oclc.org/cdm/ref/collection/p15738coll2/id/127957</dc:identifier>
</oai_dc:dc>