<oai_dc:dc xmlns:oai_dc="http://www.openarchives.org/OAI/2.0/oai_dc/" xmlns:dc="http://purl.org/dc/elements/1.1/" xmlns:xsi="http://www.w3.org/2001/XMLSchema-instance" xsi:schemaLocation="http://www.openarchives.org/OAI/2.0/oai_dc/ http://www.openarchives.org/OAI/2.0/oai_dc.xsd">
  <dc:title>Population density, migration, and the returns to human capital and land: Highlights from Indonesia</dc:title>
  <dc:creator>Liu, Yanyan; Yamauchi, Futoshi</dc:creator>
  <dc:date>2013</dc:date>
  <dc:description>Rapid population growth in many developing countries has raised concerns regarding food security and household welfare. To understand the consequences of population growth on in the general equilibrium setting, we examine the dynamics of population density and its impacts on household outcomes using panel data from Indonesia. More specifically we explicitly highlight the importance of migration to urban sectors in the analysis. Empirical results show that human capital in the household determines the effect of increased population density on per capita household consumption expenditure. The effect of population density is positive if the average educational attainment is high (above junior high school), while it is negative otherwise.</dc:description>
  <dc:relation>IFPRI Discussion Paper</dc:relation>
  <dc:relation>1271</dc:relation>
  <dc:publisher>International Food Policy Research Institute (IFPRI)</dc:publisher>
  <dc:publisher>Washington, D.C.</dc:publisher>
  <dc:language>English</dc:language>
  <dc:description>Discussion paper</dc:description>
  <dc:description>Non-PR</dc:description>
  <dc:subject>INDONESIA; SOUTH EAST ASIA; ASIA</dc:subject>
  <dc:subject>Population growth; Migration; Land ownership; Rural economy; economic growth; Education; High value agriculture; Land rights; rural areas</dc:subject>
  <dc:description>IFPRI1; Theme 2; Subtheme 2.2; GRP27; Theme 3; Subtheme 3.3</dc:description>
  <dc:description>MTID</dc:description>
  <dc:relation>IFPRI Discussion Paper:  http://ebrary.ifpri.org/cdm/ref/collection/p15738coll2/id/126574

 EPTD discussion paper 24:  http://ebrary.ifpri.org/cdm/ref/collection/p15738coll2/id/125637

  EPTD Discussion paper 48: http://ebrary.ifpri.org/cdm/ref/collection/p15738coll2/id/125783 IFPRI Discussion Paper 728: http://ebrary.ifpri.org/cdm/ref/collection/p15738coll2/id/125251

 Vision Focus Brief 3(1): http://ebrary.ifpri.org/cdm/ref/collection/p15738coll2/id/92784 Journal article http://ebrary.ifpri.org/cdm/ref/collection/p15738coll5/id/4462</dc:relation>
  <dc:rights>This research later published as  	Liu, Yanyan; and Yamauchi, Futoshi. 2014. Population density, migration, and the returns to human capital and land: Insights from Indonesia. Food Policy 48(October 2014): 182-193. Special Issue on Boserup and Beyond: Mounting Land Pressures and Development Strategies in Africa. http://dx.doi.org/10.1016/j.foodpol.2014.05.003</dc:rights>
  <dc:format>28 pages</dc:format>
  <dc:identifier>http://www.ifpri.org/publication/population-density-migration-and-returns-human-capital-and-land</dc:identifier>
  <dc:format>502736 Bytes</dc:format>
  <dc:type>Discussion paper</dc:type>
  <dc:date>2013-06-14</dc:date>
  <dc:date>2015-01-30</dc:date>
  <dc:identifier>127688</dc:identifier>
  <dc:identifier>http://cdm15738.contentdm.oclc.org/cdm/ref/collection/p15738coll2/id/127688</dc:identifier>
</oai_dc:dc>