<oai_dc:dc xmlns:oai_dc="http://www.openarchives.org/OAI/2.0/oai_dc/" xmlns:dc="http://purl.org/dc/elements/1.1/" xmlns:xsi="http://www.w3.org/2001/XMLSchema-instance" xsi:schemaLocation="http://www.openarchives.org/OAI/2.0/oai_dc/ http://www.openarchives.org/OAI/2.0/oai_dc.xsd">
  <dc:title>Summary of Hydrological modeling of sustainable land management interventions in the Mizewa watershed of the Blue Nile Basin</dc:title>
  <dc:creator>Schmidt, Emily; Zemadim, Birhanu</dc:creator>
  <dc:date>2014</dc:date>
  <dc:description>This analysis utilizes recent hydrological and meteorological data collected from the Mizewa watershed in Fogera woreda in order to better understand the physical impact of sustainable land and watershed management (SLWM) investments. The effectiveness of the simulated conservation practices (terraces, bunds, and residue management) are evaluated using the Soil and Water Assessment Tool (SWAT) model taking into account investment decisions on different terrain types. Simulations compare the limited investments that currently exist with increases in terracing and residue management activities within the watershed. The results suggest mixed impacts on surface run-off and erosion depending on terrain and management practices. However, the type and amount of investment (and therefore costs) in SLWM have different implications with respect to labor input and utilization of agricultural land, and the consequent socio-economic effects on households.</dc:description>
  <dc:relation>ESSP II Research Note</dc:relation>
  <dc:relation>31</dc:relation>
  <dc:publisher>International Food Policy Research Institute (IFPRI); Ethiopian Development Research Institute (EDRI)</dc:publisher>
  <dc:publisher>Washington, D.C.; Addis Ababa, Ethiopia</dc:publisher>
  <dc:language>English</dc:language>
  <dc:description>Project Note</dc:description>
  <dc:description>Non-PR</dc:description>
  <dc:subject>ETHIOPIA; EAST AFRICA; AFRICA SOUTH OF SAHARA; AFRICA</dc:subject>
  <dc:subject>Sustainability; Land management; Water management; Irrigation</dc:subject>
  <dc:description>IFPRI2; ESSP; CRP2</dc:description>
  <dc:description>DSGD; PIM</dc:description>
  <dc:relation>http://ebrary.ifpri.org/cdm/ref/collection/p15738coll2/id/128008</dc:relation>
  <dc:rights>Summary of ESSP Working Paper 61, “Hydrological modeling of sustainable land management interventions in the Mizewa watershed of the Blue Nile Basin”</dc:rights>
  <dc:format>2 pages</dc:format>
  <dc:format>640994 Bytes</dc:format>
  <dc:description>CGIAR Research Program on Policies, Institutions, and Markets (PIM)</dc:description>
  <dc:type>Project paper</dc:type>
  <dc:date>2014-09-05</dc:date>
  <dc:date>2015-01-28</dc:date>
  <dc:identifier>128266</dc:identifier>
  <dc:identifier>http://cdm15738.contentdm.oclc.org/cdm/ref/collection/p15738coll2/id/128266</dc:identifier>
</oai_dc:dc>