<oai_dc:dc xmlns:oai_dc="http://www.openarchives.org/OAI/2.0/oai_dc/" xmlns:dc="http://purl.org/dc/elements/1.1/" xmlns:xsi="http://www.w3.org/2001/XMLSchema-instance" xsi:schemaLocation="http://www.openarchives.org/OAI/2.0/oai_dc/ http://www.openarchives.org/OAI/2.0/oai_dc.xsd">
  <dc:title>Highlights of recent IFPRI food policy research for Switzerland</dc:title>
  <dc:title>Reducing poverty and hunger through food policy research</dc:title>
  <dc:creator>International Food Policy Research Institute (IFPRI)</dc:creator>
  <dc:date>2013</dc:date>
  <dc:relation>Outcome Stories</dc:relation>
  <dc:publisher>International Food Policy Research Institute (IFPRI)</dc:publisher>
  <dc:publisher>Washington, D.C.</dc:publisher>
  <dc:language>English</dc:language>
  <dc:description>Brochure</dc:description>
  <dc:identifier>9780896298422</dc:identifier>
  <dc:identifier>http://dx.doi.org/10.2499/9780896298422</dc:identifier>
  <dc:identifier>10.2499/9780896298422</dc:identifier>
  <dc:description>Non-PR</dc:description>
  <dc:subject>AFRICA SOUTH OF SAHARA; AFRICA</dc:subject>
  <dc:subject>food policies; Agricultural policies; food security; Agricultural research</dc:subject>
  <dc:description>IFPRI1</dc:description>
  <dc:description>DGO</dc:description>
  <dc:format>8 pages</dc:format>
  <dc:identifier>http://www.ifpri.org/publication/highlights-recent-ifpri-food-policy-research-switzerland</dc:identifier>
  <dc:format>1303133 Bytes</dc:format>
  <dc:type>noType</dc:type>
  <dc:date>2014-01-31</dc:date>
  <dc:date>2014-07-31</dc:date>
  <dc:identifier>128003</dc:identifier>
  <dc:identifier>http://cdm15738.contentdm.oclc.org/cdm/ref/collection/p15738coll2/id/128003</dc:identifier>
</oai_dc:dc>