<oai_dc:dc xmlns:oai_dc="http://www.openarchives.org/OAI/2.0/oai_dc/" xmlns:dc="http://purl.org/dc/elements/1.1/" xmlns:xsi="http://www.w3.org/2001/XMLSchema-instance" xsi:schemaLocation="http://www.openarchives.org/OAI/2.0/oai_dc/ http://www.openarchives.org/OAI/2.0/oai_dc.xsd">
  <dc:title>The impact of food price shocks in Uganda: First-order versus long-run effects</dc:title>
  <dc:creator>Van Campenhout, Bjorn; Pauw, Karl; Minot, Nicholas</dc:creator>
  <dc:date>2013</dc:date>
  <dc:description>We look at the immediate effects of these shocks faced by households in Uganda on their poverty and well-being. In addition, we look at the economywide impact in the long run when all markets have settled at a new equilibrium. We find that in the short run, poverty has increased substantially. However, in the longer run, we find welfare levels of rural farm households in particular to rise sharply, primarily as a result of increased returns to farm labor and agricultural land coupled with improved market prices for output sold.</dc:description>
  <dc:relation>IFPRI Discussion Paper</dc:relation>
  <dc:relation>1284</dc:relation>
  <dc:publisher>International Food Policy Research Institute (IFPRI)</dc:publisher>
  <dc:publisher>Washington, D.C.</dc:publisher>
  <dc:language>English</dc:language>
  <dc:description>Discussion paper</dc:description>
  <dc:description>Non-PR</dc:description>
  <dc:subject>UGANDA; EAST AFRICA; AFRICA SOUTH OF SAHARA; AFRICA</dc:subject>
  <dc:subject>Food prices; Wellbeing; Poverty; Agricultural development; Commodities</dc:subject>
  <dc:subject>Computable General Equilibrium (CGE) model</dc:subject>
  <dc:subject>C68 Computable General Equilibrium Models</dc:subject>
  <dc:description>IFPRI1; Theme 6; Subtheme 6.2; GRP32; Subtheme 2.2; Theme 3</dc:description>
  <dc:description>DSGD; MTID</dc:description>
  <dc:relation>How volatile are African food prices?  http://ebrary.ifpri.org/cdm/ref/collection/p15738coll2/id/127496  Impact of food price increase on household welfare in Ghana  http://ebrary.ifpri.org/cdm/ref/collection/p15738coll2/id/127409  Bangladesh rice trade and price stabilization http://ebrary.ifpri.org/cdm/ref/collection/p15738coll2/id/127130   Gendered impacts of the 2007-08 food price crisis http://ebrary.ifpri.org/cdm/ref/collection/p15738coll2/id/124920</dc:relation>
  <dc:format>44 pages</dc:format>
  <dc:identifier>http://www.ifpri.org/publication/impact-food-price-shocks-uganda</dc:identifier>
  <dc:format>1183737 Bytes</dc:format>
  <dc:type>Discussion paper</dc:type>
  <dc:date>2013-08-19</dc:date>
  <dc:date>2015-01-24</dc:date>
  <dc:identifier>127771</dc:identifier>
  <dc:identifier>http://cdm15738.contentdm.oclc.org/cdm/ref/collection/p15738coll2/id/127771</dc:identifier>
</oai_dc:dc>