<oai_dc:dc xmlns:oai_dc="http://www.openarchives.org/OAI/2.0/oai_dc/" xmlns:dc="http://purl.org/dc/elements/1.1/" xmlns:xsi="http://www.w3.org/2001/XMLSchema-instance" xsi:schemaLocation="http://www.openarchives.org/OAI/2.0/oai_dc/ http://www.openarchives.org/OAI/2.0/oai_dc.xsd">
  <dc:title>Monitoring agriculture sector performance in Swaziland: Investment, growth and poverty trends, 2000—2011</dc:title>
  <dc:creator>Musaba, Emmanuel; Pali-Shikhulu, John; Matchaya, Greenwell Collins; Chilonda, Pius; Nhlengethwa, Sibusiso</dc:creator>
  <dc:date>2014</dc:date>
  <dc:publisher>International Water Management Institute (IWMI); International Food Policy Research Institute (IFPRI);</dc:publisher>
  <dc:publisher>Pretoria, South Africa;</dc:publisher>
  <dc:language>English</dc:language>
  <dc:description>Report</dc:description>
  <dc:description>Non-PR</dc:description>
  <dc:subject>SWAZILAND; SOUTHERN AFRICA; AFRICA SOUTH OF SAHARA; AFRICA;</dc:subject>
  <dc:subject>Agricultural growth; Agricultural policies; Poverty</dc:subject>
  <dc:description>IFPRI2; A Ensuring Sustainable food production; ReSAKSS SA</dc:description>
  <dc:description>WCAO; ESAO</dc:description>
  <dc:format>72 pages</dc:format>
  <dc:format>3582315 Bytes</dc:format>
  <dc:type>Report</dc:type>
  <dc:date>2015-02-06</dc:date>
  <dc:date>2015-02-06</dc:date>
  <dc:identifier>128963</dc:identifier>
  <dc:identifier>http://cdm15738.contentdm.oclc.org/cdm/ref/collection/p15738coll2/id/128963</dc:identifier>
</oai_dc:dc>