<oai_dc:dc xmlns:oai_dc="http://www.openarchives.org/OAI/2.0/oai_dc/" xmlns:dc="http://purl.org/dc/elements/1.1/" xmlns:xsi="http://www.w3.org/2001/XMLSchema-instance" xsi:schemaLocation="http://www.openarchives.org/OAI/2.0/oai_dc/ http://www.openarchives.org/OAI/2.0/oai_dc.xsd">
  <dc:title>2013 Indice de la faim dans le monde : Le défi de la faim : Construire la résilience pour une sécurité alimentaire et nutritionnelle durable</dc:title>
  <dc:creator>von Grebmer, Klaus; Headey, Derek D.; Olofinbiyi, Tolulope; Wiesmann, Doris; Yin, Sandra; Yohannes, Yisehac; Foley, Connell; von Oppeln, Constanze; Iseli, Bettina; Béné, Christophe; Haddad, Lawrence James;</dc:creator>
  <dc:date>2013</dc:date>
  <dc:description>L’Indice de la faim dans le monde 2013 (GHI), élaboré à partir de données couvrant la période 2008-2012, montre que le niveau de la faim dans le monde s’est amélioré depuis 1990, diminuant d’un tiers. En dépit des progrès réalisés, le niveau de la faim demeure « grave », avec 870 millions de personnes souffrant de la faim selon des estimations de l'Organisation des Nations Unies pour l'alimentation et l'agriculture (FAO). Les scores GHI varient considérablement en fonction des régions et des pays. L’Asie du Sud et l’Afrique subsaharienne concentrent les scores GHI les plus élevés. L’Asie du Sud a diminué son score GHI entre 1990 et 1995 de manière significative grâce, en particulier, à une baisse importante de l’insuffisance pondérale infantile, mais n’est pas parvenue à maintenir ce rythme de progression. Les inégalités sociales ainsi que le faible statut nutritionnel, éducationnel et social des femmes continuent de contribuer à une prévalence élevée de l’insuffisance pondérale chez les enfants de moins de cinq ans.L’Afrique subsaharienne n’a pas accompli autant de progrès que l’Asie du Sud au cours des années 1990. Toutefois, depuis le passage à l’an 2000, ce continent a réalisé des progrès notables et son score GHI est actuellement inférieur à celui de l’Asie du Sud. L’avènement d’une plus grande stabilité politique dans des pays anciennement touchés par des guerres civiles dans les années 1990 et 2000 s’est traduit par une reprise de la croissance économique. Des avancées dans la lutte contre le VIH/Sida, une diminution de la prévalence du paludisme et des taux de vaccination plus élevés ont contribué à réduire la mortalité infantile. Depuis 1990, 23 pays ont réalisé des progrès significatifs, réduisant leurs scores GHI de 50% voire plus. 27 pays sont passés de la catégorie « extrêmement alarmant » à « alarmant ». En termes de progrès absolus, les dix pays ayant connu les meilleures améliorations de leur score GHI sont l’Angola, le Bangladesh, le Cambodge, l’Ethiopie, le Ghana, le Malawi, le Niger, le Rwanda, la Thaïlande et le Vietnam.</dc:description>
  <dc:relation>Global Hunger Index;</dc:relation>
  <dc:publisher>Deutsche Welthungerhilfe (German AgroAction); International Food Policy Research Institute (IFPRI); Concern Worldwide;</dc:publisher>
  <dc:publisher>Bonn, Germany; Washington, D.C.; Dublin, Ireland;</dc:publisher>
  <dc:language>French</dc:language>
  <dc:description>Book;</dc:description>
  <dc:description>Non-PR</dc:description>
  <dc:subject>CARIBBEAN; Commonwealth of Independent States; LATIN AMERICA; MIDDLE EAST; NORTH AFRICA; EAST AFRICA; EAST ASIA; SOUTH ASIA; EASTERN EUROPE; SOUTHERN AFRICA; AFRICA SOUTH OF SAHARA; AFRICA; ASIA;</dc:subject>
  <dc:subject>Developing countries; Food availability; food crises; food crisis; Food prices; food security; Nutrition security; Nutrition; malnutrition; undernourishment; Hunger; Undernutrition; Mortality; Underweight; Children; Land degradation; Natural resources; Sustainable development; Sustainability; Sustainable livelihoods; Climate change; Water; Natural disasters; disaster relief; Environmental disasters; Environmental risk; Environmental policies;</dc:subject>
  <dc:subject>resilience; environmental shocks;</dc:subject>
  <dc:description>IFPRI2;</dc:description>
  <dc:description>PHND; DGO; COM;</dc:description>
  <dc:relation>Issue Brief: http://ebrary.ifpri.org/cdm/ref/collection/p15738coll2/id/127839 Tableau Map Visualization: http://public.tableausoftware.com/views/2013GHI/2013GLOBALHUNGERINDEXBYSEVERITY#1</dc:relation>
  <dc:relation>German: http://ebrary.ifpri.org/cdm/ref/collection/p15738coll2/id/127842  Italian: http://ebrary.ifpri.org/cdm/ref/collection/p15738coll2/id/127843 English: http://ebrary.ifpri.org/cdm/ref/collection/p15738coll2/id/127844</dc:relation>
  <dc:relation>Dataverse: http://dx.doi.org/10.7910/DVN/22795 ; Github: http://datahub.io/dataset/2013-global-hunger-index-data</dc:relation>
  <dc:format>64 pages</dc:format>
  <dc:identifier>http://www.ifpri.org/node/9535</dc:identifier>
  <dc:format>5653510 Bytes</dc:format>
  <dc:type>noType</dc:type>
  <dc:date>2013-10-14</dc:date>
  <dc:date>2013-10-15</dc:date>
  <dc:identifier>127845</dc:identifier>
  <dc:identifier>http://cdm15738.contentdm.oclc.org/cdm/ref/collection/p15738coll2/id/127845</dc:identifier>
</oai_dc:dc>