<oai_dc:dc xmlns:oai_dc="http://www.openarchives.org/OAI/2.0/oai_dc/" xmlns:dc="http://purl.org/dc/elements/1.1/" xmlns:xsi="http://www.w3.org/2001/XMLSchema-instance" xsi:schemaLocation="http://www.openarchives.org/OAI/2.0/oai_dc/ http://www.openarchives.org/OAI/2.0/oai_dc.xsd">
  <dc:title>Mechanization outsourcing clusters and division of labor in Chinese agriculture</dc:title>
  <dc:creator>Zhang, Xiaobo; Yang, Jin; Reardon, Thomas Anthony</dc:creator>
  <dc:date>2015</dc:date>
  <dc:description>Most of the poor in the developing countries are smallholder farmers. Improving their productivity is essential for reducing poverty. Despite small landholdings, a high degree of land fragmentation, and rising labor costs, agricultural production in China has steadily increased. If one treats the farm household as the unit of analysis, it would be difficult to explain the conundrum. When seeing agricultural production from the lens of division of labor, the puzzle can be easily solved. In response to rising labor costs, farmers outsource some power-intensive stages of production, such as harvesting, to specialized mechanization service providers, which are often clustered in a few counties and travel throughout the country to harvest crops at very competitive service charges. Through such an arrangement, smallholder farmers can stay viable in agricultural production.</dc:description>
  <dc:relation>IFPRI Discussion Paper</dc:relation>
  <dc:relation>1415</dc:relation>
  <dc:publisher>International Food Policy Research Institute (IFPRI)</dc:publisher>
  <dc:publisher>Washington, D.C.</dc:publisher>
  <dc:language>English</dc:language>
  <dc:description>Discussion paper</dc:description>
  <dc:description>Non-PR</dc:description>
  <dc:subject>CHINA; EAST ASIA; ASIA</dc:subject>
  <dc:subject>Agriculture; mechanization; microeconomics; Wages; Economic development</dc:subject>
  <dc:subject>lewis turning point; outsource</dc:subject>
  <dc:subject>J31 Wage Level and Structure, Wage Differentials; O12 Microeconomic Analyses of Economic Development</dc:subject>
  <dc:description>IFPRI1; D.1 Agriculture's role in national development strategy</dc:description>
  <dc:description>DSGD</dc:description>
  <dc:relation>Discussion paper http://ebrary.ifpri.org/cdm/ref/collection/p15738coll2/id/128479 http://www.ifpri.org/blog/fueling-fire http://ebrary.ifpri.org/cdm/ref/collection/p15738coll2/id/128270</dc:relation>
  <dc:format>32 pages</dc:format>
  <dc:format>710038 Bytes</dc:format>
  <dc:type>Discussion paper</dc:type>
  <dc:date>2015-02-06</dc:date>
  <dc:date>2015-02-10</dc:date>
  <dc:identifier>128958</dc:identifier>
  <dc:identifier>http://cdm15738.contentdm.oclc.org/cdm/ref/collection/p15738coll2/id/128958</dc:identifier>
</oai_dc:dc>