<oai_dc:dc xmlns:oai_dc="http://www.openarchives.org/OAI/2.0/oai_dc/" xmlns:dc="http://purl.org/dc/elements/1.1/" xmlns:xsi="http://www.w3.org/2001/XMLSchema-instance" xsi:schemaLocation="http://www.openarchives.org/OAI/2.0/oai_dc/ http://www.openarchives.org/OAI/2.0/oai_dc.xsd">
  <dc:title>Extension Services: Case studies</dc:title>
  <dc:title>Position paper: June 2012</dc:title>
  <dc:creator>Global Forum for Rural Advisory Services (GFRAS);</dc:creator>
  <dc:date>2012</dc:date>
  <dc:publisher>International Food Policy Research Institute (IFPRI); Food and Agriculture Organization (FAO);</dc:publisher>
  <dc:publisher>Lindau, Switzerland;</dc:publisher>
  <dc:language>English;</dc:language>
  <dc:description>Brief;</dc:description>
  <dc:description>Non-PR</dc:description>
  <dc:subject>AFRICA SOUTH OF SAHARA; AFRICA;</dc:subject>
  <dc:subject>Knowledge systems; extension services; advisory service; Agricultural innovation;</dc:subject>
  <dc:description>IFPRI2;</dc:description>
  <dc:description>DSGD;</dc:description>
  <dc:format>4 pages</dc:format>
  <dc:format>2159274 Bytes</dc:format>
  <dc:type>noType</dc:type>
  <dc:date>2013-05-17</dc:date>
  <dc:date>2013-05-17</dc:date>
  <dc:identifier>127544</dc:identifier>
  <dc:identifier>http://cdm15738.contentdm.oclc.org/cdm/ref/collection/p15738coll2/id/127544</dc:identifier>
</oai_dc:dc>