<oai_dc:dc xmlns:oai_dc="http://www.openarchives.org/OAI/2.0/oai_dc/" xmlns:dc="http://purl.org/dc/elements/1.1/" xmlns:xsi="http://www.w3.org/2001/XMLSchema-instance" xsi:schemaLocation="http://www.openarchives.org/OAI/2.0/oai_dc/ http://www.openarchives.org/OAI/2.0/oai_dc.xsd">
  <dc:title>Can integrated agriculture-nutrition programs change gender norms on land and asset ownership? Evidence from Burkina Faso</dc:title>
  <dc:creator>van den Bold, Mara; Pedehombga, Abdoulaye; Ouédraogo, Marcellin; Quisumbing, Agnes R.; Olney, Deanna K.</dc:creator>
  <dc:date>2013</dc:date>
  <dc:description>This paper uses a mixed-methods approach to analyze the impact of Helen Keller International’s Enhanced-Homestead Food Production pilot program in Burkina Faso on women’s and men’s assets and on norms regarding ownership, use, and control of those assets. Even though men continue to own and control most land and specific assets in the study area, women’s control over and ownership of assets has started to change, both in terms of quantifiable changes as well as changes in people’s perceptions and opinions about who can own and control certain assets. The paper also discusses the implications of such changes for program sustainability.</dc:description>
  <dc:relation>IFPRI Discussion Paper</dc:relation>
  <dc:relation>1315</dc:relation>
  <dc:publisher>International Food Policy Research Institute (IFPRI)</dc:publisher>
  <dc:publisher>Washington, D.C.</dc:publisher>
  <dc:language>English</dc:language>
  <dc:description>Discussion paper</dc:description>
  <dc:description>Non-PR</dc:description>
  <dc:subject>BURKINA FASO; WEST AFRICA; AFRICA SOUTH OF SAHARA; AFRICA</dc:subject>
  <dc:subject>assets; Gender; Women; Food production; Ownership</dc:subject>
  <dc:subject>homestead food production; Helen Keller International</dc:subject>
  <dc:description>IFPRI1; CRP4; CRP2; G Cross-cutting gender theme</dc:description>
  <dc:description>PHND; A4NH; PIM</dc:description>
  <dc:relation>Gender inequalities in ownership and control of land in Africa, IFPRI Discussion Paper http://ebrary.ifpri.org/cdm/ref/collection/p15738coll2/id/127957   Women’s empowerment and nutrition, IFPRI Paper http://ebrary.ifpri.org/cdm/ref/collection/p15738coll2/id/127840   The importance of gender in a “gender blind” asset transfer program http://ebrary.ifpri.org/cdm/ref/collection/p15738coll2/id/127913</dc:relation>
  <dc:format>36 pages</dc:format>
  <dc:identifier>http://www.ifpri.org/publication/can-integrated-agriculture-nutrition-programs-change-gender-norms-land-and-asset-ownersh</dc:identifier>
  <dc:format>1055450 Bytes</dc:format>
  <dc:description>CGIAR Research Program on Agriculture for Nutrition and Health (A4NH)</dc:description>
  <dc:type>Discussion paper</dc:type>
  <dc:date>2014-01-08</dc:date>
  <dc:date>2015-02-06</dc:date>
  <dc:identifier>127986</dc:identifier>
  <dc:identifier>http://cdm15738.contentdm.oclc.org/cdm/ref/collection/p15738coll2/id/127986</dc:identifier>
</oai_dc:dc>