<oai_dc:dc xmlns:oai_dc="http://www.openarchives.org/OAI/2.0/oai_dc/" xmlns:dc="http://purl.org/dc/elements/1.1/" xmlns:xsi="http://www.w3.org/2001/XMLSchema-instance" xsi:schemaLocation="http://www.openarchives.org/OAI/2.0/oai_dc/ http://www.openarchives.org/OAI/2.0/oai_dc.xsd">
  <dc:title>A landscape analysis of nutrition initiatives in Madhya Pradesh: Policies, actors, and networks</dc:title>
  <dc:creator>Bose, Vijauluxmi; Batra-Dua, Sunaina; Menon, Subhadra; Mathur, Shivani; Sharma, Gina; Chauhan, Kavita</dc:creator>
  <dc:date>2014</dc:date>
  <dc:description>The silent scourge of undernutrition and major nutritional deficiencies of public health importance persists across India despite decades of planned programmes and interventions. The maternal and child undernutrition scenario in India represents a complex set of determinants, including poverty, lack of knowledge, and access. Other factors that confound this dangerous interplay of barriers are erosion of conventional food consumption patterns exacerbated by poor hygienic practices, diseases such as malaria and diarrhoea, and lack of access to safe water and sanitation.</dc:description>
  <dc:relation>POSHAN Report</dc:relation>
  <dc:relation>4</dc:relation>
  <dc:publisher>International Food Policy Research Institute (IFPRI)</dc:publisher>
  <dc:publisher>New Delhi, India</dc:publisher>
  <dc:language>English</dc:language>
  <dc:description>Report</dc:description>
  <dc:description>Non-PR</dc:description>
  <dc:subject>INDIA; SOUTH ASIA; ASIA</dc:subject>
  <dc:subject>Nutrition; malnutrition; Children; Nutrition policies; food security; Nutrition security; Stunting</dc:subject>
  <dc:description>IFPRI1; POSHAN</dc:description>
  <dc:description>SAO; PHND</dc:description>
  <dc:format>79 pages</dc:format>
  <dc:format>1733635 Bytes</dc:format>
  <dc:type>Report</dc:type>
  <dc:date>2014-07-03</dc:date>
  <dc:date>2014-12-10</dc:date>
  <dc:identifier>128207</dc:identifier>
  <dc:identifier>http://cdm15738.contentdm.oclc.org/cdm/ref/collection/p15738coll2/id/128207</dc:identifier>
</oai_dc:dc>