<oai_dc:dc xmlns:oai_dc="http://www.openarchives.org/OAI/2.0/oai_dc/" xmlns:dc="http://purl.org/dc/elements/1.1/" xmlns:xsi="http://www.w3.org/2001/XMLSchema-instance" xsi:schemaLocation="http://www.openarchives.org/OAI/2.0/oai_dc/ http://www.openarchives.org/OAI/2.0/oai_dc.xsd">
  <dc:title>The rice seed industry in Thailand</dc:title>
  <dc:creator>Chaowagul, Makasiri</dc:creator>
  <dc:date>2014</dc:date>
  <dc:description>This policy brief will provide an analysis of the maize seed industry’s current state and future prospects, prefacing that with a review of the historical context under which it emerged. Lessons learned from this sector could have implications for the development of the seed industry in other developing countries.</dc:description>
  <dc:relation>ReSAKSS Policy Note</dc:relation>
  <dc:relation>5</dc:relation>
  <dc:publisher>International Food Policy Research Institute (IFPRI)</dc:publisher>
  <dc:publisher>Washington, D.C.</dc:publisher>
  <dc:language>English</dc:language>
  <dc:description>Project paper</dc:description>
  <dc:description>Non-PR</dc:description>
  <dc:subject>THAILAND; SOUTH EAST ASIA; ASIA</dc:subject>
  <dc:subject>Rice; Seeds; Seed industry; Agricultural policies; Agricultural development</dc:subject>
  <dc:description>IFPRI1; ReSAKSS</dc:description>
  <dc:description>DSGD</dc:description>
  <dc:format>4 pages</dc:format>
  <dc:format>486664 Bytes</dc:format>
  <dc:type>Project paper</dc:type>
  <dc:date>2015-01-01</dc:date>
  <dc:date>2015-01-10</dc:date>
  <dc:identifier>128900</dc:identifier>
  <dc:identifier>http://cdm15738.contentdm.oclc.org/cdm/ref/collection/p15738coll2/id/128900</dc:identifier>
</oai_dc:dc>