<oai_dc:dc xmlns:oai_dc="http://www.openarchives.org/OAI/2.0/oai_dc/" xmlns:dc="http://purl.org/dc/elements/1.1/" xmlns:xsi="http://www.w3.org/2001/XMLSchema-instance" xsi:schemaLocation="http://www.openarchives.org/OAI/2.0/oai_dc/ http://www.openarchives.org/OAI/2.0/oai_dc.xsd">
  <dc:title>Land policy and governance reforms and agricultural transformation</dc:title>
  <dc:creator>Hagos, Hosaena Ghebru</dc:creator>
  <dc:date>2013</dc:date>
  <dc:relation>GSSP Discussion Note</dc:relation>
  <dc:relation>13</dc:relation>
  <dc:publisher>International Food Policy Research Institute (IFPRI)</dc:publisher>
  <dc:publisher>Accra, Ghana</dc:publisher>
  <dc:language>English</dc:language>
  <dc:description>Brief</dc:description>
  <dc:description>Non-PR</dc:description>
  <dc:subject>GHANA; WEST AFRICA; AFRICA SOUTH OF SAHARA; AFRICA</dc:subject>
  <dc:subject>Land policy; agricultural transformation; land governance; Land tenure; Agricultural Investment; Land rights</dc:subject>
  <dc:description>IFPRI1; GSSP; Theme 6; Subtheme 6.2; GRP32</dc:description>
  <dc:description>DSGD</dc:description>
  <dc:format>8 pages</dc:format>
  <dc:identifier>http://www.ifpri.org/publication/land-policy-and-governance-reforms-and-agricultural-transformation</dc:identifier>
  <dc:format>513675 Bytes</dc:format>
  <dc:type>Project paper</dc:type>
  <dc:date>2013-03-11</dc:date>
  <dc:date>2015-01-07</dc:date>
  <dc:identifier>127406</dc:identifier>
  <dc:identifier>http://cdm15738.contentdm.oclc.org/cdm/ref/collection/p15738coll2/id/127406</dc:identifier>
</oai_dc:dc>