<oai_dc:dc xmlns:oai_dc="http://www.openarchives.org/OAI/2.0/oai_dc/" xmlns:dc="http://purl.org/dc/elements/1.1/" xmlns:xsi="http://www.w3.org/2001/XMLSchema-instance" xsi:schemaLocation="http://www.openarchives.org/OAI/2.0/oai_dc/ http://www.openarchives.org/OAI/2.0/oai_dc.xsd">
  <dc:title>On farm conservation of rice biodiversity in Nepal: a simultaneous estimation approach</dc:title>
  <dc:creator>Gauchan, Devendra; Van Dusen, M. Eric; Smale, Melinda</dc:creator>
  <dc:date>2005</dc:date>
  <dc:description>"This paper presents an empirical case study about farmer management of rice genetic resources in two communities of Nepal, drawing on interdisciplinary, participatory research that involved farmers, rice geneticists, and social scientists.  The decision-making process of farm households is modeled and estimated in order to provide information for the design of community-based conservation programs. A bivariate model with sample selection treats the simultaneous process of whether farmers decide to plant landraces or modern varieties, and whether the landraces they choose to plant constitute genetic diversity of interest for future crop improvement. Findings show that the two landrace choices are affected by different social and economic factors. The estimation procedure demonstrates that in certain cases, however, the decision processes are interrelated. Policies to promote the conservation of local rice diversity will need to take both processes into account. Fitted equations are then used to compare the likelihood that households targeted for conservation according to one set of conservation criteria also meet other conservation criteria. Households most likely to plant landraces identified as important for crop improvement also grow richer, more spatially diverse rice varieties. In these communities, few policy trade-offs would result from employing one set of criteria instead of the other."  -- Authors' Abstract</dc:description>
  <dc:relation>EPTD Discussion Paper</dc:relation>
  <dc:relation>144</dc:relation>
  <dc:publisher>International Food Policy Research Institute (IFPRI)</dc:publisher>
  <dc:publisher>Washington, D.C.</dc:publisher>
  <dc:language>English</dc:language>
  <dc:description>Discussion paper</dc:description>
  <dc:description>Non-PR</dc:description>
  <dc:subject>NEPAL; SOUTH ASIA;  ASIA</dc:subject>
  <dc:subject>Landraces; Crop diversity; rice; Biodiversity; Genetic resources; decisionmaking; On-farm research; Farmers; storage</dc:subject>
  <dc:subject>Q57 Ecosystem Services, Biodiversity Conservation, Bioeconomics, Industrial Ecology</dc:subject>
  <dc:description>IFPRI1; DCA</dc:description>
  <dc:description>EPTD</dc:description>
  <dc:identifier>EPTDP 144</dc:identifier>
  <dc:format>31 pages</dc:format>
  <dc:identifier>http://www.ifpri.org/publication/farm-conservation-rice-biodiversity-nepal</dc:identifier>
  <dc:format>390173 Bytes</dc:format>
  <dc:type>Discussion paper</dc:type>
  <dc:date>2014-08-22</dc:date>
  <dc:date>2015-02-11</dc:date>
  <dc:identifier>128251</dc:identifier>
  <dc:identifier>http://cdm15738.contentdm.oclc.org/cdm/ref/collection/p15738coll2/id/128251</dc:identifier>
</oai_dc:dc>