<oai_dc:dc xmlns:oai_dc="http://www.openarchives.org/OAI/2.0/oai_dc/" xmlns:dc="http://purl.org/dc/elements/1.1/" xmlns:xsi="http://www.w3.org/2001/XMLSchema-instance" xsi:schemaLocation="http://www.openarchives.org/OAI/2.0/oai_dc/ http://www.openarchives.org/OAI/2.0/oai_dc.xsd">
  <dc:title>Fertility, agricultural labor supply, and production: Instrumental variable evidence from Uganda</dc:title>
  <dc:creator>Van Campenhout, Bjorn</dc:creator>
  <dc:date>2014</dc:date>
  <dc:description>Human fertility is likely to affect agricultural production through its effect on the supply of agricultural labor. Using the fact that in traditional, patriarchal societies sons are often preferred to daughters, we isolated exogenous variation in the number of children born to a mother and related it to agricultural labor supply and production outcomes in Uganda—a country that combines a dominant agricultural sector with one of the highest fertility rates in the world. We found that fertility has a sizable negative effect on household labor allocation to subsistence agriculture. Households with lower fertility devote significantly more time to land preparation and weeding, while larger households grow less matooke and sweet potatoes. We found no significant effect on agricultural productivity as measured in terms of yield per land area.</dc:description>
  <dc:relation>IFPRI Discussion Paper</dc:relation>
  <dc:relation>1406</dc:relation>
  <dc:publisher>International Food Policy Research Institute (IFPRI)</dc:publisher>
  <dc:publisher>Washington, D.C.</dc:publisher>
  <dc:language>English</dc:language>
  <dc:description>Discussion paper</dc:description>
  <dc:description>Non-PR</dc:description>
  <dc:subject>UGANDA; EAST AFRICA; AFRICA SOUTH OF SAHARA; AFRICA</dc:subject>
  <dc:subject>Gender; households; Labor supply; Population growth; Sociology</dc:subject>
  <dc:subject>fertility; instrumental variables; boy preference</dc:subject>
  <dc:description>IFPRI1; D.1 Agriculture's role in national development strategy</dc:description>
  <dc:description>DSGD</dc:description>
  <dc:relation>Discussion paper http://ebrary.ifpri.org/cdm/ref/collection/p15738coll2/id/128106 http://ebrary.ifpri.org/cdm/ref/collection/p15738coll2/id/63482 http://ebrary.ifpri.org/cdm/ref/collection/p15738coll2/id/18259</dc:relation>
  <dc:format>40 pages</dc:format>
  <dc:identifier>http://www.ifpri.org/publication/fertility-agricultural-labor-supply-and-production</dc:identifier>
  <dc:format>686438 Bytes</dc:format>
  <dc:type>Discussion paper</dc:type>
  <dc:date>2014-12-31</dc:date>
  <dc:date>2015-02-10</dc:date>
  <dc:identifier>128895</dc:identifier>
  <dc:identifier>http://cdm15738.contentdm.oclc.org/cdm/ref/collection/p15738coll2/id/128895</dc:identifier>
</oai_dc:dc>