<oai_dc:dc xmlns:oai_dc="http://www.openarchives.org/OAI/2.0/oai_dc/" xmlns:dc="http://purl.org/dc/elements/1.1/" xmlns:xsi="http://www.w3.org/2001/XMLSchema-instance" xsi:schemaLocation="http://www.openarchives.org/OAI/2.0/oai_dc/ http://www.openarchives.org/OAI/2.0/oai_dc.xsd">
  <dc:title>A comparative analysis of global cropping systems models and maps</dc:title>
  <dc:creator>Anderson, Weston; You, Liangzhi; Wood, Stanley; Wood-Sichra, Ulrike; Wu, Wenbin</dc:creator>
  <dc:date>2014</dc:date>
  <dc:description>This study aims to explore and quantify systematic similarities and differences between four major global cropping systems products: the dataset of monthly irrigated and rainfed crop areas around the year 2000 (MIRCA2000), the spatial production allocation model (SPAM), the global agroecological zone (GAEZ) dataset, and the M3 dataset developed by Monfreda, Ramankutty, and Foley. The analysis explores not only the final cropping systems maps but also the interdependencies of each product, methodological differences, and modeling assumptions, which will provide users with information vital for discerning between datasets in selecting a product appropriate for each intended application.</dc:description>
  <dc:relation>IFPRI Discussion Paper</dc:relation>
  <dc:relation>1327</dc:relation>
  <dc:publisher>International Food Policy Research Institute (IFPRI)</dc:publisher>
  <dc:publisher>Washington, D.C.</dc:publisher>
  <dc:language>English</dc:language>
  <dc:description>Discussion paper</dc:description>
  <dc:description>Non-PR</dc:description>
  <dc:subject>farmland; Cropping systems; yield; Cartography</dc:subject>
  <dc:subject>global cropland; harvested area; downscaling</dc:subject>
  <dc:description>IFPRI1; CRP2; A.1 Global Futures and Strategic Foresight; Subtheme 1.1; HarvestChoice</dc:description>
  <dc:description>EPTD; PIM</dc:description>
  <dc:relation>Global Atlas to Determine Farmers’ Potential to Grow More Food http://www.ifpri.org/blog/global-atlas-determine-farmers-potential-grow-more-food  Merging models to compare food security impacts of climate change http://www.ifpri.org/blog/merging-models-compare-food-security-impacts-climate-change</dc:relation>
  <dc:format>44 pages</dc:format>
  <dc:identifier>http://www.ifpri.org/publication/comparative-analysis-global-cropping-systems-models-and-maps</dc:identifier>
  <dc:format>4737062 Bytes</dc:format>
  <dc:description>CGIAR Research Program on Policies, Institutions, and Markets (PIM)</dc:description>
  <dc:type>Discussion paper</dc:type>
  <dc:date>2014-02-27</dc:date>
  <dc:date>2015-02-04</dc:date>
  <dc:identifier>128030</dc:identifier>
  <dc:identifier>http://cdm15738.contentdm.oclc.org/cdm/ref/collection/p15738coll2/id/128030</dc:identifier>
</oai_dc:dc>