<oai_dc:dc xmlns:oai_dc="http://www.openarchives.org/OAI/2.0/oai_dc/" xmlns:dc="http://purl.org/dc/elements/1.1/" xmlns:xsi="http://www.w3.org/2001/XMLSchema-instance" xsi:schemaLocation="http://www.openarchives.org/OAI/2.0/oai_dc/ http://www.openarchives.org/OAI/2.0/oai_dc.xsd">
  <dc:title>The impact of cash and food transfers: Evidence from a randomized intervention in Niger</dc:title>
  <dc:creator>Hoddinott, John F.; Sandström, Susanna; Upton, Joanna</dc:creator>
  <dc:date>2014</dc:date>
  <dc:description>There is little rigorous evidence on the comparative impacts of cash and food transfers on food security and food-related outcomes. We assess the relative impacts of receiving cash versus food transfers using a randomized design. Drawing on data collected in eastern Niger, we find that households randomized to receive a food basket experienced larger, positive impacts on measures of food consumption and diet quality than those receiving the cash transfer.</dc:description>
  <dc:relation>IFPRI Discussion Paper</dc:relation>
  <dc:relation>1341</dc:relation>
  <dc:publisher>International Food Policy Research Institute (IFPRI)</dc:publisher>
  <dc:publisher>Washington, D.C.</dc:publisher>
  <dc:language>English</dc:language>
  <dc:description>Discussion paper</dc:description>
  <dc:description>Non-PR</dc:description>
  <dc:subject>NIGER; WEST AFRICA; AFRICA SOUTH OF SAHARA; AFRICA</dc:subject>
  <dc:subject>food security; social policies; Nutrition</dc:subject>
  <dc:subject>cash transfers; social protection; social safety nets</dc:subject>
  <dc:subject>D04 Microeconomic Policy: Formulation, Implementation, Evaluation; I38 Welfare, Well-Being, and Poverty: Government Programs, Provision and Effects of Welfare Programs; O12 Microeconomic Analyses of Economic Development</dc:subject>
  <dc:description>IFPRI1; E Building Resilience; GRP28; CRP2</dc:description>
  <dc:description>PHND; PIM</dc:description>
  <dc:relation>Improved dairy cows in Uganda, IFPRI Discussion Paper: http://ebrary.ifpri.org/cdm/ref/collection/p15738coll2/id/128031    The impact of irrigation on nutrition, health, and gender, IFPRI Discussion Paper: http://ebrary.ifpri.org/cdm/ref/collection/p15738coll2/id/127480    Can integrated agriculture-nutrition programs change gender norms on land and asset ownership?, IFPRI Discussion Paper: http://ebrary.ifpri.org/cdm/ref/collection/p15738coll2/id/127986    Can dairy value-chain projects change gender norms in rural Bangladesh?, IFPRI Discussion Paper: http://ebrary.ifpri.org/cdm/ref/collection/p15738coll2/id/127982</dc:relation>
  <dc:format>32 pages</dc:format>
  <dc:identifier>http://www.ifpri.org/publication/impact-cash-and-food-transfers</dc:identifier>
  <dc:format>856539 Bytes</dc:format>
  <dc:description>CGIAR Research Program on Policies, Institutions, and Markets (PIM)</dc:description>
  <dc:type>Discussion paper</dc:type>
  <dc:date>2014-04-14</dc:date>
  <dc:date>2015-02-11</dc:date>
  <dc:identifier>128125</dc:identifier>
  <dc:identifier>http://cdm15738.contentdm.oclc.org/cdm/ref/collection/p15738coll2/id/128125</dc:identifier>
</oai_dc:dc>