<oai_dc:dc xmlns:oai_dc="http://www.openarchives.org/OAI/2.0/oai_dc/" xmlns:dc="http://purl.org/dc/elements/1.1/" xmlns:xsi="http://www.w3.org/2001/XMLSchema-instance" xsi:schemaLocation="http://www.openarchives.org/OAI/2.0/oai_dc/ http://www.openarchives.org/OAI/2.0/oai_dc.xsd">
  <dc:title>Policy experiment in Mozambique highlights importance of gender in dissemination of sustainable land management techniques</dc:title>
  <dc:creator>Kondylis, Florence; Mueller, Valerie; Sheriff, Glenn; Zhu, Siyao</dc:creator>
  <dc:date>2014</dc:date>
  <dc:description>One potential path for increasing yields is to invest in land cultivated by women. Although agricultural intensification has been the standard approach to increase yields, there is a recent push to emphasize sustainable land management (SLM). The traditional mode of technology diffusion is through the provision of agricultural extension services, which typically cater to male farmers. To better understand the role of gender in the dissemination of SLM techniques, we exploit a policy experiment conducted in 200 communities in the Zambezi valley of Mozambique.</dc:description>
  <dc:relation>MozSSP Working Paper</dc:relation>
  <dc:relation>7</dc:relation>
  <dc:publisher>International Food Policy Research Institute (IFPRI)</dc:publisher>
  <dc:publisher>Washington, D.C.</dc:publisher>
  <dc:language>English</dc:language>
  <dc:description>Working paper</dc:description>
  <dc:description>Non-PR</dc:description>
  <dc:subject>MOZAMBIQUE; SOUTHERN AFRICA; AFRICA SOUTH OF SAHARA; AFRICA</dc:subject>
  <dc:subject>Gender; Women; agricultural extension; Sustainability; Land management; Research; experimentation</dc:subject>
  <dc:description>IFPRI1; MozSSP; CRP2</dc:description>
  <dc:description>DSGD; PIM</dc:description>
  <dc:format>17 pages</dc:format>
  <dc:identifier>http://www.ifpri.org/publication/policy-experiment-mozambique-highlights-importance-gender-dissemination-sustainable-land</dc:identifier>
  <dc:format>1098131 Bytes</dc:format>
  <dc:description>CGIAR Research Program on Policies, Institutions, and Markets (PIM)</dc:description>
  <dc:date>2014-10-16</dc:date>
  <dc:date>2014-10-28</dc:date>
  <dc:identifier>128371</dc:identifier>
  <dc:identifier>http://cdm15738.contentdm.oclc.org/cdm/ref/collection/p15738coll2/id/128371</dc:identifier>
</oai_dc:dc>