<oai_dc:dc xmlns:oai_dc="http://www.openarchives.org/OAI/2.0/oai_dc/" xmlns:dc="http://purl.org/dc/elements/1.1/" xmlns:xsi="http://www.w3.org/2001/XMLSchema-instance" xsi:schemaLocation="http://www.openarchives.org/OAI/2.0/oai_dc/ http://www.openarchives.org/OAI/2.0/oai_dc.xsd">
  <dc:title>Fertilizers in Vietnam</dc:title>
  <dc:creator>Thang, Tran Toan</dc:creator>
  <dc:date>2014</dc:date>
  <dc:description>Although agriculture only contributes 20 percent to GDP in Vietnam, over 70 percent of the population relies on the sector. Rice is the most important crop in Vietnam accounting for 90 percent of total grain output. The agricultural sector has faced recent challenges due to urbanization and industrialization, as well as few opportunities for increasing cultivated land area. Increased crop yields through the use of chemical fertilizer is one of the few methods available for increasing agricultural output.</dc:description>
  <dc:relation>ReSAKSS Policy Note</dc:relation>
  <dc:relation>11</dc:relation>
  <dc:publisher>International Food Policy Research Institute (IFPRI)</dc:publisher>
  <dc:publisher>Washington, D.C.</dc:publisher>
  <dc:language>English</dc:language>
  <dc:description>Project paper</dc:description>
  <dc:description>Non-PR</dc:description>
  <dc:subject>VIET NAM; VIETNAM; SOUTH EAST ASIA; ASIA</dc:subject>
  <dc:subject>Agricultural policies; Agricultural development; Fertilizers; farm inputs</dc:subject>
  <dc:description>IFPRI1; ReSAKSS</dc:description>
  <dc:description>DSGD</dc:description>
  <dc:format>6 pages</dc:format>
  <dc:format>648256 Bytes</dc:format>
  <dc:type>Project paper</dc:type>
  <dc:date>2014-12-23</dc:date>
  <dc:date>2015-01-10</dc:date>
  <dc:identifier>128880</dc:identifier>
  <dc:identifier>http://cdm15738.contentdm.oclc.org/cdm/ref/collection/p15738coll2/id/128880</dc:identifier>
</oai_dc:dc>