<oai_dc:dc xmlns:oai_dc="http://www.openarchives.org/OAI/2.0/oai_dc/" xmlns:dc="http://purl.org/dc/elements/1.1/" xmlns:xsi="http://www.w3.org/2001/XMLSchema-instance" xsi:schemaLocation="http://www.openarchives.org/OAI/2.0/oai_dc/ http://www.openarchives.org/OAI/2.0/oai_dc.xsd">
  <dc:title>Droughts, distress, and policies for drought proofing agriculture in Bihar, India</dc:title>
  <dc:creator>Kishore, Avinash; Joshi, Pramod Kumar; Pandey, Divya</dc:creator>
  <dc:date>2014</dc:date>
  <dc:description>This study was undertaken to assess if various drought-proofing and drought-relief programs are effective in mitigating the impact of droughts on crop production and household consumption in rural Bihar, India. This study is relevant as Bihar has experienced four drought years since 2009. The drought in 2009 led to an increase in the number of poor people in the state from 2004-2005 to 2009-2010, in spite of rapid growth of gross domestic product in this period. The government of Bihar runs a number of drought-proofing and drought-relief programs to mitigate the impact of drought, but with little effect. The two largest social safety net programs-the Targeted Public Distribution System (TPDS) and the Mahatma Gandhi National Rural Employment Guarantee Scheme (MGNREGS)-provide little relief to drought-affected families in rural Bihar. Additional subsidy on diesel to irrigate Kharif crops in drought-affected areas does not reach many farmers. Delays, uncertainties, and high transaction costs in its disbursal to farmers further reduce the subsidy’s effectiveness. Public tubewells and subsidy on private wells and pump-sets fail to provide wide-scale relief for the drought-stricken area. The results of our year-long study of 160 farmers with access to cheap irrigation from solar powered pump-sets in Bihar showed that these farmers grew paddy in all their land in Kharif in 2013, in spite of low rainfall.</dc:description>
  <dc:relation>IFPRI Discussion Paper</dc:relation>
  <dc:relation>1398</dc:relation>
  <dc:publisher>International Food Policy Research Institute (IFPRI)</dc:publisher>
  <dc:publisher>Washington, D.C.</dc:publisher>
  <dc:language>English</dc:language>
  <dc:description>Discussion paper</dc:description>
  <dc:description>Non-PR</dc:description>
  <dc:subject>INDIA; SOUTH ASIA; ASIA</dc:subject>
  <dc:subject>Droughts; Water use; Climate change; rural areas; Irrigation</dc:subject>
  <dc:subject>social safety nets; social protection; public tubewells; solar pumps; Mahatma Gandhi National Rural Employment Guarantee; Targeted Public Distribution System</dc:subject>
  <dc:description>IFPRI1; A.1 Global Futures and Strategic Foresight; CRP7</dc:description>
  <dc:description>SAO</dc:description>
  <dc:relation>http://www.ifpri.org/blog/when-wells-fail-farmers-response-groundwater-depletion-india  http://ebrary.ifpri.org/cdm/ref/collection/p15738coll2/id/128216</dc:relation>
  <dc:format>36 pages</dc:format>
  <dc:identifier>http://www.ifpri.org/publication/droughts-distress-and-policies-drought-proofing-agriculture-bihar-india</dc:identifier>
  <dc:format>730132 Bytes</dc:format>
  <dc:description>CGIAR Research Program on Climate Change, Agriculture and Food Security (CCAFS)</dc:description>
  <dc:type>Discussion paper</dc:type>
  <dc:date>2014-12-19</dc:date>
  <dc:date>2015-01-09</dc:date>
  <dc:identifier>128868</dc:identifier>
  <dc:identifier>http://cdm15738.contentdm.oclc.org/cdm/ref/collection/p15738coll2/id/128868</dc:identifier>
</oai_dc:dc>