<oai_dc:dc xmlns:oai_dc="http://www.openarchives.org/OAI/2.0/oai_dc/" xmlns:dc="http://purl.org/dc/elements/1.1/" xmlns:xsi="http://www.w3.org/2001/XMLSchema-instance" xsi:schemaLocation="http://www.openarchives.org/OAI/2.0/oai_dc/ http://www.openarchives.org/OAI/2.0/oai_dc.xsd">
  <dc:title>2014 Nutrition country profile: Thailand</dc:title>
  <dc:creator>International Food Policy Research Institute (IFPRI)</dc:creator>
  <dc:date>2014</dc:date>
  <dc:publisher>International Food Policy Research Institute (IFPRI)</dc:publisher>
  <dc:publisher>Washington, D.C.</dc:publisher>
  <dc:language>English</dc:language>
  <dc:description>Factsheet</dc:description>
  <dc:description>Non-PR</dc:description>
  <dc:subject>THAILAND; SOUTH EAST ASIA; ASIA</dc:subject>
  <dc:subject>Nutrition; Poverty; Stunting; Children; malnutrition; Micronutrients; Mortality; Nutrition policies; Indicators; Food supply; Anemia; Birth weight; Breast feeding</dc:subject>
  <dc:description>IFPRI1; CRP4</dc:description>
  <dc:description>DGO; A4NH; PHND</dc:description>
  <dc:relation>Full book http://ebrary.ifpri.org/cdm/ref/collection/p15738coll2/id/128484</dc:relation>
  <dc:format>2 pages</dc:format>
  <dc:identifier>http://www.ifpri.org/publication/global-nutrition-report-2014</dc:identifier>
  <dc:format>570769 Bytes</dc:format>
  <dc:description>CGIAR Research Program on Agriculture for Nutrition and Health (A4NH)</dc:description>
  <dc:type>Factsheet</dc:type>
  <dc:date>2014-12-10</dc:date>
  <dc:date>2014-12-10</dc:date>
  <dc:identifier>128790</dc:identifier>
  <dc:identifier>http://cdm15738.contentdm.oclc.org/cdm/ref/collection/p15738coll2/id/128790</dc:identifier>
</oai_dc:dc>