<oai_dc:dc xmlns:oai_dc="http://www.openarchives.org/OAI/2.0/oai_dc/" xmlns:dc="http://purl.org/dc/elements/1.1/" xmlns:xsi="http://www.w3.org/2001/XMLSchema-instance" xsi:schemaLocation="http://www.openarchives.org/OAI/2.0/oai_dc/ http://www.openarchives.org/OAI/2.0/oai_dc.xsd">
  <dc:title>L’Indice de la faim dans le monde 2014: Le défi de la faim invisible</dc:title>
  <dc:creator>von Grebmer, Klaus; Saltzman, Amy; Birol, Ekin; Wiesmann, Doris; Prasai, Nilam; Yin, Sandra; Yohannes, Yisehac; Menon, Purnima; Thompson, Jennifer; Sonntag, Andrea</dc:creator>
  <dc:creator>0000-0002-6908-5773 von Grebmer, K.</dc:creator>
  <dc:date>2014</dc:date>
  <dc:description>Alors qu’il ne reste plus qu’une année avant la date d’échéance de la réalisation des Objectifs du Millénaire pour le développement, l’Indice de la faim dans le monde 2014 (GHI) offre une analyse multidimensionnelle de la faim et présente de nouvelles données permettant d’alimenter le débat mondial sur la question de savoir où concentrer les efforts dans la lutte contre la faim et la malnutrition. Selon le GHI 2014, les niveaux de faim dans les pays en développement pris dans leur ensemble se sont améliorés depuis 1990, diminuant de 39%. Malgré les progrès enregistrés, le niveau de la faim dans le monde demeure « grave » avec 805 millions de personnes qui continuent de souffrir de la faim, selon des estimations de l’Organisation des Nations Unies pour l'alimentation et l'agriculture (FAO).</dc:description>
  <dc:relation>Global Hunger Index</dc:relation>
  <dc:publisher>Welthungerhilfe; International Food Policy Research Institute (IFPRI); Concern Worldwide</dc:publisher>
  <dc:publisher>Bonn, Germany; Washington, D.C.; Dublin, Ireland</dc:publisher>
  <dc:language>French</dc:language>
  <dc:description>Book</dc:description>
  <dc:identifier>9780896299603</dc:identifier>
  <dc:identifier>http://dx.doi.org/10.2499/9780896299580</dc:identifier>
  <dc:identifier>10.2499/9780896299580</dc:identifier>
  <dc:description>PR</dc:description>
  <dc:subject>INDIA; SOUTH ASIA; MIDDLE EAST; NORTH AFRICA; LATIN AMERICA; EAST AFRICA; WEST AFRICA; CARIBBEAN; AFRICA SOUTH OF SAHARA; AFRICA; ASIA; SOUTH AMERICA</dc:subject>
  <dc:subject>Hunger; food security; Nutrition; Nutrition security; malnutrition; Vitamin deficiencies; Mineral nutrients; undernourishment; Nutritive Value; Underweight; Children; Food availability; Food prices; Micronutrients; Mortality; Natural resources; Poverty; Property rights; Smallholders; Land; Land degradation; Risk; Indicators; Emergency relief; disaster relief; Sustainability; Livelihoods; income; Gross income; Climate change; data; Policies; Agricultural policies; Nutrition policies; Water; waste management; Natural disasters;</dc:subject>
  <dc:subject>resilience; shocks; environmental shocks; economic shock; Food crisis; food crises; transition economies; Stress</dc:subject>
  <dc:description>IFPRI2</dc:description>
  <dc:description>DGO; COM; PHND; SAO; HarvestPlus</dc:description>
  <dc:relation>Brief http://ebrary.ifpri.org/cdm/ref/collection/p15738coll2/id/128364 German http://ebrary.ifpri.org/cdm/ref/collection/p15738coll2/id/128365 French http://ebrary.ifpri.org/cdm/ref/collection/p15738coll2/id/128366</dc:relation>
  <dc:relation>English http://ebrary.ifpri.org/cdm/ref/collection/p15738coll2/id/128360 German http://ebrary.ifpri.org/cdm/ref/collection/p15738coll2/id/128361 Italian http://ebrary.ifpri.org/cdm/ref/collection/p15738coll2/id/128362</dc:relation>
  <dc:relation>http://dx.doi.org/10.7910/DVN/27557</dc:relation>
  <dc:rights>Les chapitres 1, 2, 3 et 5 de ce rapport ont été revus par des pairs. Le chapitre 4 est basé sur les projects menés sur le terrain.</dc:rights>
  <dc:format>54 pages</dc:format>
  <dc:identifier>http://www.ifpri.org/tools/2014-ghi-map  http://www.ifpri.org/publication/2014-global-hunger-index</dc:identifier>
  <dc:format>6020845 Bytes</dc:format>
  <dc:date>2014-10-14</dc:date>
  <dc:date>2014-10-28</dc:date>
  <dc:identifier>128368</dc:identifier>
  <dc:identifier>http://cdm15738.contentdm.oclc.org/cdm/ref/collection/p15738coll2/id/128368</dc:identifier>
</oai_dc:dc>