<oai_dc:dc xmlns:oai_dc="http://www.openarchives.org/OAI/2.0/oai_dc/" xmlns:dc="http://purl.org/dc/elements/1.1/" xmlns:xsi="http://www.w3.org/2001/XMLSchema-instance" xsi:schemaLocation="http://www.openarchives.org/OAI/2.0/oai_dc/ http://www.openarchives.org/OAI/2.0/oai_dc.xsd">
  <dc:title>Land constraints and agricultural intensification in Ethiopia: A village-level analysis of high-potential areas</dc:title>
  <dc:creator>Headey, Derek D.; Dereje, Mekdim; Ricker-Gilbert, Jacob; Josephson, Anna; Taffesse, Alemayehu Seyoum</dc:creator>
  <dc:date>2013</dc:date>
  <dc:description>This paper explores the race between these two countervailing forces, with the goal of informing two important policy questions. First, how do rural Ethiopians adapt to land constraints? And second, do land constraints significantly influence welfare outcomes in rural Ethiopia? To answer these questions we use a recent household survey of high-potential areas. We first show that farm sizes are generally very small in the Ethiopian highlands and declining over time, with young rural households facing particularly severe land constraints. We then ask whether smaller and declining farm sizes are inducing agricultural intensification, and if so, how. We find strong evidence in favor of the Boserupian hypothesis that land-constrained villages typically use significantly more purchased input costs per hectare and more family labor, and achieve higher maize and teff yields and high gross income per hectare.</dc:description>
  <dc:relation>ESSP II Working Paper</dc:relation>
  <dc:relation>58</dc:relation>
  <dc:publisher>International Food Policy Research Institute (IFPRI)</dc:publisher>
  <dc:publisher>Washington, D.C.</dc:publisher>
  <dc:language>English</dc:language>
  <dc:description>Working paper</dc:description>
  <dc:description>Non-PR</dc:description>
  <dc:subject>ETHIOPIA; EAST AFRICA; AFRICA SOUTH OF SAHARA; AFRICA</dc:subject>
  <dc:subject>Land; Population density; Intensification; Farm size</dc:subject>
  <dc:subject>Agricultural intensification; Land pressures</dc:subject>
  <dc:description>IFPRI1; ESSP</dc:description>
  <dc:description>DSGD; PHND</dc:description>
  <dc:format>28 pages</dc:format>
  <dc:format>1356049 Bytes</dc:format>
  <dc:type>Project paper</dc:type>
  <dc:date>2013-10-14</dc:date>
  <dc:date>2015-01-29</dc:date>
  <dc:identifier>127846</dc:identifier>
  <dc:identifier>http://cdm15738.contentdm.oclc.org/cdm/ref/collection/p15738coll2/id/127846</dc:identifier>
</oai_dc:dc>