<oai_dc:dc xmlns:oai_dc="http://www.openarchives.org/OAI/2.0/oai_dc/" xmlns:dc="http://purl.org/dc/elements/1.1/" xmlns:xsi="http://www.w3.org/2001/XMLSchema-instance" xsi:schemaLocation="http://www.openarchives.org/OAI/2.0/oai_dc/ http://www.openarchives.org/OAI/2.0/oai_dc.xsd">
  <dc:title>Can government-allocated land contribute to food security? Intrahousehold analysis of West Bengal’s microplot allocation program</dc:title>
  <dc:creator>Santos, Florence; Fletschner, Diana; Savath, Vivien; Peterman, Amber</dc:creator>
  <dc:date>2013</dc:date>
  <dc:description>Secure land rights are a critical, but often overlooked, factor in achieving household food security and improved nutritional status in rural areas of developing countries. This study evaluates the impact of India’s land-allocation and registration program in West Bengal, a program that targets poor populations and promotes the inclusion of women’s names on land titles.</dc:description>
  <dc:relation>IFPRI Discussion Paper</dc:relation>
  <dc:relation>1310</dc:relation>
  <dc:publisher>International Food Policy Research Institute (IFPRI)</dc:publisher>
  <dc:publisher>Washington, D.C.</dc:publisher>
  <dc:language>English</dc:language>
  <dc:description>Discussion paper</dc:description>
  <dc:description>Non-PR</dc:description>
  <dc:subject>INDIA; SOUTH ASIA; ASIA</dc:subject>
  <dc:subject>food security; gender; Land rights; West Bengal; households</dc:subject>
  <dc:subject>intrahousehold dynamics</dc:subject>
  <dc:description>IFPRI1; Theme 7; Subtheme 7.3; GRP42; CRP2</dc:description>
  <dc:description>PHND; PIM</dc:description>
  <dc:relation>Learning from eight agricultural development interventions in Africa and South Asia, GAAP Report: http://ebrary.ifpri.org/cdm/ref/collection/p15738coll2/id/127908  Efficiency and productivity differential effects of land certification program in Ethiopia, IFPRI Discussion Paper 1295: http://ebrary.ifpri.org/cdm/ref/collection/p15738coll2/id/127841  Evaluation of grassroots community–based legal aid activities in Uganda and Tanzania, CAPRi Working Paper 108: http://ebrary.ifpri.org/cdm/ref/collection/p15738coll2/id/127539</dc:relation>
  <dc:format>36 pages</dc:format>
  <dc:identifier>http://www.ifpri.org/publication/can-government-allocated-land-contribute-food-security</dc:identifier>
  <dc:format>1025747 Bytes</dc:format>
  <dc:description>CGIAR Research Program on Policies, Institutions, and Markets (PIM)</dc:description>
  <dc:type>Discussion paper</dc:type>
  <dc:date>2014-01-03</dc:date>
  <dc:date>2015-01-24</dc:date>
  <dc:identifier>127981</dc:identifier>
  <dc:identifier>http://cdm15738.contentdm.oclc.org/cdm/ref/collection/p15738coll2/id/127981</dc:identifier>
</oai_dc:dc>