<oai_dc:dc xmlns:oai_dc="http://www.openarchives.org/OAI/2.0/oai_dc/" xmlns:dc="http://purl.org/dc/elements/1.1/" xmlns:xsi="http://www.w3.org/2001/XMLSchema-instance" xsi:schemaLocation="http://www.openarchives.org/OAI/2.0/oai_dc/ http://www.openarchives.org/OAI/2.0/oai_dc.xsd">
  <dc:title>Dynamics of transformation: Insights from an exploratory review of rice farming in the Kpong irrigation project</dc:title>
  <dc:creator>Takeshima, Hiroyuki; Jimah, Kipo; Kolavalli, Shashidhara; Diao, Xinshen; Funk, Rebecca Lee</dc:creator>
  <dc:date>2013</dc:date>
  <dc:description>Agriculture in African South of the Sahara (SSA) can be transformed if the right public support is provided at the initial stage, and it can sustain itself once the enabling environment is put in place. Successes are also specific to the location of projects. In Ghana, interesting insights are obtained from the successful Kpong Irrigation Project (KIP), contrasted with other major irrigation projects in the country. Through an exploratory review, we describe how a productive system evolved in KIP and how public support for critical aspects (accumulation of crop husbandry knowledge, selection and supply of profitable varieties, and mechanization of land preparation) might have created a productive environment that the private sector could enter and fill in the market for credit, processing, mechanization of harvesting, and other institutional voids that typically have constrained agricultural transformation in the rest of SSA.</dc:description>
  <dc:relation>IFPRI Discussion Paper</dc:relation>
  <dc:relation>1272</dc:relation>
  <dc:publisher>International Food Policy Research Institute (IFPRI)</dc:publisher>
  <dc:publisher>Washington, D.C.</dc:publisher>
  <dc:language>English</dc:language>
  <dc:description>Discussion paper</dc:description>
  <dc:description>Non-PR</dc:description>
  <dc:subject>GHANA; WEST AFRICA; AFRICA SOUTH OF SAHARA; AFRICA</dc:subject>
  <dc:subject>agricultural transformation; agricultural profitability; Cultivation; Irrigation; Irrigation schemes; rice; Agricultural policies</dc:subject>
  <dc:description>IFPRI1; Theme 6; Subtheme 6.2; GRP32</dc:description>
  <dc:description>DSGD</dc:description>
  <dc:relation>Priorities for realizing the potential to increase agricultural productivity and growth in Western and Central Africa, IFPRI Discussion Paper: http://ebrary.ifpri.org/cdm/ref/collection/p15738coll2/id/27444  Yield gaps and potential agricultural growth in West and Central Africa, IFPRI Research Monograph: http://ebrary.ifpri.org/cdm/ref/collection/p15738coll2/id/125956 Irrigation development in Ghana, GSSP Working Paper: http://ebrary.ifpri.org/cdm/ref/collection/p15738coll2/id/124870 What is the irrigation potential for Africa?, IFPRI Discussion Paper: http://ebrary.ifpri.org/cdm/ref/collection/p15738coll2/id/2205 Dynamics of transformation insights from rice farming in Kpong Irrigation System (KIS), GSSP Discussion Note:  http://ebrary.ifpri.org/cdm/ref/collection/p15738coll2/id/127402</dc:relation>
  <dc:identifier>IFPRIDP01272</dc:identifier>
  <dc:format>36 pages</dc:format>
  <dc:identifier>http://www.ifpri.org/publication/dynamics-transformation</dc:identifier>
  <dc:format>713665 Bytes</dc:format>
  <dc:type>Discussion paper</dc:type>
  <dc:date>2013-06-28</dc:date>
  <dc:date>2015-01-24</dc:date>
  <dc:identifier>127744</dc:identifier>
  <dc:identifier>http://cdm15738.contentdm.oclc.org/cdm/ref/collection/p15738coll2/id/127744</dc:identifier>
</oai_dc:dc>