<oai_dc:dc xmlns:oai_dc="http://www.openarchives.org/OAI/2.0/oai_dc/" xmlns:dc="http://purl.org/dc/elements/1.1/" xmlns:xsi="http://www.w3.org/2001/XMLSchema-instance" xsi:schemaLocation="http://www.openarchives.org/OAI/2.0/oai_dc/ http://www.openarchives.org/OAI/2.0/oai_dc.xsd">
  <dc:title>Strengthening the links between resilience and nutrition: A proposed approach</dc:title>
  <dc:creator>Dufour, Charlotte; Kauffmann, Domitlle; Marsland, Neil</dc:creator>
  <dc:date>2014</dc:date>
  <dc:description>This brief attempts to bring together the thinking on nutrition and resilience, to clarify the role of food and agriculture in each of these agendas, and to define potential synergies between nutrition and resilience concepts and programs.</dc:description>
  <dc:relation>2020 Conference Brief</dc:relation>
  <dc:relation>18</dc:relation>
  <dc:publisher>International Food Policy Research Institute (IFPRI)</dc:publisher>
  <dc:publisher>Washington, D.C.</dc:publisher>
  <dc:language>English</dc:language>
  <dc:description>Brief</dc:description>
  <dc:description>PR</dc:description>
  <dc:subject>food security; Nutrition security; malnutrition; Nutrition policies; Education</dc:subject>
  <dc:subject>resilience; shocks</dc:subject>
  <dc:description>IFPRI1; CRP4; CRP2; 2020; E.1 Policies, institutions and investments for resilient social systems</dc:description>
  <dc:description>DGO; A4NH; PIM</dc:description>
  <dc:format>5 pages</dc:format>
  <dc:identifier>http://www.ifpri.org/publication/strengthening-links-between-resilience-and-nutrition</dc:identifier>
  <dc:format>619806 Bytes</dc:format>
  <dc:description>CGIAR Research Program on Policies, Institutions, and Markets (PIM); CGIAR Research Program on Agriculture for Nutrition and Health (A4NH)</dc:description>
  <dc:type>Brief</dc:type>
  <dc:date>2014-05-12</dc:date>
  <dc:date>2015-01-28</dc:date>
  <dc:identifier>128164</dc:identifier>
  <dc:identifier>http://cdm15738.contentdm.oclc.org/cdm/ref/collection/p15738coll2/id/128164</dc:identifier>
</oai_dc:dc>