<oai_dc:dc xmlns:oai_dc="http://www.openarchives.org/OAI/2.0/oai_dc/" xmlns:dc="http://purl.org/dc/elements/1.1/" xmlns:xsi="http://www.w3.org/2001/XMLSchema-instance" xsi:schemaLocation="http://www.openarchives.org/OAI/2.0/oai_dc/ http://www.openarchives.org/OAI/2.0/oai_dc.xsd">
  <dc:title>Enhancing the links between resilience and nutrition</dc:title>
  <dc:creator>Dufour, Charlotte; Kauffman, Domitille; Marsland, Neil</dc:creator>
  <dc:date>2014</dc:date>
  <dc:publisher>International Food Policy Research Institute (IFPRI)</dc:publisher>
  <dc:publisher>Washington, D.C.</dc:publisher>
  <dc:language>English</dc:language>
  <dc:description>Book chapter</dc:description>
  <dc:source>In Resilience for food and nutrition security. Eds. Fan, Shenggen; Pandya-Lorch, Rajul and Yosef, Sivan. Chapter 13. Pp. 107-118.</dc:source>
  <dc:description>PR</dc:description>
  <dc:subject>food security; Nutrition security; malnutrition; Food prices; Economic development; agricultural sector; Climate change; Gender; Women; Risks; Indicators;</dc:subject>
  <dc:subject>resilience; shocks; environmental shocks; economic shock</dc:subject>
  <dc:description>IFPRI1; 2020; CRP2; CRP4; E Building Resilience; G Cross-cutting gender theme</dc:description>
  <dc:description>DGO; PIM; A4NH</dc:description>
  <dc:relation>Full book http://ebrary.ifpri.org/cdm/ref/collection/p15738coll2/id/128437</dc:relation>
  <dc:format>176393 Bytes</dc:format>
  <dc:description>CGIAR Research Program on Policies, Institutions, and Markets (PIM); CGIAR Research Program on Agriculture for Nutrition and Health (A4NH)</dc:description>
  <dc:type>Book chapter</dc:type>
  <dc:date>2014-10-28</dc:date>
  <dc:date>2014-11-01</dc:date>
  <dc:identifier>128450</dc:identifier>
  <dc:identifier>http://cdm15738.contentdm.oclc.org/cdm/ref/collection/p15738coll2/id/128450</dc:identifier>
</oai_dc:dc>