<oai_dc:dc xmlns:oai_dc="http://www.openarchives.org/OAI/2.0/oai_dc/" xmlns:dc="http://purl.org/dc/elements/1.1/" xmlns:xsi="http://www.w3.org/2001/XMLSchema-instance" xsi:schemaLocation="http://www.openarchives.org/OAI/2.0/oai_dc/ http://www.openarchives.org/OAI/2.0/oai_dc.xsd">
  <dc:title>Food and agriculture in Ethiopia</dc:title>
  <dc:title>Progress and policy challenges</dc:title>
  <dc:creator>Dorosh, Paul A., ed.; Rashid, Shahidur, ed.</dc:creator>
  <dc:date>2013</dc:date>
  <dc:description>In Food and Agriculture in Ethiopia: Progress and Policy Challenges, Paul Dorosh and Shahidur Rashid, along with other experts, tell the story of Ethiopia's political, economic, and agricultural transformation. The book is designed to provide empirical evidence to shed light on the complexities of agricultural and food policy in today's Ethiopia, highlight major policies and interventions of the past decade, and provide insights into building resilience to natural disasters and food crises. It examines the key issues, constraints, and opportunities that are likely to shape a food-secure future in Ethiopia, focusing on land quality, crop production, adoption of high-quality seed and fertilizer, and household income.</dc:description>
  <dc:publisher>University of Pennsylvania Press</dc:publisher>
  <dc:publisher>Philadelphia, PA</dc:publisher>
  <dc:language>English</dc:language>
  <dc:description>Book</dc:description>
  <dc:identifier>9780812245295</dc:identifier>
  <dc:description>PR</dc:description>
  <dc:subject>ETHIOPIA; EAST AFRICA; AFRICA SOUTH OF SAHARA; AFRICA</dc:subject>
  <dc:subject>Agricultural policies; Economic development; food security; Crop production; farm inputs; Seeds; fertilizer; Government policy; Food policy</dc:subject>
  <dc:description>IFPRI2; GRP27; Theme 3; Subtheme 3.2</dc:description>
  <dc:description>DSGD; MTID</dc:description>
  <dc:relation>Brief http://ebrary.ifpri.org/cdm/ref/collection/p15738coll2/id/127489  Inforgraphic http://ebrary.ifpri.org/cdm/ref/collection/p15738coll2/id/127498</dc:relation>
  <dc:format>xxix, 346 p.</dc:format>
  <dc:identifier>http://www.ifpri.org/publication/food-and-agriculture-ethiopia</dc:identifier>
  <dc:relation>Amazon: http://www.amazon.com/Food-Agriculture-Ethiopia-Progress-Challenges/dp/0812245296 Google Books: http://books.google.com/books?id=yNHaXJyldXkC&amp;hl=pt-BR&amp;source=gbs_book_other_versions</dc:relation>
  <dc:type>noType</dc:type>
  <dc:date>2013-01-08</dc:date>
  <dc:date>2014-12-03</dc:date>
  <dc:identifier>127347</dc:identifier>
  <dc:identifier>http://cdm15738.contentdm.oclc.org/cdm/ref/collection/p15738coll2/id/127347</dc:identifier>
</oai_dc:dc>