<oai_dc:dc xmlns:oai_dc="http://www.openarchives.org/OAI/2.0/oai_dc/" xmlns:dc="http://purl.org/dc/elements/1.1/" xmlns:xsi="http://www.w3.org/2001/XMLSchema-instance" xsi:schemaLocation="http://www.openarchives.org/OAI/2.0/oai_dc/ http://www.openarchives.org/OAI/2.0/oai_dc.xsd">
  <dc:title>Evaluation of grassroots community–based legal aid activities in Uganda and Tanzania: Strengthening women’s legal knowledge and land rights</dc:title>
  <dc:creator>Peterman, Amber; Billings, Lucy; Behrman, Julia A.</dc:creator>
  <dc:date>2013</dc:date>
  <dc:description>Progressive legislative actions in Uganda and Tanzania have improved women’s legal rights to land, however significant gender disparities persist in access, control, inheritance, and ownership of land at the grassroots level. One promising mechanism to improve the implementation of laws is through Community–based Legal Aid (CBLA) programs, which are typically designed as pro–poor to enhance legal empowerment of marginalized groups...A qualitative study of CBLA programs in Uganda and Tanzania was conducted by the International Food Policy Research Institute (IFPRI) to assess the efficacy of CBLA activities, understand challenges faced by CBLA implementing organizations, and document opportunities and potential for scaling–up.</dc:description>
  <dc:relation>CAPRi Working Paper</dc:relation>
  <dc:relation>108</dc:relation>
  <dc:publisher>International Food Policy Research Institute (IFPRI)</dc:publisher>
  <dc:publisher>Washington, D.C.</dc:publisher>
  <dc:language>English</dc:language>
  <dc:description>Working paper</dc:description>
  <dc:identifier>http://dx.doi.org/10.2499/CAPRiWP108</dc:identifier>
  <dc:identifier>10.2499/CAPRiWP108</dc:identifier>
  <dc:description>Non-PR</dc:description>
  <dc:subject>TANZANIA; UGANDA; EAST AFRICA; AFRICA SOUTH OF SAHARA; AFRICA</dc:subject>
  <dc:subject>Gender; Women; land governance; Land rights; assets; Land ownership; Empowerment; Land inheritance; legal rights</dc:subject>
  <dc:description>IFPRI1; CAPRi; CRP2; CRP7</dc:description>
  <dc:description>EPTD; PIM</dc:description>
  <dc:format>75 pages</dc:format>
  <dc:identifier>http://www.capri.cgiar.org/wp/capriwp108.asp</dc:identifier>
  <dc:format>655902 Bytes</dc:format>
  <dc:description>CGIAR Research Program on Climate Change, Agriculture and Food Security (CCAFS); CGIAR Research Program on Policies, Institutions, and Markets (PIM)</dc:description>
  <dc:type>Project paper</dc:type>
  <dc:date>2013-05-17</dc:date>
  <dc:date>2015-01-29</dc:date>
  <dc:identifier>127539</dc:identifier>
  <dc:identifier>http://cdm15738.contentdm.oclc.org/cdm/ref/collection/p15738coll2/id/127539</dc:identifier>
</oai_dc:dc>