<oai_dc:dc xmlns:oai_dc="http://www.openarchives.org/OAI/2.0/oai_dc/" xmlns:dc="http://purl.org/dc/elements/1.1/" xmlns:xsi="http://www.w3.org/2001/XMLSchema-instance" xsi:schemaLocation="http://www.openarchives.org/OAI/2.0/oai_dc/ http://www.openarchives.org/OAI/2.0/oai_dc.xsd">
  <dc:title>Understanding the role of research in the evolution of fertilizer policies in Malawi</dc:title>
  <dc:creator>Johnson, Michael E.; Birner, Regina</dc:creator>
  <dc:date>2013</dc:date>
  <dc:description>This study examines the role of research in agricultural policy making in Malawi at a time when the Africa Union and the New Partnership for Africa’s Development have been seeking to promote greater evidenced-based decision making in agriculture. Drawing on both theory and actual past experiences documented in the literature, results are intended to improve our understanding of the extent to which research has played any role in influencing policy change in Malawi. This is done in the context of the evolution of the country’s fertilizer subsidy policies.</dc:description>
  <dc:relation>IFPRI Discussion Paper</dc:relation>
  <dc:relation>1266</dc:relation>
  <dc:publisher>International Food Policy Research Institute (IFPRI)</dc:publisher>
  <dc:publisher>Washington, D.C.</dc:publisher>
  <dc:language>English</dc:language>
  <dc:description>Discussion paper</dc:description>
  <dc:description>Non-PR</dc:description>
  <dc:subject>MALAWI; SOUTHERN AFRICA; AFRICA SOUTH OF SAHARA; AFRICA</dc:subject>
  <dc:subject>Policy process; Agricultural policy; Policy research; fertilizer; fertilizer policy; fertilizer subsidies; fertilizer subsidy</dc:subject>
  <dc:description>IFPRI1; Theme 6; Subtheme 6.2; GRP32</dc:description>
  <dc:description>DSGD</dc:description>
  <dc:relation>Mapping the contemporary fertilizer poicy landscape in Malawi, IFPRI Discussion Paper: http://ebrary.ifpri.org/cdm/ref/collection/p15738coll2/id/127124  The impacts of agricultural input subsidies in Malawi, IFPRI Discussion Paper: http://ebrary.ifpri.org/cdm/ref/collection/p15738coll2/id/124970</dc:relation>
  <dc:identifier>IFPRIDP01266</dc:identifier>
  <dc:format>32 pages</dc:format>
  <dc:identifier>http://www.ifpri.org/publication/understanding-role-research-evolution-fertilizer-policies-malawi</dc:identifier>
  <dc:format>995646 Bytes</dc:format>
  <dc:type>Discussion paper</dc:type>
  <dc:date>2013-04-30</dc:date>
  <dc:date>2015-01-24</dc:date>
  <dc:identifier>127506</dc:identifier>
  <dc:identifier>http://cdm15738.contentdm.oclc.org/cdm/ref/collection/p15738coll2/id/127506</dc:identifier>
</oai_dc:dc>