<oai_dc:dc xmlns:oai_dc="http://www.openarchives.org/OAI/2.0/oai_dc/" xmlns:dc="http://purl.org/dc/elements/1.1/" xmlns:xsi="http://www.w3.org/2001/XMLSchema-instance" xsi:schemaLocation="http://www.openarchives.org/OAI/2.0/oai_dc/ http://www.openarchives.org/OAI/2.0/oai_dc.xsd">
  <dc:title>Indice Globale della Fame 2014: la sfida della fame nascosta</dc:title>
  <dc:creator>von Grebmer, Klaus; Saltzman, Amy; Birol, Ekin; Wiesmann, Doris; Prasai, Nilam; Yin, Sandra; Yohannes, Yisehac; Menon, Purnima; Thompson, Jennifer; Sonntag, Andrea</dc:creator>
  <dc:creator>0000-0002-6908-5773 von Grebmer, K.</dc:creator>
  <dc:date>2014</dc:date>
  <dc:description>A un anno dalla scadenza per il raggiungimento degli Obiettivi di Sviluppo del Millennio, fissata nel 2015, l’Indice Globale della Fame 2014 offre una prospettiva articolata del problema della fame nel mondo, che porta nuovi spunti al dibattito mondiale rispetto a dove concentrare gli sforzi nella lotta contro la fame e la malnutrizione. Secondo il GHI 2014, lo stato della fame nei Paesi in via di sviluppo è complessivamente migliorato in confronto al 1990, con un calo del 39%. Nonostante i progressi fatti, la situazione mondiale è ancora “grave”, con 805 milioni di persone che continuano a soffrire la fame, secondo le stime dell’Organizzazione delle Nazioni Unite per l’Agricoltura e l’Alimentazione (FAO).</dc:description>
  <dc:relation>Global Hunger Index</dc:relation>
  <dc:publisher>Welthungerhilfe; International Food Policy Research Institute (IFPRI); Concern Worldwide</dc:publisher>
  <dc:publisher>Bonn, Germany; Washington, D.C.; Dublin, Ireland</dc:publisher>
  <dc:language>Italian</dc:language>
  <dc:description>Book</dc:description>
  <dc:identifier>9780896299610</dc:identifier>
  <dc:identifier>http://dx.doi.org/10.2499/9780896299610</dc:identifier>
  <dc:identifier>10.2499/9780896299610</dc:identifier>
  <dc:description>PR</dc:description>
  <dc:subject>INDIA; SOUTH ASIA; MIDDLE EAST; NORTH AFRICA; LATIN AMERICA; EAST AFRICA; WEST AFRICA; Commonwealth of Independent States; EASTERN EUROPE; CARIBBEAN; AFRICA SOUTH OF SAHARA; AFRICA; ASIA; SOUTH AMERICA</dc:subject>
  <dc:subject>Hunger; food security; Nutrition; Nutrition security; malnutrition; Vitamin deficiencies; Mineral nutrients; undernourishment; Nutritive Value; Underweight; Children; Food availability; Food prices; Micronutrients; Mortality; Natural resources; Poverty; Property rights; Smallholders; Land; Land degradation; Risk; Indicators; Emergency relief; disaster relief; Sustainability; Livelihoods; income; Gross income; Climate change; data; Policies; Agricultural policies; Nutrition policies; Water; waste management; Natural disasters;</dc:subject>
  <dc:subject>resilience; shocks; environmental shocks; economic shock; Food crisis; food crises; transition economies; Stress</dc:subject>
  <dc:description>IFPRI2</dc:description>
  <dc:description>DGO; COM; PHND; SAO; HarvestPlus</dc:description>
  <dc:relation>Brief http://ebrary.ifpri.org/cdm/ref/collection/p15738coll2/id/128364 German http://ebrary.ifpri.org/cdm/ref/collection/p15738coll2/id/128365 French http://ebrary.ifpri.org/cdm/ref/collection/p15738coll2/id/128366</dc:relation>
  <dc:relation>English http://ebrary.ifpri.org/cdm/ref/collection/p15738coll2/id/128360 German http://ebrary.ifpri.org/cdm/ref/collection/p15738coll2/id/128361 French http://ebrary.ifpri.org/cdm/ref/collection/p15738coll2/id/128366</dc:relation>
  <dc:relation>http://dx.doi.org/10.7910/DVN/27557</dc:relation>
  <dc:rights>I capitoli 1, 2, 3, e 5 di questo rapporto sono stati sottoposti a valutazione tra pari. II capitolo 4 e basato su evidenze di progetto</dc:rights>
  <dc:format>58 pages</dc:format>
  <dc:identifier>http://www.ifpri.org/tools/2014-ghi-map  http://www.ifpri.org/publication/2014-global-hunger-index</dc:identifier>
  <dc:relation>Google Books http://books.google.com/books/about?id=NyvBBAAAQBAJ Google Play https://play.google.com/store/books/details?id=NyvBBAAAQBAJ Mendeley http://www.mendeley.com/c/7239571224/g/3973131/saltzman-2014-indice-globale-della-fame-2014-la-sfida-della-fame-nascosta/</dc:relation>
  <dc:format>4822117 Bytes</dc:format>
  <dc:date>2014-10-13</dc:date>
  <dc:date>2014-10-28</dc:date>
  <dc:identifier>128362</dc:identifier>
  <dc:identifier>http://cdm15738.contentdm.oclc.org/cdm/ref/collection/p15738coll2/id/128362</dc:identifier>
</oai_dc:dc>