<oai_dc:dc xmlns:oai_dc="http://www.openarchives.org/OAI/2.0/oai_dc/" xmlns:dc="http://purl.org/dc/elements/1.1/" xmlns:xsi="http://www.w3.org/2001/XMLSchema-instance" xsi:schemaLocation="http://www.openarchives.org/OAI/2.0/oai_dc/ http://www.openarchives.org/OAI/2.0/oai_dc.xsd">
  <dc:title>The role of mineral fertilizers in transforming Philippine agriculture</dc:title>
  <dc:creator>Briones, Roehlano M.</dc:creator>
  <dc:date>2014</dc:date>
  <dc:description>The Philippines is an island nation, comprised of 7,107 islands that are split into 3 geographical divisions: Luzon, Visayas, and Mindanao. In 2013, agriculture contributed 10.45 percent to GDP (PSA-NSCB, 2014) and 31 percent to employment (PSA-BLES, 2014). More im-portantly, its contribution to national and household food security is significant. Cereal production increased from 7.6 million tons in 1970 to 22.1 million tons in 2010. During the same period, fertilizer use increased from 201,000 nutrient tons to 771,000 nutrient tons (FAOSTAT). In promoting cereal production, especially rice production, increased fertilizer use, along with improved seeds and other agronomic practices, played a key role.</dc:description>
  <dc:relation>ReSAKSS Policy Note</dc:relation>
  <dc:relation>14</dc:relation>
  <dc:publisher>International Food Policy Research Institute (IFPRI)</dc:publisher>
  <dc:publisher>Washington, D.C.</dc:publisher>
  <dc:language>English</dc:language>
  <dc:description>Project paper</dc:description>
  <dc:description>Non-PR</dc:description>
  <dc:subject>PHILIPPINES; SOUTH EAST ASIA; ASIA</dc:subject>
  <dc:subject>Agricultural policies; Agricultural development; Fertilizers; farm inputs</dc:subject>
  <dc:description>IFPRI1; ReSAKSS</dc:description>
  <dc:description>DSGD</dc:description>
  <dc:format>5 pages</dc:format>
  <dc:format>566000 Bytes</dc:format>
  <dc:type>Project paper</dc:type>
  <dc:date>2014-12-23</dc:date>
  <dc:date>2015-01-10</dc:date>
  <dc:identifier>128877</dc:identifier>
  <dc:identifier>http://cdm15738.contentdm.oclc.org/cdm/ref/collection/p15738coll2/id/128877</dc:identifier>
</oai_dc:dc>