<oai_dc:dc xmlns:oai_dc="http://www.openarchives.org/OAI/2.0/oai_dc/" xmlns:dc="http://purl.org/dc/elements/1.1/" xmlns:xsi="http://www.w3.org/2001/XMLSchema-instance" xsi:schemaLocation="http://www.openarchives.org/OAI/2.0/oai_dc/ http://www.openarchives.org/OAI/2.0/oai_dc.xsd">
  <dc:title>A 2007 Social Accounting Matrix (SAM) for Swaziland</dc:title>
  <dc:creator>van Seventer, Dirk</dc:creator>
  <dc:date>2014</dc:date>
  <dc:description>A 2007 Social Accounting Matrix (SAM) for Swaziland is constructed using data that available during the second half of 2011. The SAM is update of the 2004 SAM using UN National Accounts data, UNComTrade data and selected publications from the IMF, WorldBank and OECD/ADB. The SAM provides a detailed representation of the Swaziland economy. It separates 22 activities and 24 commodities; labor is disaggregated by 3 skill groups; and households into 6 groups based on the rural/urban and income status of the household head. The SAM is a useful database for conducting economy-wide impact assessments, including SAM-based multiplier analysis and computable general equilibrium (CGE) modeling.</dc:description>
  <dc:publisher>International Food Policy Research Institute (IFPRI)</dc:publisher>
  <dc:publisher>Washington, D.C</dc:publisher>
  <dc:language>English</dc:language>
  <dc:description>Data paper</dc:description>
  <dc:description>Non-PR</dc:description>
  <dc:subject>SWAZILAND; SOUTHERN AFRICA; AFRICA SOUTH OF SAHARA; AFRICA</dc:subject>
  <dc:subject>National accounting; Social Accounting Matrix (SAM)</dc:subject>
  <dc:subject>E16 General Aggregative Models: Social Accounting Matrix</dc:subject>
  <dc:description>IFPRI1</dc:description>
  <dc:description>DSGD</dc:description>
  <dc:relation>Swaziland Social Accounting Matrix, 2007 ( http://dx.doi.org/10.7910/DVN/28538   )</dc:relation>
  <dc:type>Data paper</dc:type>
  <dc:date>2014-12-30</dc:date>
  <dc:date>2015-01-21</dc:date>
  <dc:identifier>128891</dc:identifier>
  <dc:identifier>http://cdm15738.contentdm.oclc.org/cdm/ref/collection/p15738coll2/id/128891</dc:identifier>
</oai_dc:dc>