<oai_dc:dc xmlns:oai_dc="http://www.openarchives.org/OAI/2.0/oai_dc/" xmlns:dc="http://purl.org/dc/elements/1.1/" xmlns:xsi="http://www.w3.org/2001/XMLSchema-instance" xsi:schemaLocation="http://www.openarchives.org/OAI/2.0/oai_dc/ http://www.openarchives.org/OAI/2.0/oai_dc.xsd">
  <dc:title>Implications of community-based legal aid regulation on women’s land rights</dc:title>
  <dc:creator>Billings, Lucy; Meinzen-Dick, Ruth Suseela; Mueller, Valerie</dc:creator>
  <dc:date>2014</dc:date>
  <dc:relation>IFPRI Research Brief</dc:relation>
  <dc:relation>20</dc:relation>
  <dc:publisher>International Food Policy Research Institute (IFPRI)</dc:publisher>
  <dc:publisher>Washington, D.C.</dc:publisher>
  <dc:language>English</dc:language>
  <dc:description>Brief</dc:description>
  <dc:description>PR</dc:description>
  <dc:subject>TANZANIA; EAST AFRICA; AFRICA SOUTH OF SAHARA; AFRICA</dc:subject>
  <dc:subject>Gender; Women; assets; Land rights; Policies</dc:subject>
  <dc:subject>Legal aid; empowerment</dc:subject>
  <dc:description>IFPRI1; CRP2</dc:description>
  <dc:description>EPTD; DSGD; PHND; PIM</dc:description>
  <dc:format>4 pages</dc:format>
  <dc:identifier>http://www.ifpri.org/publication/implications-community-based-legal-aid-regulation-women-s-land-rights</dc:identifier>
  <dc:format>651411 Bytes</dc:format>
  <dc:description>CGIAR Research Program on Policies, Institutions, and Markets (PIM)</dc:description>
  <dc:type>Brief</dc:type>
  <dc:date>2014-05-22</dc:date>
  <dc:date>2015-01-28</dc:date>
  <dc:identifier>128173</dc:identifier>
  <dc:identifier>http://cdm15738.contentdm.oclc.org/cdm/ref/collection/p15738coll2/id/128173</dc:identifier>
</oai_dc:dc>