<oai_dc:dc xmlns:oai_dc="http://www.openarchives.org/OAI/2.0/oai_dc/" xmlns:dc="http://purl.org/dc/elements/1.1/" xmlns:xsi="http://www.w3.org/2001/XMLSchema-instance" xsi:schemaLocation="http://www.openarchives.org/OAI/2.0/oai_dc/ http://www.openarchives.org/OAI/2.0/oai_dc.xsd">
  <dc:title>Land rights knowledge and conservation in rural Ethiopia: Mind the gender gap</dc:title>
  <dc:creator>Quisumbing, Agnes R.; Kumar, Neha</dc:creator>
  <dc:creator>0000-0002-5429-1857 Quisumbing, A. R.</dc:creator>
  <dc:date>2014</dc:date>
  <dc:description>Using the 2009 round of the Ethiopian Rural Household Survey, this paper examines the medium-term impact of the land registration on investment behavior by households, particularly the adoption of soil conservation techniques and tree planting. It investigates whether men’s and women’s knowledge of their property rights under the land registration (as measured by answers to a list of questions regarding the provisions of the registration, covering such areas as tenure security, land transfer rights, and rights related to gender equity and inheritance) has an impact on these investments.</dc:description>
  <dc:relation>IFPRI Discussion Paper</dc:relation>
  <dc:relation>1386</dc:relation>
  <dc:publisher>International Food Policy Research Institute (IFPRI)</dc:publisher>
  <dc:publisher>Washington, D.C.</dc:publisher>
  <dc:language>English</dc:language>
  <dc:description>Discussion paper</dc:description>
  <dc:description>Non-PR</dc:description>
  <dc:subject>ETHIOPIA; EAST AFRICA; AFRICA SOUTH OF SAHARA; AFRICA</dc:subject>
  <dc:subject>Land rights; Land ownership; Soil conservation; Gender; Women; assets; households; conservation agriculture; Land degradation</dc:subject>
  <dc:subject>legal knowledge; soil conservation practices</dc:subject>
  <dc:description>IFPRI1; CRP2; GAAP; C.2 Institutions and Infrastructure for market development</dc:description>
  <dc:description>PHND; PIM</dc:description>
  <dc:relation>Discussion paper http://ebrary.ifpri.org/cdm/ref/collection/p15738coll2/id/127265 http://ebrary.ifpri.org/cdm/ref/collection/p15738coll2/id/64074 http://ebrary.ifpri.org/cdm/ref/collection/p15738coll3/id/34  http://ebrary.ifpri.org/cdm/ref/collection/p15738coll2/id/127957</dc:relation>
  <dc:format>36 pages</dc:format>
  <dc:identifier>http://www.ifpri.org/publication/land-rights-knowledge-and-conservation-rural-ethiopia</dc:identifier>
  <dc:format>968932 Bytes</dc:format>
  <dc:description>CGIAR Research Program on Policies, Institutions, and Markets (PIM)</dc:description>
  <dc:type>Discussion paper</dc:type>
  <dc:date>2014-11-06</dc:date>
  <dc:date>2015-02-11</dc:date>
  <dc:identifier>128480</dc:identifier>
  <dc:identifier>http://cdm15738.contentdm.oclc.org/cdm/ref/collection/p15738coll2/id/128480</dc:identifier>
</oai_dc:dc>