<oai_dc:dc xmlns:oai_dc="http://www.openarchives.org/OAI/2.0/oai_dc/" xmlns:dc="http://purl.org/dc/elements/1.1/" xmlns:xsi="http://www.w3.org/2001/XMLSchema-instance" xsi:schemaLocation="http://www.openarchives.org/OAI/2.0/oai_dc/ http://www.openarchives.org/OAI/2.0/oai_dc.xsd">
  <dc:title>Interventions for achieving sustainability in tropical forest and agricultural landscapes</dc:title>
  <dc:creator>Newton, Peter; Agrawal, Arun; Wollenberg, Lini</dc:creator>
  <dc:date>2013</dc:date>
  <dc:description>The rapid expansion of commodity agriculture in tropical forest landscapes is a key driver of deforestation. To meet the growing demand from a more prosperous and expanding global population, it is imperative to develop sustainable commodity supply chains that support higher agricultural productivity, and that enable improved environmental, economic, and social outcomes. Interventions by community, market, and state actors can enhance the sustainability of supply chains by affecting where and how agricultural production occurs. Global datasets were used to document the trends in deforestation and commodity agriculture production and a framework was developed to facilitate analyses of commodity supply chains across multiple interventions, commodities, and countries.</dc:description>
  <dc:relation>CAPRi Working Paper</dc:relation>
  <dc:relation>110</dc:relation>
  <dc:publisher>International Food Policy Research Institute (IFPRI)</dc:publisher>
  <dc:publisher>Washington, D.C.</dc:publisher>
  <dc:language>English</dc:language>
  <dc:description>Working paper</dc:description>
  <dc:identifier>http://dx.doi.org/10.2499/CAPRiWP110</dc:identifier>
  <dc:identifier>10.2499/CAPRiWP110</dc:identifier>
  <dc:description>Non-PR</dc:description>
  <dc:subject>Climate change; Deforestation; Greenhouse gas; Livelihoods; supply chain; Sustainability; Commodities; Tropical climate</dc:subject>
  <dc:description>IFPRI1; CAPRi; CRP2</dc:description>
  <dc:description>EPTD; PIM</dc:description>
  <dc:format>39 pages</dc:format>
  <dc:identifier>http://www.ifpri.org/publication/interventions-achieving-sustainability-tropical-forest-and-agricultural-landscapes</dc:identifier>
  <dc:format>1550726 Bytes</dc:format>
  <dc:description>CGIAR Research Program on Climate Change, Agriculture and Food Security (CCAFS); CGIAR Research Program on Policies, Institutions, and Markets (PIM)</dc:description>
  <dc:type>Project paper</dc:type>
  <dc:date>2013-05-17</dc:date>
  <dc:date>2015-01-29</dc:date>
  <dc:identifier>127541</dc:identifier>
  <dc:identifier>http://cdm15738.contentdm.oclc.org/cdm/ref/collection/p15738coll2/id/127541</dc:identifier>
</oai_dc:dc>