<oai_dc:dc xmlns:oai_dc="http://www.openarchives.org/OAI/2.0/oai_dc/" xmlns:dc="http://purl.org/dc/elements/1.1/" xmlns:xsi="http://www.w3.org/2001/XMLSchema-instance" xsi:schemaLocation="http://www.openarchives.org/OAI/2.0/oai_dc/ http://www.openarchives.org/OAI/2.0/oai_dc.xsd">
  <dc:title>The policy landscape of agricultural water management in Pakistan</dc:title>
  <dc:creator>Aberman, Noora-Lisa; Wielgosz, Benjamin; Zaidi, Fatima; Ringler, Claudia; Akram, Agha Ali; Bell, Andrew; Issermann, Maikel</dc:creator>
  <dc:date>2013</dc:date>
  <dc:description>Irrigation is central to Pakistan’s agriculture; and managing the country’s canal, ground, and surface water resources in a more efficient, equitable, and sustainable way will be crucial to meeting agricultural production challenges, including increasing agricultural productivity and adapting to climate change. The authors use the Net-Map method, an interview tool that combines stakeholder mapping, power mapping, and social network analysis, to examine the relationships between various institutions influencing the water sector in Pakistan.</dc:description>
  <dc:relation>IFPRI Discussion Paper</dc:relation>
  <dc:relation>1265</dc:relation>
  <dc:publisher>International Food Policy Research Institute (IFPRI)</dc:publisher>
  <dc:publisher>Washington, D.C.</dc:publisher>
  <dc:language>English</dc:language>
  <dc:description>Discussion paper</dc:description>
  <dc:description>Non-PR</dc:description>
  <dc:subject>PAKISTAN; SOUTH ASIA; ASIA</dc:subject>
  <dc:subject>Water; Water management; Water policies; Irrigation; Agricultural policy; Net-Map; Social network analysis; stakeholders; Governance</dc:subject>
  <dc:description>IFPRI1; Theme 3; Subtheme 3.1; CRP2; GRP22</dc:description>
  <dc:description>EPTD; PHND; PIM</dc:description>
  <dc:relation>Pakistan Strategy Support Program: http://www.ifpri.org/publication/pakistan-strategy-support-program   Review of input and output policies for cereals production in Pakistan, PSSP Working Paper: http://ebrary.ifpri.org/cdm/ref/collection/p15738coll2/id/127363  Mapping the contemporary fertilizer policy landscape in Malawi, IFPRI Discussion Paper: http://ebrary.ifpri.org/cdm/ref/collection/p15738coll2/id/127124 Mapping the policy process in Nigeria, IFPRI Discussion Paper: http://ebrary.ifpri.org/cdm/ref/collection/p15738coll2/id/2799 Tracing power and influence in networks, IFPRI Discussion Paper: http://ebrary.ifpri.org/cdm/ref/collection/p15738coll2/id/10491</dc:relation>
  <dc:identifier>IFPRIDP01265</dc:identifier>
  <dc:format>32 pages</dc:format>
  <dc:identifier>http://www.ifpri.org/publication/policy-landscape-agricultural-water-management-pakistan</dc:identifier>
  <dc:format>2493031 Bytes</dc:format>
  <dc:description>CGIAR Research Program on Policies, Institutions, and Markets (PIM)</dc:description>
  <dc:type>Discussion paper</dc:type>
  <dc:date>2013-04-22</dc:date>
  <dc:date>2015-01-24</dc:date>
  <dc:identifier>127495</dc:identifier>
  <dc:identifier>http://cdm15738.contentdm.oclc.org/cdm/ref/collection/p15738coll2/id/127495</dc:identifier>
</oai_dc:dc>