<oai_dc:dc xmlns:oai_dc="http://www.openarchives.org/OAI/2.0/oai_dc/" xmlns:dc="http://purl.org/dc/elements/1.1/" xmlns:xsi="http://www.w3.org/2001/XMLSchema-instance" xsi:schemaLocation="http://www.openarchives.org/OAI/2.0/oai_dc/ http://www.openarchives.org/OAI/2.0/oai_dc.xsd">
  <dc:title>The global landscape of poverty, food insecurity, and malnutrition, and its implications for agricultural development strategies</dc:title>
  <dc:creator>Headey, Derek D.</dc:creator>
  <dc:date>2013</dc:date>
  <dc:description>For many years poverty reduction was the overarching welfare objective of a wide range of development institutions and programs, particularly in the context of agricultural development. Yet in recent years the development community has increasingly set for itself more specific welfare objectives by distinguishing between monetary poverty, food security, nutrition and, most recently, resilience. This paper first outlines a basic framework for thinking about the relationships between these different concepts, and then explores the empirical relationships among different indicators of these concepts, and some of their potential determinants.</dc:description>
  <dc:relation>IFPRI Discussion Paper</dc:relation>
  <dc:relation>1303</dc:relation>
  <dc:publisher>International Food Policy Research Institute (IFPRI)</dc:publisher>
  <dc:publisher>Washington, D.C.</dc:publisher>
  <dc:language>English</dc:language>
  <dc:description>Discussion paper</dc:description>
  <dc:description>Non-PR</dc:description>
  <dc:subject>Poverty; food security; Nutrition; Agricultural development; malnutrition; Indicators; Social welfare</dc:subject>
  <dc:subject>agricultural development strategies; resilience</dc:subject>
  <dc:description>IFPRI1; Theme 6</dc:description>
  <dc:description>DGO; PHND</dc:description>
  <dc:relation>Land constraints and agricultural intensification in Ethiopia: A village-level analysis of high-potential areas: IFPRI Discussion Paper:   http://ebrary.ifpri.org/cdm/ref/collection/p15738coll2/id/127810   
Evidence on key policies for African agricultural growth: IFPRI Discussion Paper: http://ebrary.ifpri.org/cdm/ref/collection/p15738coll2/id/127389  
Improving the measurement of food security: IFPRI Discussion Paper: http://ebrary.ifpri.org/cdm/ref/collection/p15738coll2/id/127261</dc:relation>
  <dc:format>36 pages</dc:format>
  <dc:identifier>http://www.ifpri.org/publication/global-landscape-poverty-food-insecurity-and-malnutrition-and-implications-agricultural-</dc:identifier>
  <dc:format>603905 Bytes</dc:format>
  <dc:type>Discussion paper</dc:type>
  <dc:date>2013-11-27</dc:date>
  <dc:date>2015-01-24</dc:date>
  <dc:identifier>127920</dc:identifier>
  <dc:identifier>http://cdm15738.contentdm.oclc.org/cdm/ref/collection/p15738coll2/id/127920</dc:identifier>
</oai_dc:dc>