<oai_dc:dc xmlns:oai_dc="http://www.openarchives.org/OAI/2.0/oai_dc/" xmlns:dc="http://purl.org/dc/elements/1.1/" xmlns:xsi="http://www.w3.org/2001/XMLSchema-instance" xsi:schemaLocation="http://www.openarchives.org/OAI/2.0/oai_dc/ http://www.openarchives.org/OAI/2.0/oai_dc.xsd">
  <dc:title>Agricultural mechanization in Ghana</dc:title>
  <dc:title>Is specialization in agricultural mechanization a viable business model?</dc:title>
  <dc:creator>Houssou, Nazaire; Diao, Xinshen; Cossar, Frances; Kolavalli, Shashidhara; Jimah, Kipo; Aboagye, Patrick Ohene</dc:creator>
  <dc:date>2013</dc:date>
  <dc:description>The Government of Ghana (GoG) since 2007 has been providing subsidized agricultural machines to individual farmers and private enterprises established as specialized Agricultural Mechanization Services Enterprise Centers (AMSECs) to offer tractor-hire services to small-scale farmers across the country. Current demand in the country is primarily focused on land preparation services, especially plowing. This paper assesses whether AMSEC enterprises are a viable business model attractive to private investors. Using firm investment theory and field-based data on costs, revenues, and tractor efficiency, this research examines the profitability of specialized agricultural mechanization service provision with a focus on land preparation.
Findings suggest that the AMSEC model is not a viable business model, even with the current level of subsidy. Low operational scale is the most important constraint to the profitability of investment in specialized agricultural mechanization service provision. With such a low operational scale, it is essential to consider various options for introducing low-cost, small tractors suited to the current farming scale in the country. Also, a used tractor model is one of the options available for policymakers in the country. Tractor-hire services can play an important role in transforming smallholder agriculture, but with heavy subsidies on big and costly tractors, the subsidy policy can distort supply chain development. As a result, many better-suited and lower-cost machines are unlikely to be introduced into local markets.</dc:description>
  <dc:relation>GSSP Working Paper</dc:relation>
  <dc:relation>30</dc:relation>
  <dc:publisher>International Food Policy Research Institute (IFPRI)</dc:publisher>
  <dc:publisher>Accra, Ghana</dc:publisher>
  <dc:language>English</dc:language>
  <dc:description>Working paper</dc:description>
  <dc:description>Non-PR</dc:description>
  <dc:subject>GHANA; WEST AFRICA; AFRICA SOUTH OF SAHARA; AFRICA</dc:subject>
  <dc:subject>Agricultural machinery; Land preparation; mechanization; Private investment;  Small farmers</dc:subject>
  <dc:description>IFPRI1; GSSP; Theme 6; Subtheme 6.2; GRP32</dc:description>
  <dc:description>DSGD</dc:description>
  <dc:format>14 pages</dc:format>
  <dc:identifier>http://www.ifpri.org/publication/agricultural-mechanization-ghana</dc:identifier>
  <dc:format>687045 Bytes</dc:format>
  <dc:type>Project paper</dc:type>
  <dc:date>2013-02-08</dc:date>
  <dc:date>2015-01-29</dc:date>
  <dc:identifier>127384</dc:identifier>
  <dc:identifier>http://cdm15738.contentdm.oclc.org/cdm/ref/collection/p15738coll2/id/127384</dc:identifier>
</oai_dc:dc>