<oai_dc:dc xmlns:oai_dc="http://www.openarchives.org/OAI/2.0/oai_dc/" xmlns:dc="http://purl.org/dc/elements/1.1/" xmlns:xsi="http://www.w3.org/2001/XMLSchema-instance" xsi:schemaLocation="http://www.openarchives.org/OAI/2.0/oai_dc/ http://www.openarchives.org/OAI/2.0/oai_dc.xsd">
  <dc:title>Efficiency and productivity differential effects of land certification program in Ethiopia : Quasi-experimental evidence from Tigray</dc:title>
  <dc:creator>Hagos, Hosaena Ghebru; Holden, Stein</dc:creator>
  <dc:date>2013</dc:date>
  <dc:description>Taking advantage of a unique quasi-experimental survey design, this study analyzes the productivity impacts of the Ethiopian land certification program by identifying how the investment effects (technological gains) would measure up against the benefits from any improvements in input use intensity (technical efficiency). For this purpose, we adopted a data envelopment analysis–based Malmquist-type productivity index to decompose productivity differences into (1) within-group farm efficiency differences, reflecting the technical efficiency effect, and (2) differences in the group production frontier, reflecting the long-term investment (technological) effects.</dc:description>
  <dc:relation>IFPRI Discussion Paper</dc:relation>
  <dc:relation>1295</dc:relation>
  <dc:publisher>International Food Policy Research Institute (IFPRI)</dc:publisher>
  <dc:publisher>Washington, D.C.</dc:publisher>
  <dc:language>English</dc:language>
  <dc:description>Discussion paper</dc:description>
  <dc:description>Non-PR</dc:description>
  <dc:subject>ETHIOPIA; EAST AFRICA; AFRICA SOUTH OF SAHARA; AFRICA</dc:subject>
  <dc:subject>Land tenure; productivity; Land productivity</dc:subject>
  <dc:subject>land certification; data envelopment analysis; Malmquist index</dc:subject>
  <dc:description>IFPRI1; Theme 6; Subtheme 6.2; GRP32; CRP2</dc:description>
  <dc:description>DSGD; PIM</dc:description>
  <dc:relation>Links between tenure security and food security: Evidence from Ethiopia, Discussion Paper: http://ebrary.ifpri.org/cdm/ref/collection/p15738coll2/id/127808

Land policy and governance reforms and agricultural transformation, Discussion Note: http://ebrary.ifpri.org/cdm/ref/collection/p15738coll2/id/127406
Reverse-share-tenancy and Marshallian Inefficiency : Landowners’ bargaining power and sharecroppers’ productivity, IFPRI Discussion Paper: http://ebrary.ifpri.org/cdm/ref/collection/p15738coll2/id/127558</dc:relation>
  <dc:format>36 pages</dc:format>
  <dc:identifier>http://www.ifpri.org/publication/efficiency-and-productivity-differential-effects-land-certification-program-ethiopia</dc:identifier>
  <dc:format>1089417 Bytes</dc:format>
  <dc:description>CGIAR Research Program on Policies, Institutions, and Markets (PIM)</dc:description>
  <dc:type>Discussion paper</dc:type>
  <dc:date>2013-10-14</dc:date>
  <dc:date>2015-01-24</dc:date>
  <dc:identifier>127841</dc:identifier>
  <dc:identifier>http://cdm15738.contentdm.oclc.org/cdm/ref/collection/p15738coll2/id/127841</dc:identifier>
</oai_dc:dc>