<oai_dc:dc xmlns:oai_dc="http://www.openarchives.org/OAI/2.0/oai_dc/" xmlns:dc="http://purl.org/dc/elements/1.1/" xmlns:xsi="http://www.w3.org/2001/XMLSchema-instance" xsi:schemaLocation="http://www.openarchives.org/OAI/2.0/oai_dc/ http://www.openarchives.org/OAI/2.0/oai_dc.xsd">
  <dc:title>Tenure security and demand for land tenure regularization in Nigeria: Empirical evidence from Ondo and Kano states</dc:title>
  <dc:creator>Ghebru, Hosaena H.; Edeh, Hyacinth; Ali, Daniel; Deininger, Klaus; Okumo, Austen; Woldeyohannes, Sileshi</dc:creator>
  <dc:date>2014</dc:date>
  <dc:description>The objectives of the research described in this report are to: provide general field information on physical, social, and institutional conditions in the pilot areas Kano and Ondo states that can be used to assess existing land tenure policy in Nigeria; assess the differentiated effect of existing land laws and practices on men and women in terms of access to, control over, and distribution of land by collecting gender-disaggregated data; contribute to better understanding of the magnitude, scope, and severity of tenure insecurity in the context of existing land laws and land policies; assess the efficiency of land-administration related service delivery by the public sector (e.g., dispute resolu-tion mechanisms).</dc:description>
  <dc:relation>NSSP Working Paper</dc:relation>
  <dc:relation>25</dc:relation>
  <dc:publisher>International Food Policy Research Institute (IFPRI)</dc:publisher>
  <dc:publisher>Washington, D.C.</dc:publisher>
  <dc:language>English</dc:language>
  <dc:description>Working paper</dc:description>
  <dc:description>Non-PR</dc:description>
  <dc:subject>NIGERIA; WEST AFRICA; AFRICA SOUTH OF SAHARA; AFRICA</dc:subject>
  <dc:subject>Land rights; Land tenure; Agricultural development; Agricultural policies; land policies; rural areas; land registration; Land reform; Gender; Women</dc:subject>
  <dc:description>IFPRI1; NSSP; CRP2</dc:description>
  <dc:description>DSGD; PIM</dc:description>
  <dc:format>31 pages</dc:format>
  <dc:format>782000 Bytes</dc:format>
  <dc:description>CGIAR Research Program on Policies, Institutions, and Markets (PIM)</dc:description>
  <dc:date>2014-05-15</dc:date>
  <dc:date>2014-10-28</dc:date>
  <dc:identifier>128170</dc:identifier>
  <dc:identifier>http://cdm15738.contentdm.oclc.org/cdm/ref/collection/p15738coll2/id/128170</dc:identifier>
</oai_dc:dc>