<oai_dc:dc xmlns:oai_dc="http://www.openarchives.org/OAI/2.0/oai_dc/" xmlns:dc="http://purl.org/dc/elements/1.1/" xmlns:xsi="http://www.w3.org/2001/XMLSchema-instance" xsi:schemaLocation="http://www.openarchives.org/OAI/2.0/oai_dc/ http://www.openarchives.org/OAI/2.0/oai_dc.xsd">
  <dc:title>Links between tenure security and food security: Evidence from Ethiopia</dc:title>
  <dc:creator>Hagos, Hosaena Ghebru; Holden, Stein</dc:creator>
  <dc:date>2013</dc:date>
  <dc:description>This study, thus, uses five rounds of household panel data from Tigray, Ethiopia, collected in the period 1998–2010 to assess the impacts of a land registration and certification program that aimed to strengthen tenure security and how it has contributed to increased food availability and thus food security in this food-deficit region.</dc:description>
  <dc:relation>IFPRI Discussion Paper</dc:relation>
  <dc:relation>1288</dc:relation>
  <dc:publisher>International Food Policy Research Institute (IFPRI)</dc:publisher>
  <dc:publisher>Washington, D.C.</dc:publisher>
  <dc:language>English</dc:language>
  <dc:description>Discussion paper</dc:description>
  <dc:description>Non-PR</dc:description>
  <dc:subject>ETHIOPIA; EAST AFRICA; AFRICA SOUTH OF SAHARA; AFRICA</dc:subject>
  <dc:subject>Land tenure; food security; land tenure reform; certification; basic needs; Gender; Women; household data; land registration</dc:subject>
  <dc:description>IFPRI1; Theme 6; Subtheme 6.2; GRP32; CRP2</dc:description>
  <dc:description>DSGD; PIM</dc:description>
  <dc:relation>Tenure (in)security and agricultural investment of smallholder farmers in Mozambique, Working Paper: http://ebrary.ifpri.org/cdm/ref/collection/p15738coll2/id/127381
Reverse-share-tenancy and Marshallian Inefficiency, IFPRI Discussion Paper 1270: http://ebrary.ifpri.org/cdm/ref/collection/p15738coll2/id/127558
Land policy and governance reforms and agricultural transformation, Discussion Note: http://ebrary.ifpri.org/cdm/ref/collection/p15738coll2/id/127406</dc:relation>
  <dc:format>59 pages</dc:format>
  <dc:identifier>http://www.ifpri.org/publication/links-between-tenure-security-and-food-security</dc:identifier>
  <dc:format>2578170 Bytes</dc:format>
  <dc:description>CGIAR Research Program on Policies, Institutions, and Markets (PIM)</dc:description>
  <dc:type>Discussion paper</dc:type>
  <dc:date>2013-09-18</dc:date>
  <dc:date>2015-01-24</dc:date>
  <dc:identifier>127808</dc:identifier>
  <dc:identifier>http://cdm15738.contentdm.oclc.org/cdm/ref/collection/p15738coll2/id/127808</dc:identifier>
</oai_dc:dc>