<oai_dc:dc xmlns:oai_dc="http://www.openarchives.org/OAI/2.0/oai_dc/" xmlns:dc="http://purl.org/dc/elements/1.1/" xmlns:xsi="http://www.w3.org/2001/XMLSchema-instance" xsi:schemaLocation="http://www.openarchives.org/OAI/2.0/oai_dc/ http://www.openarchives.org/OAI/2.0/oai_dc.xsd">
  <dc:title>Closing the gender asset gap: Learning from value chain development in Africa and Asia</dc:title>
  <dc:creator>Quisumbing, Agnes R.; Rubin, Deborah; Manfre, Cristina; Waithanji, Elizabeth; van den Bold, Mara; Olney, Deanna K.; Meinzen-Dick, Ruth Suseela</dc:creator>
  <dc:date>2014</dc:date>
  <dc:description>This paper explores initial findings from four case studies in the Gender, Agriculture, and Assets Project on changes in gender relations in different agricultural interventions. It documents the adaptive measures projects are taking to encourage gender-equitable value chain projects. Findings suggest that the dairy and horticulture value chain cases have successfully increased the stock of both men’s and women’s tangible assets and those assets they own jointly.</dc:description>
  <dc:relation>IFPRI Discussion Paper</dc:relation>
  <dc:relation>1321</dc:relation>
  <dc:publisher>International Food Policy Research Institute (IFPRI)</dc:publisher>
  <dc:publisher>Washington, D.C.</dc:publisher>
  <dc:language>English</dc:language>
  <dc:description>Discussion paper</dc:description>
  <dc:description>Non-PR</dc:description>
  <dc:subject>Gender; Women; assets; Agricultural development; evaluation; food security; Smallholders</dc:subject>
  <dc:subject>Value chain</dc:subject>
  <dc:description>IFPRI1; Theme 7; Subtheme 7.3; GRP42; CRP2</dc:description>
  <dc:description>PHND; EPTD; PIM</dc:description>
  <dc:relation>Who decides to grow orange sweet potatoes?, Project Note: http://ebrary.ifpri.org/cdm/ref/collection/p15738coll2/id/127915   
Can integrated agriculture-nutrition programs change gender norms on land and asset ownership?, Discussion Paper: http://ebrary.ifpri.org/cdm/ref/collection/p15738coll2/id/127986   
Can dairy value-chain projects change gender norms in rural Bangladesh?, Discussion Paper: http://ebrary.ifpri.org/cdm/ref/collection/p15738coll2/id/127982   
The importance of gender in a “gender blind” asset transfer program, Project note: http://ebrary.ifpri.org/cdm/ref/collection/p15738coll2/id/127913    
Learning from eight agricultural development interventions in Africa and South Asia, Project Note: http://ebrary.ifpri.org/cdm/ref/collection/p15738coll2/id/127908</dc:relation>
  <dc:format>28 pages</dc:format>
  <dc:identifier>http://www.ifpri.org/publication/closing-gender-asset-gap</dc:identifier>
  <dc:format>453071 Bytes</dc:format>
  <dc:description>CGIAR Research Program on Policies, Institutions, and Markets (PIM)</dc:description>
  <dc:type>Discussion paper</dc:type>
  <dc:date>2014-02-10</dc:date>
  <dc:date>2015-02-11</dc:date>
  <dc:identifier>128013</dc:identifier>
  <dc:identifier>http://cdm15738.contentdm.oclc.org/cdm/ref/collection/p15738coll2/id/128013</dc:identifier>
</oai_dc:dc>