<oai_dc:dc xmlns:oai_dc="http://www.openarchives.org/OAI/2.0/oai_dc/" xmlns:dc="http://purl.org/dc/elements/1.1/" xmlns:xsi="http://www.w3.org/2001/XMLSchema-instance" xsi:schemaLocation="http://www.openarchives.org/OAI/2.0/oai_dc/ http://www.openarchives.org/OAI/2.0/oai_dc.xsd">
  <dc:title>Women’s individual and joint property ownership: Effects on household decisionmaking</dc:title>
  <dc:creator>Doss, Cheryl; Kim, Sung Mi; Njuki, Jemimah; Hillenbrand, Emily; Miruka, Maureen</dc:creator>
  <dc:date>2014</dc:date>
  <dc:description>In this paper, the relationship of women’s individual and joint property ownership and the level of women’s input into household decisionmaking is explored with data from India, Mali, Malawi, and Tanzania. In the three African countries, women with individual landownership have greater input into household decisionmaking than women whose landownership is joint; both have more input than women who are not landowners.</dc:description>
  <dc:relation>IFPRI Discussion Paper</dc:relation>
  <dc:relation>1347</dc:relation>
  <dc:publisher>International Food Policy Research Institute (IFPRI)</dc:publisher>
  <dc:publisher>Washington, D.C.</dc:publisher>
  <dc:language>English</dc:language>
  <dc:description>Discussion paper</dc:description>
  <dc:description>Non-PR</dc:description>
  <dc:subject>INDIA; MALI; MALAWI; TANZANIA; SOUTH ASIA; EAST AFRICA; WEST AFRICA; SOUTHERN AFRICA; AFRICA SOUTH OF SAHARA; AFRICA; ASIA</dc:subject>
  <dc:subject>Property rights; Land; Gender; Women; Decision making; households</dc:subject>
  <dc:subject>time allocation</dc:subject>
  <dc:description>IFPRI1; CRP2; GRP42; Subtheme 7.3; GAAP</dc:description>
  <dc:description>EPTD; PIM</dc:description>
  <dc:relation>Land, assets, and livelihoods Gendered analysis of evidence from Odisha State in India: http://ebrary.ifpri.org/cdm/ref/collection/p15738coll2/id/128015   How do intrahousehold dynamics change when assets are transferred to women? http://ebrary.ifpri.org/cdm/ref/collection/p15738coll2/id/127988   Gender inequalities in ownership and control of land in Africa http://ebrary.ifpri.org/cdm/ref/collection/p15738coll2/id/127957   Household decisions, gender, and development http://ebrary.ifpri.org/cdm/ref/collection/p15738coll2/id/126037</dc:relation>
  <dc:format>36 pages</dc:format>
  <dc:identifier>http://www.ifpri.org/publication/women-s-individual-and-joint-property-ownership</dc:identifier>
  <dc:format>745641 Bytes</dc:format>
  <dc:description>CGIAR Research Program on Policies, Institutions, and Markets (PIM)</dc:description>
  <dc:type>Discussion paper</dc:type>
  <dc:date>2014-05-02</dc:date>
  <dc:date>2015-02-11</dc:date>
  <dc:identifier>128149</dc:identifier>
  <dc:identifier>http://cdm15738.contentdm.oclc.org/cdm/ref/collection/p15738coll2/id/128149</dc:identifier>
</oai_dc:dc>