<oai_dc:dc xmlns:oai_dc="http://www.openarchives.org/OAI/2.0/oai_dc/" xmlns:dc="http://purl.org/dc/elements/1.1/" xmlns:xsi="http://www.w3.org/2001/XMLSchema-instance" xsi:schemaLocation="http://www.openarchives.org/OAI/2.0/oai_dc/ http://www.openarchives.org/OAI/2.0/oai_dc.xsd">
  <dc:title>Summary of Efficiency and productivity differential effects of the land certification program in Ethiopia</dc:title>
  <dc:creator>Ghebru, Hosaena; Holden, Stein</dc:creator>
  <dc:date>2014</dc:date>
  <dc:description>Although theory predicts that better property rights to land can increase land productivity through tenure security effects (investment effects) and through more efficient input use due to enhanced tradability of the land (factor intensity effect), empirical studies on the size and magnitude of these effects are very scarce. Taking advantage of a unique quasiexperimental survey design, this study analyzes the productivity impacts of the Ethiopian land certification program by identifying how the investment effects (technological gains) would measure up against the benefits from any improvements in input use intensity (technical efficiency). For this purpose, we adopted a data envelopment analysis–based Malmquist-type productivity index to decompose productivity differences into (1) within-group farm efficiency differences, reflecting the technical efficiency effect, and (2) differences in the group production frontier, reflecting the long-term investment (technological) effects.</dc:description>
  <dc:relation>ESSP II Research Note</dc:relation>
  <dc:relation>32</dc:relation>
  <dc:publisher>International Food Policy Research Institute (IFPRI); Ethiopian Development Research Institute (EDRI)</dc:publisher>
  <dc:publisher>Washington, D.C.; Addis Ababa, Ethiopia</dc:publisher>
  <dc:language>English</dc:language>
  <dc:description>Project Note</dc:description>
  <dc:description>Non-PR</dc:description>
  <dc:subject>ETHIOPIA; EAST AFRICA; AFRICA SOUTH OF SAHARA; AFRICA</dc:subject>
  <dc:subject>Land use; Land rights; productivity; Land tenure</dc:subject>
  <dc:description>IFPRI2; ESSP; CRP2</dc:description>
  <dc:description>DSGD; PIM</dc:description>
  <dc:relation>http://ebrary.ifpri.org/cdm/ref/collection/p15738coll2/id/128127</dc:relation>
  <dc:rights>Summary of ESSP Working Paper 64, “Efficiency and productivity differential effects of land certification program in Ethiopia: Quasi-experimental evidence from Tigray”</dc:rights>
  <dc:format>2 pages</dc:format>
  <dc:format>589173 Bytes</dc:format>
  <dc:description>CGIAR Research Program on Policies, Institutions, and Markets (PIM)</dc:description>
  <dc:type>Project paper</dc:type>
  <dc:date>2014-09-05</dc:date>
  <dc:date>2015-01-28</dc:date>
  <dc:identifier>128267</dc:identifier>
  <dc:identifier>http://cdm15738.contentdm.oclc.org/cdm/ref/collection/p15738coll2/id/128267</dc:identifier>
</oai_dc:dc>