<oai_dc:dc xmlns:oai_dc="http://www.openarchives.org/OAI/2.0/oai_dc/" xmlns:dc="http://purl.org/dc/elements/1.1/" xmlns:xsi="http://www.w3.org/2001/XMLSchema-instance" xsi:schemaLocation="http://www.openarchives.org/OAI/2.0/oai_dc/ http://www.openarchives.org/OAI/2.0/oai_dc.xsd">
  <dc:title>Land, assets, and livelihoods: Gendered analysis of evidence from Odisha State in India</dc:title>
  <dc:creator>Savath, Vivien; Fletschner, Diana; Peterman, Amber; Santos, Florence</dc:creator>
  <dc:date>2014</dc:date>
  <dc:description>Using data collected from the evaluation of two government land titling interventions in the Indian state of Odisha, this paper examines key relationships linking land and livelihood strategies. The investigation is one of the first to explicitly use the Gender, Agriculture, and Assets Project framework to gain additional insights on how gender–asset dynamics relate to household livelihood strategies.</dc:description>
  <dc:relation>IFPRI Discussion Paper</dc:relation>
  <dc:relation>1323</dc:relation>
  <dc:publisher>International Food Policy Research Institute (IFPRI)</dc:publisher>
  <dc:publisher>Washington, D.C.</dc:publisher>
  <dc:language>English</dc:language>
  <dc:description>Discussion paper</dc:description>
  <dc:description>Non-PR</dc:description>
  <dc:subject>INDIA; SOUTH ASIA; ASIA</dc:subject>
  <dc:subject>Land; Livelihoods; Gender; assets; Ownership</dc:subject>
  <dc:description>IFPRI1; Theme 7; Subtheme 7.3; GRP42; CRP2</dc:description>
  <dc:description>PHND; PIM</dc:description>
  <dc:relation>Evaluation of grassroots community–based legal aid activities in Uganda and Tanzania, Working paper: http://ebrary.ifpri.org/cdm/ref/collection/p15738coll2/id/127539  
Gender, assets, and agricultural development programs, Working paper: http://ebrary.ifpri.org/cdm/ref/collection/p15738coll2/id/125923  
Can integrated agriculture-nutrition programs change gender norms on land and asset ownership?, Discussion paper: http://ebrary.ifpri.org/cdm/ref/collection/p15738coll2/id/127986  
Learning from eight agricultural development interventions in Africa and South Asia, Project note: http://ebrary.ifpri.org/cdm/ref/collection/p15738coll2/id/127908</dc:relation>
  <dc:format>36 pages</dc:format>
  <dc:identifier>http://www.ifpri.org/publication/land-assets-and-livelihoods</dc:identifier>
  <dc:format>799528 Bytes</dc:format>
  <dc:description>CGIAR Research Program on Policies, Institutions, and Markets (PIM)</dc:description>
  <dc:type>Discussion paper</dc:type>
  <dc:date>2014-02-10</dc:date>
  <dc:date>2015-02-11</dc:date>
  <dc:identifier>128015</dc:identifier>
  <dc:identifier>http://cdm15738.contentdm.oclc.org/cdm/ref/collection/p15738coll2/id/128015</dc:identifier>
</oai_dc:dc>