<oai_dc:dc xmlns:oai_dc="http://www.openarchives.org/OAI/2.0/oai_dc/" xmlns:dc="http://purl.org/dc/elements/1.1/" xmlns:xsi="http://www.w3.org/2001/XMLSchema-instance" xsi:schemaLocation="http://www.openarchives.org/OAI/2.0/oai_dc/ http://www.openarchives.org/OAI/2.0/oai_dc.xsd">
  <dc:title>Tenure (in)security and agricultural investment of smallholder farmers in Mozambique</dc:title>
  <dc:creator>Hagos, Hosaena Ghebru</dc:creator>
  <dc:date>2012</dc:date>
  <dc:description>Using the case of past and ongoing land tenure reforms in Mozambique, this paper aims at assessing the determinants of tenure security for households and the implications of such tenure security on their observed behavior in undertaking long-term land-related investments. An attempt is made to distinguish the source of risk of tenure insecurity as: (i) effective risk (mainly dependent on past experiences of households); and (ii) potential risk (i.e., long-term perception of tenure security).</dc:description>
  <dc:relation>MozSSP Working Paper</dc:relation>
  <dc:relation>5</dc:relation>
  <dc:publisher>International Food Policy Research Institute (IFPRI)</dc:publisher>
  <dc:publisher>Washington, D.C.</dc:publisher>
  <dc:language>English</dc:language>
  <dc:description>Working paper</dc:description>
  <dc:description>Non-PR</dc:description>
  <dc:subject>MOZAMBIQUE; EAST AFRICA; AFRICA SOUTH OF SAHARA; AFRICA</dc:subject>
  <dc:subject>Land tenure; Agricultural Investment; smallholder agriculture; Smallholder farmers; Agricultural productivity; Property rights; Customary rights; Agricultural development</dc:subject>
  <dc:description>IFPRI1; MozSSP</dc:description>
  <dc:description>DSGD</dc:description>
  <dc:format>27 pages</dc:format>
  <dc:format>896313 Bytes</dc:format>
  <dc:type>Project paper</dc:type>
  <dc:date>2013-02-04</dc:date>
  <dc:date>2015-01-29</dc:date>
  <dc:identifier>127381</dc:identifier>
  <dc:identifier>http://cdm15738.contentdm.oclc.org/cdm/ref/collection/p15738coll2/id/127381</dc:identifier>
</oai_dc:dc>