<oai_dc:dc xmlns:oai_dc="http://www.openarchives.org/OAI/2.0/oai_dc/" xmlns:dc="http://purl.org/dc/elements/1.1/" xmlns:xsi="http://www.w3.org/2001/XMLSchema-instance" xsi:schemaLocation="http://www.openarchives.org/OAI/2.0/oai_dc/ http://www.openarchives.org/OAI/2.0/oai_dc.xsd">
  <dc:title>Allocative inefficiency and farm-level constraints in irrigated agriculture in Pakistan</dc:title>
  <dc:creator>Nasim, Sanval; Dinar, Ariel; Helfand, Steven</dc:creator>
  <dc:date>2014</dc:date>
  <dc:description>In this paper, we estimate the allocative inefficiency of groundwater in Pakistani agriculture and compare it across a set of farm-level constraints, using a panel dataset of rural households. The farm-level constraints include tenure, farm size, access to surface water and location on a watercourse. We use a stochastic approach, based on a system of equations to estimate both the technical efficiency of farms and the allocative efficiency of groundwater use. The allocation of surface irrigation water in Pakistan is fixed per unit of land, so its allocative inefficiency cannot be estimate. Therefore, we will treat surface water as a fixed factor and focus mainly on groundwater. The analysis sheds light on the utilization of irrigation water across a set of farm-specific characteristics. It also provides a basis for a psssible redesign of water policy. The results in this paper constitute the empirical basis for policy work that we will focus on in our future work.</dc:description>
  <dc:relation>PSSP Working Paper</dc:relation>
  <dc:relation>15</dc:relation>
  <dc:publisher>International Food Policy Research Institute (IFPRI)</dc:publisher>
  <dc:publisher>Washington, D.C.</dc:publisher>
  <dc:language>English;</dc:language>
  <dc:description>Working paper;</dc:description>
  <dc:description>Non-PR;</dc:description>
  <dc:subject>PAKISTAN; SOUTH ASIA; ASIA;</dc:subject>
  <dc:subject>Irrigation; Water management;</dc:subject>
  <dc:subject>farm level constraints</dc:subject>
  <dc:description>IFPRI1; PSSP; CRP2</dc:description>
  <dc:description>DSGD; PIM</dc:description>
  <dc:format>67 pages</dc:format>
  <dc:format>1674324 Bytes</dc:format>
  <dc:description>CGIAR Research Program on Policies, Institutions, and Markets (PIM)</dc:description>
  <dc:type>Project paper</dc:type>
  <dc:date>2014-01-31</dc:date>
  <dc:date>2015-02-11</dc:date>
  <dc:identifier>128005</dc:identifier>
  <dc:identifier>http://cdm15738.contentdm.oclc.org/cdm/ref/collection/p15738coll2/id/128005</dc:identifier>
</oai_dc:dc>