<oai_dc:dc xmlns:oai_dc="http://www.openarchives.org/OAI/2.0/oai_dc/" xmlns:dc="http://purl.org/dc/elements/1.1/" xmlns:xsi="http://www.w3.org/2001/XMLSchema-instance" xsi:schemaLocation="http://www.openarchives.org/OAI/2.0/oai_dc/ http://www.openarchives.org/OAI/2.0/oai_dc.xsd">
  <dc:title>An evaluation of the effectiveness of farmland protection policy in China</dc:title>
  <dc:creator>Li, Man</dc:creator>
  <dc:date>2014</dc:date>
  <dc:description>Almost two decades have passed since China first enacted legislation to protect farmland from conversion to nonagricultural use. Yet hundreds of thousands of hectares of agricultural land are still developed to urban area each year, raising the question of whether the legislation is effective in preserving farmland from development. This paper examines the effectiveness of the Basic Farmland Protection Regulation in protecting high-quality farmland from urban development in China in the first decade after it came into effect (1995‒2005).</dc:description>
  <dc:relation>IFPRI Discussion Paper</dc:relation>
  <dc:relation>1348</dc:relation>
  <dc:publisher>International Food Policy Research Institute (IFPRI)</dc:publisher>
  <dc:publisher>Washington, D.C.</dc:publisher>
  <dc:language>English</dc:language>
  <dc:description>Discussion paper</dc:description>
  <dc:description>Non-PR</dc:description>
  <dc:subject>CHINA; EAST ASIA; ASIA</dc:subject>
  <dc:subject>farmland; rural areas; urban development; Land ownership; Land reform; Land use; Land tenure</dc:subject>
  <dc:subject>urban spatial model; non-nested hypothesis test; farmland protection</dc:subject>
  <dc:subject>Q15 Land Ownership and Tenure, Land Reform, Land Use, Irrigation, Agriculture and Environment; Q28 Renewable Resources and Conservation: Government Policy; R14 Land Use Patterns; R52 Regional Government Analysis: Land Use and Other Regulations</dc:subject>
  <dc:description>IFPRI1; CRP7; E.2 Policies, Institutions and investments for resilient ecosystems</dc:description>
  <dc:description>EPTD</dc:description>
  <dc:relation>http://ebrary.ifpri.org/cdm/ref/collection/p15738coll2/id/128117</dc:relation>
  <dc:format>36 pages</dc:format>
  <dc:identifier>http://www.ifpri.org/publication/evaluation-effectiveness-farmland-protection-policy-china</dc:identifier>
  <dc:format>993512 Bytes</dc:format>
  <dc:description>CGIAR Research Program on Climate Change, Agriculture and Food Security (CCAFS)</dc:description>
  <dc:type>Discussion paper</dc:type>
  <dc:date>2014-05-12</dc:date>
  <dc:date>2015-02-11</dc:date>
  <dc:identifier>128163</dc:identifier>
  <dc:identifier>http://cdm15738.contentdm.oclc.org/cdm/ref/collection/p15738coll2/id/128163</dc:identifier>
</oai_dc:dc>