<oai_dc:dc xmlns:oai_dc="http://www.openarchives.org/OAI/2.0/oai_dc/" xmlns:dc="http://purl.org/dc/elements/1.1/" xmlns:xsi="http://www.w3.org/2001/XMLSchema-instance" xsi:schemaLocation="http://www.openarchives.org/OAI/2.0/oai_dc/ http://www.openarchives.org/OAI/2.0/oai_dc.xsd">
  <dc:title>Leveling with friends: Social networks and indian farmers’ demand for agricultural custom hire services</dc:title>
  <dc:creator>Magnan, Nicholas; Spielman, David J.; Lybbert, Travis J.; Gulati, Kajal</dc:creator>
  <dc:date>2013</dc:date>
  <dc:description>This research was undertaken to understand how information about a new agricultural technology is transmitted through social networks, and what effect information gained through social networks has on technology demand at the household level. The technology in question is laser land leveling (LLL)-a resource-conserving technology-which we introduced in eastern Uttar Pradesh, India as part of the study. Using an experimental auction, we obtain farmers’ willingness-to-pay for the technology and identify potential adopters. We then randomly select half of these farmers to actually receive LLL services on their land, creating random variation in the number of adopters in each farmer’s social network. We conduct a second auction one year later with the same sample of farmers and estimate network effects on farmers’ updated willingness-to-pay. Four main results emerge: First, exposure to LLL through networks occurs primarily through visits to adopting farmers’ fields. Second, having a first-generation adopter in a farmer’s network increases the farmer’s valuation of LLL by nearly 30 percent on average. Third, the network effects on demand are importantly conditioned on benefits associated with LLL, which implies that learning-rather than mimicry-is driving increases in demand. Fourth, network effects are strongest between poor farmers.</dc:description>
  <dc:relation>IFPRI Discussion Paper</dc:relation>
  <dc:relation>1302</dc:relation>
  <dc:publisher>International Food Policy Research Institute (IFPRI)</dc:publisher>
  <dc:publisher>Washington, D.C.</dc:publisher>
  <dc:language>English</dc:language>
  <dc:description>Discussion paper</dc:description>
  <dc:description>Non-PR</dc:description>
  <dc:subject>INDIA; SOUTH ASIA; ASIA</dc:subject>
  <dc:subject>productivity; lasers; Technology transfer</dc:subject>
  <dc:subject>social learning; network effects; technology adoption; experimental auction; Technology adoption</dc:subject>
  <dc:subject>Q16 Agricultural R&amp;D, Agricultural Technology, Biofuels, Agricultural Extension Services; O14 Industrialization, Manufacturing and Service Industries, Choice of Technology; O13 Economic Development: Agriculture, Natural Resources, Energy, Environment, Other Primary Products</dc:subject>
  <dc:description>IFPRI1; CRP2; CSISA; A.3 Science, Technology, and innovation Policy</dc:description>
  <dc:description>EPTD; PIM; NDO</dc:description>
  <dc:relation>Targeting technology to reduce poverty and conserve resources: Experimental delivery of laser land leveling to farmers in Uttar Pradesh, India:  IFPRI Discussion Paper 1274: http://ebrary.ifpri.org/cdm/ref/collection/p15738coll2/id/127746   
Shocks, groups, and networks in Bukidnon, Philippines: CAPRi Working Paper 84:  http://ebrary.ifpri.org/cdm/ref/collection/p15738coll2/id/11948   Agricultural mechanization in Ghana:  IFPRI Discussion Paper 1255: http://ebrary.ifpri.org/cdm/ref/collection/p15738coll2/id/127474  Evaluating the impact of social networks in rural innovation systems: IFPRI Discussion Paper 816:  http://ebrary.ifpri.org/cdm/ref/collection/p15738coll2/id/22304  Rural innovation systems and networks: Findings from a study of Ethiopian smallholders: IFPRI Discussion Paper 759:  http://ebrary.ifpri.org/cdm/ref/collection/p15738coll2/id/9404</dc:relation>
  <dc:format>44 pages</dc:format>
  <dc:identifier>http://www.ifpri.org/publication/leveling-friends</dc:identifier>
  <dc:format>883164 Bytes</dc:format>
  <dc:description>CGIAR Research Program on Policies, Institutions, and Markets (PIM)</dc:description>
  <dc:type>Discussion paper</dc:type>
  <dc:date>2013-11-22</dc:date>
  <dc:date>2015-01-24</dc:date>
  <dc:identifier>127903</dc:identifier>
  <dc:identifier>http://cdm15738.contentdm.oclc.org/cdm/ref/collection/p15738coll2/id/127903</dc:identifier>
</oai_dc:dc>