<oai_dc:dc xmlns:oai_dc="http://www.openarchives.org/OAI/2.0/oai_dc/" xmlns:dc="http://purl.org/dc/elements/1.1/" xmlns:xsi="http://www.w3.org/2001/XMLSchema-instance" xsi:schemaLocation="http://www.openarchives.org/OAI/2.0/oai_dc/ http://www.openarchives.org/OAI/2.0/oai_dc.xsd">
  <dc:title>Farmers’ preferences for climate-smart agriculture an assessment in the Indo-Gangetic plain</dc:title>
  <dc:creator>Taneja, Garima; Pal, Barun Deb; Joshi, Pramod Kumar; Aggarwal, Pramod; Tyagi, N.K.</dc:creator>
  <dc:date>2014</dc:date>
  <dc:description>This study was undertaken to assess farmers’ preferences and willingness to pay (WTP) for various climate-smart interventions in the Indo-Gangetic Plain. The research outputs will be helpful in integrating farmers’ choices with government programs in the selected regions. The Indo-Gangetic Plain (IGP) was selected because it is highly vulnerable to climate change, which may adversely affect the sustainability of the rice-wheat production system and the food security of the region. Climate-smart agriculture (CSA) can mitigate the negative impacts of climate change and improve the efficiency of the rice-wheat-based production system. CSA requires a complete package of practices to achieve the desired objectives, but adoption is largely dependent on farmers’ preferences and their capacity and WTP.</dc:description>
  <dc:relation>IFPRI Discussion Paper</dc:relation>
  <dc:relation>1337</dc:relation>
  <dc:publisher>International Food Policy Research Institute (IFPRI)</dc:publisher>
  <dc:publisher>Washington, D.C.</dc:publisher>
  <dc:language>English</dc:language>
  <dc:description>Discussion paper</dc:description>
  <dc:description>Non-PR</dc:description>
  <dc:subject>SOUTH ASIA; ASIA</dc:subject>
  <dc:subject>Climate change; food security; Agricultural technology</dc:subject>
  <dc:subject>Willingness to pay; Climate-smart agriculture; scoring method; bidding method</dc:subject>
  <dc:description>IFPRI1; CRP7; Theme 3; Subtheme 3.1</dc:description>
  <dc:description>SAO</dc:description>
  <dc:relation>Leveling with friends: Social networks and indian farmers’ demand for agricultural custom hire services, IFPRI Discussion Paper: http://ebrary.ifpri.org/cdm/ref/collection/p15738coll2/id/127903  Targeting technology to reduce poverty and conserve resources: Experimental delivery of laser land leveling to farmers in Uttar Pradesh, India, IFPRI Discussion Paper: http://ebrary.ifpri.org/cdm/ref/collection/p15738coll2/id/127746  Zero tillage in the rice-wheat systems of the Indo-Gangetic Plains, IFPRI Discussion Paper: http://ebrary.ifpri.org/cdm/ref/collection/p15738coll2/id/32247 The Promise of Innovative Farming Practices: http://ebrary.ifpri.org/cdm/ref/collection/p15738coll2/id/128047</dc:relation>
  <dc:format>44 pages</dc:format>
  <dc:identifier>http://www.ifpri.org/publication/farmers-preferences-climate-smart-agriculture</dc:identifier>
  <dc:format>872975 Bytes</dc:format>
  <dc:description>CGIAR Research Program on Climate Change, Agriculture and Food Security (CCAFS)</dc:description>
  <dc:type>Discussion paper</dc:type>
  <dc:date>2014-04-04</dc:date>
  <dc:date>2015-02-11</dc:date>
  <dc:identifier>128116</dc:identifier>
  <dc:identifier>http://cdm15738.contentdm.oclc.org/cdm/ref/collection/p15738coll2/id/128116</dc:identifier>
</oai_dc:dc>