<oai_dc:dc xmlns:oai_dc="http://www.openarchives.org/OAI/2.0/oai_dc/" xmlns:dc="http://purl.org/dc/elements/1.1/" xmlns:xsi="http://www.w3.org/2001/XMLSchema-instance" xsi:schemaLocation="http://www.openarchives.org/OAI/2.0/oai_dc/ http://www.openarchives.org/OAI/2.0/oai_dc.xsd">
  <dc:title>The policy landscape for climate change adaptation: A cross-country comparison of stakeholder networks</dc:title>
  <dc:creator>Aberman, Noora-Lisa; Birner, Regina; Haglund, Eric; Ngigi, Marther; Ali, Snigdha; Okoba, Barrack; Koné, Daouda; Alemu, Tekie</dc:creator>
  <dc:date>2014</dc:date>
  <dc:description>An increasing body of research is focusing on the question of how poor agricultural households will both perceive and be affected by climate change. In view of its predicted effects, the need to identify effective adaptation strategies is urgent. Against this background, the International Food Policy Research Institute (IFPRI) and partner organizations in the four study countries— Bangladesh, Ethiopia, Kenya, and Mali—embarked on research to support policymakers and development agencies in strengthening the capacity of male and female smallholder farmers, livestock keepers, and fishermen and women to manage climate-related risks. This policy note summarizes research designed to identify key actors engaging in climate change adaptation in the four study countries in order to disseminate research results more effectively in those countries.</dc:description>
  <dc:publisher>International Food Policy Research Institute (IFPRI)</dc:publisher>
  <dc:publisher>Washington, D.C.</dc:publisher>
  <dc:language>English</dc:language>
  <dc:description>Project paper</dc:description>
  <dc:source>In Enhancing women’s assets to manage risk under climate change: Potential for group-based approaches. Ringler, Claudia; Quisumbing, Agnes R.; Bryan, Elizabeth; Meinzen-Dick, Ruth Suseela, Eds. 2014. Pp. 9-12</dc:source>
  <dc:description>Non-PR</dc:description>
  <dc:subject>ETHIOPIA; KENYA; MALI; BANGLADESH; EAST AFRICA; WEST AFRICA; SOUTH ASIA; AFRICA SOUTH OF SAHARA; AFRICA; ASIA</dc:subject>
  <dc:subject>Gender; Women; Climate change; assets; Agricultural policies; Policy; stakeholders; rural areas; developing countries</dc:subject>
  <dc:subject>resilience; environmental shocks; climate adaptation</dc:subject>
  <dc:description>IFPRI1; CRP2; G Cross-cutting gender theme;</dc:description>
  <dc:description>PHND; EPTD; PIM</dc:description>
  <dc:relation>Full note http://ebrary.ifpri.org/cdm/ref/collection/p15738coll2/id/128599</dc:relation>
  <dc:format>4 pages</dc:format>
  <dc:identifier>http://www.ifpri.org/publication/enhancing-women-s-assets-manage-risk-under-climate-change</dc:identifier>
  <dc:format>289238 Bytes</dc:format>
  <dc:description>CGIAR Research Program on Policies, Institutions, and Markets (PIM)</dc:description>
  <dc:type>Project paper</dc:type>
  <dc:date>2014-12-08</dc:date>
  <dc:date>2015-02-05</dc:date>
  <dc:identifier>128762</dc:identifier>
  <dc:identifier>http://cdm15738.contentdm.oclc.org/cdm/ref/collection/p15738coll2/id/128762</dc:identifier>
</oai_dc:dc>