<oai_dc:dc xmlns:oai_dc="http://www.openarchives.org/OAI/2.0/oai_dc/" xmlns:dc="http://purl.org/dc/elements/1.1/" xmlns:xsi="http://www.w3.org/2001/XMLSchema-instance" xsi:schemaLocation="http://www.openarchives.org/OAI/2.0/oai_dc/ http://www.openarchives.org/OAI/2.0/oai_dc.xsd">
  <dc:title>2014 Global hunger index: The challenge of hidden hunger</dc:title>
  <dc:creator>von Grebmer, Klaus; Saltzman, Amy; Birol, Ekin; Wiesmann, Doris; Prasai, Nilam; Yin, Sandra; Yohannes, Yisehac; Menon, Purnima; Thompson, Jennifer; Sonntag, Andrea</dc:creator>
  <dc:creator>0000-0002-6908-5773 von Grebmer, K.</dc:creator>
  <dc:date>2014</dc:date>
  <dc:description>With one more year before the 2015 deadline for achieving the Millennium Development Goals, the 2014 Global Hunger Index report offers a multifaceted overview of global hunger that brings new insights to the global debate on where to focus efforts in the fight against hunger and malnutrition. The state of hunger in developing countries as a group has improved since 1990, falling by 39 percent, according to the 2014 GHI. Despite progress made, the level of hunger in the world is still “serious,” with 805 million people continuing to go hungry, according to estimates by the Food and Agriculture Organization of the United Nations.</dc:description>
  <dc:relation>Global Hunger Index</dc:relation>
  <dc:publisher>Welthungerhilfe; International Food Policy Research Institute (IFPRI); Concern Worldwide</dc:publisher>
  <dc:publisher>Bonn, Germany; Washington, D.C.; Dublin, Ireland</dc:publisher>
  <dc:language>English</dc:language>
  <dc:description>Book</dc:description>
  <dc:identifier>9780896299580</dc:identifier>
  <dc:identifier>http://dx.doi.org/10.2499/9780896299580</dc:identifier>
  <dc:identifier>10.2499/9780896299580</dc:identifier>
  <dc:description>PR</dc:description>
  <dc:subject>INDIA; SOUTH ASIA; MIDDLE EAST; NORTH AFRICA; LATIN AMERICA; EAST AFRICA; WEST AFRICA; Commonwealth of Independent States; EASTERN EUROPE; CARIBBEAN; AFRICA SOUTH OF SAHARA; AFRICA; ASIA; SOUTH AMERICA</dc:subject>
  <dc:subject>Hunger; food security; Nutrition; Nutrition security; malnutrition; Vitamin deficiencies; Mineral nutrients; undernourishment; Nutritive Value; Underweight; Children; Food availability; Food prices; Micronutrients; Mortality; Natural resources; Poverty; Property rights; Smallholders; Land; Land degradation; Risk; Indicators; Emergency relief; disaster relief; Sustainability; Livelihoods; income; Gross income; Climate change; data; Policies; Agricultural policies; Nutrition policies; Water; waste management; Natural disasters</dc:subject>
  <dc:subject>resilience; shocks; environmental shocks; economic shock; Food crisis; food crises; transition economies; Stress</dc:subject>
  <dc:description>IFPRI2</dc:description>
  <dc:description>DGO; COM; PHND; SAO; HarvestPlus</dc:description>
  <dc:relation>Brief http://ebrary.ifpri.org/cdm/ref/collection/p15738coll2/id/128364 German http://ebrary.ifpri.org/cdm/ref/collection/p15738coll2/id/128365 French http://ebrary.ifpri.org/cdm/ref/collection/p15738coll2/id/128366</dc:relation>
  <dc:relation>German http://ebrary.ifpri.org/cdm/ref/collection/p15738coll2/id/128361 Italian http://ebrary.ifpri.org/cdm/ref/collection/p15738coll2/id/128362 French http://ebrary.ifpri.org/cdm/ref/collection/p15738coll2/id/128366</dc:relation>
  <dc:relation>http://dx.doi.org/10.7910/DVN/27557</dc:relation>
  <dc:rights>Chapters 01, 02, 03, and 05 of this report were peer reviewed. Chapter 04 is based on evidence from project work.</dc:rights>
  <dc:format>56 pages</dc:format>
  <dc:identifier>http://www.ifpri.org/tools/2014-ghi-map  http://www.ifpri.org/publication/2014-global-hunger-index</dc:identifier>
  <dc:relation>iTunes http://itunes.apple.com/us/book/isbn9780896299627 Kindle http://www.amazon.com/dp/B00OGR5O9A Google Books http://books.google.com/books/about?id=DJjBBAAAQBAJ Google Play https://play.google.com/store/books/details?id=DJjBBAAAQBAJ Mendeley http://www.mendeley.com/c/7236849134/g/3973131/saltzman-2014-2014-global-hunger-index-the-challenge-of-hidden-hunger/</dc:relation>
  <dc:format>6148781 Bytes</dc:format>
  <dc:type>Book</dc:type>
  <dc:date>2014-10-13</dc:date>
  <dc:date>2015-01-21</dc:date>
  <dc:identifier>128360</dc:identifier>
  <dc:identifier>http://cdm15738.contentdm.oclc.org/cdm/ref/collection/p15738coll2/id/128360</dc:identifier>
</oai_dc:dc>