<oai_dc:dc xmlns:oai_dc="http://www.openarchives.org/OAI/2.0/oai_dc/" xmlns:dc="http://purl.org/dc/elements/1.1/" xmlns:xsi="http://www.w3.org/2001/XMLSchema-instance" xsi:schemaLocation="http://www.openarchives.org/OAI/2.0/oai_dc/ http://www.openarchives.org/OAI/2.0/oai_dc.xsd">
  <dc:title>Fertilizer policy in Thailand</dc:title>
  <dc:creator>Chitibut, Wannarut; Poapongsakorn, Nipon; Aroonkong, Danop</dc:creator>
  <dc:date>2014</dc:date>
  <dc:description>Fertilizer use in Thailand has become an integral part of agriculture due to the declining availability of arable land and the increasing role of rice and other agricultural exports in the economy. Approximately 47 percent fertilizer is used on rice, production of which has increased from 13.4 million MT to 36 million MT from 1970 to 2010 coinciding with a rise in fertilizer consumption from .2 million MT to 2.6 million MT. However, Thailand has a limited supply of raw materials for fertilizer and therefore imports both raw materials and pre-compounded grades for domestic production and distribution. This brief reviews the Thai fertilizer sector and the changes in policy which have led to its growth.</dc:description>
  <dc:relation>ReSAKSS Policy Note</dc:relation>
  <dc:relation>3</dc:relation>
  <dc:publisher>International Food Policy Research Institute (IFPRI)</dc:publisher>
  <dc:publisher>Washington, D.C.</dc:publisher>
  <dc:language>English</dc:language>
  <dc:description>Project paper</dc:description>
  <dc:description>Non-PR</dc:description>
  <dc:subject>THAILAND; SOUTH EAST ASIA; ASIA</dc:subject>
  <dc:subject>Fertilizers; farm inputs; Agricultural policies; Agricultural development</dc:subject>
  <dc:description>IFPRI1; ReSAKSS</dc:description>
  <dc:description>DSGD</dc:description>
  <dc:format>5 pages</dc:format>
  <dc:format>648256 Bytes</dc:format>
  <dc:type>Project paper</dc:type>
  <dc:date>2015-01-01</dc:date>
  <dc:date>2015-01-10</dc:date>
  <dc:identifier>128898</dc:identifier>
  <dc:identifier>http://cdm15738.contentdm.oclc.org/cdm/ref/collection/p15738coll2/id/128898</dc:identifier>
</oai_dc:dc>