<oai_dc:dc xmlns:oai_dc="http://www.openarchives.org/OAI/2.0/oai_dc/" xmlns:dc="http://purl.org/dc/elements/1.1/" xmlns:xsi="http://www.w3.org/2001/XMLSchema-instance" xsi:schemaLocation="http://www.openarchives.org/OAI/2.0/oai_dc/ http://www.openarchives.org/OAI/2.0/oai_dc.xsd">
  <dc:title>2013 Indice globale della fame : La sfida della fame : Sviluppare la resilienza delle comunità per la sicurezza alimentare e nutrizionale</dc:title>
  <dc:creator>von Grebmer, Klaus; Headey, Derek D.; Olofinbiyi, Tolulope; Wiesmann, Doris; Yin, Sandra; Yohannes, Yisehac; Foley, Connell; von Oppeln, Constanze; Iseli, Bettina; Béné, Christophe; Haddad, Lawrence James</dc:creator>
  <dc:date>2013</dc:date>
  <dc:description>Nel 2012 la tempesta tropicale Isaac e l’uragano Sandy hanno martoriato Haiti, danneggiando i raccolti, facendo straripare i fiumi, alla­gando le strade e bloccando l’accesso alle comunità. Mentre i prezzi ali­mentari aumentavano e i debiti crescevano, gli haitiani poveri hanno adot­tato misure estreme. Alcuni sono emigrati. Altri hanno resistito riducendo il numero di pasti al giorno e svendendo le proprie terre o il bestiame. Ogni estate, gli haitiani temono lo scatenarsi della furia degli elementi. Che si tratti di tempeste o di un periodo di siccità come quello che nel 2012 ha lasciato 18 milioni di affamati nel Sahel, o di altri eventi climati­ci estremi, dell'impennata dei prezzi alimentari o di una prolungata instabilità politica, le crisi e gli shock continuano a colpire i poveri e i più vulnerabili. Troppo spesso, coloro che non sono in grado di reagire si ritrovano ad affond­are nella povertà, a dover affrontare la malnutrizione e la fame.È ormai chiaro che non basta aiutare le popolazioni povere e vul­nerabili a sopravvivere agli shock a breve termine. Queste popolazioni sono tra quelle maggiormente colpite dagli shock - causati dall’uomo o naturali - e meno in grado di farvi fronte; per cui, essendovi costantemente esposte, non è facile per loro migliorare la propria condizione. Le popo­lazioni povere e vulnerabili devono incrementare la propria resilienza; e una parte essenziale del processo di sviluppo della resilienza consiste nel rafforzare la sicurezza alimentare e nutrizionale. Dato che l’accesso a un’alimentazione sana e adeguata è un diritto umano fondamentale, è di vitale importanza che tutti noi adottiamo misure per sviluppare la resilien­za migliorando la sicurezza alimentare e nutrizionale. La resilienza è il tema centrale dell’Indice Globale della Fame 2013, pubblicato congiuntamente da International Food Policy Research Institute (IFPRI), Concern Worldwide e Welthungerhilfe. Dato che secon­do l’Indice la fame nel mondo resta “grave”, con 19 Paesi a livello “allar­mante” o “estremamente allarmante”, promuovere la resilienza è fonda­mentale per aumentare la sicurezza alimentare e nutrizionale.</dc:description>
  <dc:relation>Global Hunger Index</dc:relation>
  <dc:publisher>Deutsche Welthungerhilfe (German AgroAction); International Food Policy Research Institute (IFPRI); Concern Worldwide</dc:publisher>
  <dc:publisher>Bonn, Germany; Washington, D.C.; Dublin, Ireland</dc:publisher>
  <dc:language>Italian</dc:language>
  <dc:description>Book</dc:description>
  <dc:identifier>9780896299542</dc:identifier>
  <dc:identifier>http://dx.doi.org/10.2499/9780896299542</dc:identifier>
  <dc:identifier>10.2499/9780896299542</dc:identifier>
  <dc:description>Non-PR</dc:description>
  <dc:subject>CARIBBEAN; Commonwealth of Independent States; LATIN AMERICA; MIDDLE EAST; NORTH AFRICA; EAST AFRICA; EAST ASIA; SOUTH ASIA; EASTERN EUROPE; SOUTHERN AFRICA; AFRICA SOUTH OF SAHARA; AFRICA; ASIA</dc:subject>
  <dc:subject>Developing countries; Food availability; food crises; food crisis; Food prices; food security; Nutrition security; Nutrition; malnutrition; undernourishment; Hunger; Undernutrition; Mortality; Underweight; Children; Land degradation; Natural resources; Sustainable development; Sustainability; Sustainable livelihoods; Climate change; Water; Natural disasters; disaster relief; Environmental disasters; Environmental risk; Environmental policies</dc:subject>
  <dc:subject>resilience; environmental shocks</dc:subject>
  <dc:description>IFPRI2</dc:description>
  <dc:description>PHND; DGO; COM</dc:description>
  <dc:relation>Issue Brief: http://ebrary.ifpri.org/cdm/ref/collection/p15738coll2/id/127839 Tableau Map Visualization: http://public.tableausoftware.com/views/2013GHI/2013GLOBALHUNGERINDEXBYSEVERITY#1</dc:relation>
  <dc:relation>English: http://ebrary.ifpri.org/cdm/ref/collection/p15738coll2/id/127844  German: http://ebrary.ifpri.org/cdm/ref/collection/p15738coll2/id/127842 French: http://ebrary.ifpri.org/cdm/ref/collection/p15738coll2/id/127845</dc:relation>
  <dc:relation>Dataverse: http://dx.doi.org/10.7910/DVN/22795 ; Github: http://datahub.io/dataset/2013-global-hunger-index-data</dc:relation>
  <dc:format>69 pages</dc:format>
  <dc:identifier>http://www.ifpri.org/node/9536</dc:identifier>
  <dc:format>4758625 Bytes</dc:format>
  <dc:type>noType</dc:type>
  <dc:date>2013-10-14</dc:date>
  <dc:date>2014-07-31</dc:date>
  <dc:identifier>127843</dc:identifier>
  <dc:identifier>http://cdm15738.contentdm.oclc.org/cdm/ref/collection/p15738coll2/id/127843</dc:identifier>
</oai_dc:dc>