<oai_dc:dc xmlns:oai_dc="http://www.openarchives.org/OAI/2.0/oai_dc/" xmlns:dc="http://purl.org/dc/elements/1.1/" xmlns:xsi="http://www.w3.org/2001/XMLSchema-instance" xsi:schemaLocation="http://www.openarchives.org/OAI/2.0/oai_dc/ http://www.openarchives.org/OAI/2.0/oai_dc.xsd">
  <dc:title>Green revolution in Ghana</dc:title>
  <dc:title>Looking for the key under the lamp post</dc:title>
  <dc:creator>Nin-Pratt, Alejandro; McBride, Linden</dc:creator>
  <dc:date>2013</dc:date>
  <dc:description>With renewed interest in technical change and productivity growth in the African agricultural sector, interest is growing in the lessons of Asia’s Green Revolution and in the implementation of input promotion and subsidies to promote agricultural growth. While there are several valid reasons for seeking a model for African agricultural productivity growth from the Asian Green Revolution, the abundance of natural resources in Africa compared to Asia means that the Asian lessons might have limited application across Africa.</dc:description>
  <dc:relation>GSSP Discussion Note</dc:relation>
  <dc:relation>6</dc:relation>
  <dc:publisher>International Food Policy Research Institute (IFPRI)</dc:publisher>
  <dc:publisher>Accra, Ghana</dc:publisher>
  <dc:language>English</dc:language>
  <dc:description>Brief</dc:description>
  <dc:description>Non-PR</dc:description>
  <dc:subject>GHANA; WEST AFRICA; AFRICA SOUTH OF SAHARA; AFRICA; ASIA</dc:subject>
  <dc:subject>Green revolution; land use; fertilizers</dc:subject>
  <dc:description>IFPRI1; GSSP; Theme 6; Subtheme 6.2; GRP32</dc:description>
  <dc:description>DSGD</dc:description>
  <dc:format>4 pages</dc:format>
  <dc:identifier>http://www.ifpri.org/publication/green-revolution-ghana</dc:identifier>
  <dc:type>Project paper</dc:type>
  <dc:date>2013-03-05</dc:date>
  <dc:date>2015-01-07</dc:date>
  <dc:identifier>127400</dc:identifier>
  <dc:identifier>http://cdm15738.contentdm.oclc.org/cdm/ref/collection/p15738coll2/id/127400</dc:identifier>
</oai_dc:dc>