<oai_dc:dc xmlns:oai_dc="http://www.openarchives.org/OAI/2.0/oai_dc/" xmlns:dc="http://purl.org/dc/elements/1.1/" xmlns:xsi="http://www.w3.org/2001/XMLSchema-instance" xsi:schemaLocation="http://www.openarchives.org/OAI/2.0/oai_dc/ http://www.openarchives.org/OAI/2.0/oai_dc.xsd">
  <dc:title>Land productivity for staple food crops</dc:title>
  <dc:creator>Wood-Sichra, Ulrike; Wood, Stanley</dc:creator>
  <dc:date>2014</dc:date>
  <dc:publisher>International Food Policy Research Institute (IFPRI)</dc:publisher>
  <dc:publisher>Washington, D.C.</dc:publisher>
  <dc:language>English</dc:language>
  <dc:description>Book chapter</dc:description>
  <dc:source>In Atlas of African agriculture research and development: Revealing agriculture's place in Africa. Sebastian, Kate, Ed. Pp. 30-31.</dc:source>
  <dc:identifier>http://dx.doi.org/10.2499/9780896298460_14</dc:identifier>
  <dc:identifier>10.2499/9780896298460_14</dc:identifier>
  <dc:description>PR</dc:description>
  <dc:subject>EAST AFRICA; WEST AFRICA; SOUTHERN AFRICA; AFRICA SOUTH OF SAHARA; AFRICA</dc:subject>
  <dc:subject>Geography; Geographical information systems; Agriculture; Agricultural development; Agricultural research; Agricultural investment; Agricultural policies; farmland; Land productivity; Food crops</dc:subject>
  <dc:subject>value of production</dc:subject>
  <dc:description>IFPRI1; HarvestChoice; CRP2</dc:description>
  <dc:description>EPTD; PIM</dc:description>
  <dc:relation>Brief http://ebrary.ifpri.org/cdm/ref/collection/p15738coll2/id/128192  Preview http://ebrary.ifpri.org/cdm/ref/collection/p15738coll2/id/127817</dc:relation>
  <dc:format>2 pages</dc:format>
  <dc:identifier>http://www.ifpri.org/publication/atlas-african-agriculture-research-development</dc:identifier>
  <dc:relation>http://itunes.apple.com/us/book/isbn9780896298545  http://www.amazon.com/dp/B00LNOULYC  https://play.google.com/store/books/details/Azzarri_Carlo_Beddow_Jason_Beintema_Nienke_M_Birad?id=LdfoAwAAQBAJ&amp;hl=en  http://books.google.com/books/about?id=LdfoAwAAQBAJ</dc:relation>
  <dc:format>648527 Bytes</dc:format>
  <dc:description>CGIAR Research Program on Policies, Institutions, and Markets (PIM)</dc:description>
  <dc:type>Book Chapter</dc:type>
  <dc:date>2014-12-04</dc:date>
  <dc:date>2014-12-31</dc:date>
  <dc:identifier>128745</dc:identifier>
  <dc:identifier>http://cdm15738.contentdm.oclc.org/cdm/ref/collection/p15738coll2/id/128745</dc:identifier>
</oai_dc:dc>