<oai_dc:dc xmlns:oai_dc="http://www.openarchives.org/OAI/2.0/oai_dc/" xmlns:dc="http://purl.org/dc/elements/1.1/" xmlns:xsi="http://www.w3.org/2001/XMLSchema-instance" xsi:schemaLocation="http://www.openarchives.org/OAI/2.0/oai_dc/ http://www.openarchives.org/OAI/2.0/oai_dc.xsd">
  <dc:title>Agricultural commercialization, land expansion, and homegrown land-scale farmers: Insights from Ghana</dc:title>
  <dc:creator>Chapoto, Antony; Mabiso, Athur; Bonsu, Adwinmea</dc:creator>
  <dc:date>2013</dc:date>
  <dc:description>The past decade has seen several African countries increasing their agricultural growth, a trend largely underpinned by increases in land area cultivated instead of productivity increases. Meanwhile, scholars debate whether Africa should pursue a strategy of large-scale or smallholder farms, paying little attention to a special group of smallholder farmers who have transitioned to become medium- and large-scale farmers. This study, therefore, begins to analyze this group of farmers, using qualitative data from in-depth interviews and focus group discussions in Ghana. We analyze their characteristics, ingredients of farm-size expansion, and commercialization.</dc:description>
  <dc:relation>IFPRI Discussion Paper</dc:relation>
  <dc:relation>1286</dc:relation>
  <dc:publisher>International Food Policy Research Institute (IFPRI)</dc:publisher>
  <dc:publisher>Washington, D.C.</dc:publisher>
  <dc:language>English</dc:language>
  <dc:description>Discussion paper</dc:description>
  <dc:description>Non-PR</dc:description>
  <dc:subject>GHANA; WEST AFRICA; AFRICA SOUTH OF SAHARA; AFRICA</dc:subject>
  <dc:subject>Farm size; large scale farming; Commercialization; Agricultural productivity; Land acquisitions</dc:subject>
  <dc:description>IFPRI1; Theme 6; Subtheme 6.2; GRP32; CRP2</dc:description>
  <dc:description>DSGD; PIM</dc:description>
  <dc:relation>Dynamics of Transformation: Insights from an Exploratory Review of Rice Farming in the Kpong Irrigation Project. IFPRI Discussion Paper 01272. http://ebrary.ifpri.org/cdm/ref/collection/p15738coll2/id/127744 
Population density, migration, and the returns to human capital and land: Insights from Indonesia. IFPRI Discussion paper 01271. http://ebrary.ifpri.org/cdm/ref/collection/p15738coll2/id/127688 
The Traits of Ghanaian Commercial Farmers. IFPRI GSSP Discussion Note No. 027. http://ebrary.ifpri.org/cdm/ref/collection/p15738coll2/id/127418 
The Growing Opportunities for African Agricultural Development. ASTI/IFPRI-FARA Conference working paper No. http://ebrary.ifpri.org/cdm/ref/collection/p15738coll2/id/127026 
The Future of Small Farms for Poverty Reduction and Growth. 2020 Discussion Paper 42. http://ebrary.ifpri.org/cdm/ref/collection/p15738coll2/id/125263</dc:relation>
  <dc:format>52 pages</dc:format>
  <dc:identifier>http://www.ifpri.org/publication/agricultural-commercialization-land-expansion-and-homegrown-large-scale-farmers</dc:identifier>
  <dc:format>1088181 Bytes</dc:format>
  <dc:description>CGIAR Research Program on Policies, Institutions, and Markets (PIM)</dc:description>
  <dc:type>Discussion paper</dc:type>
  <dc:date>2013-08-26</dc:date>
  <dc:date>2015-01-24</dc:date>
  <dc:identifier>127775</dc:identifier>
  <dc:identifier>http://cdm15738.contentdm.oclc.org/cdm/ref/collection/p15738coll2/id/127775</dc:identifier>
</oai_dc:dc>