<oai_dc:dc xmlns:oai_dc="http://www.openarchives.org/OAI/2.0/oai_dc/" xmlns:dc="http://purl.org/dc/elements/1.1/" xmlns:xsi="http://www.w3.org/2001/XMLSchema-instance" xsi:schemaLocation="http://www.openarchives.org/OAI/2.0/oai_dc/ http://www.openarchives.org/OAI/2.0/oai_dc.xsd">
  <dc:title>An integrated agriculture-nutrition program in Burkina Faso can change gender norms on land and asset ownership</dc:title>
  <dc:creator>van den Bold, Mara; Pedehombga, Abdoulaye; Ouédraogo, Marcellin; Quisumbing, Agnes R.; Olney, Deanna K.</dc:creator>
  <dc:date>2013</dc:date>
  <dc:publisher>International Food Policy Research Institute (IFPRI)</dc:publisher>
  <dc:publisher>Washington, D.C.</dc:publisher>
  <dc:language>English</dc:language>
  <dc:description>Project Note</dc:description>
  <dc:source>In Learning from eight agricultural development interventions in Africa and South Asia. Eds. Quisumbing, Agnes R.; Meinzen-Dick, Ruth Suseela; Njuki, Jemimah and Johnson, Nancy. Pp. 31-34.</dc:source>
  <dc:description>Non-PR</dc:description>
  <dc:subject>BURKINA FASO; WEST AFRICA; AFRICA SOUTH OF SAHARA; AFRICA</dc:subject>
  <dc:subject>Agriculture; Nutrition; Gender; Women; Land ownership; assets</dc:subject>
  <dc:description>IFPRI1; GAAP; CRP4; CRP2; G Cross-cutting gender theme</dc:description>
  <dc:description>A4NH; EPTD; PHND; PIM</dc:description>
  <dc:format>4 pages</dc:format>
  <dc:format>230515 Bytes</dc:format>
  <dc:description>CGIAR Research Program on Agriculture for Nutrition and Health (A4NH); CGIAR Research Program on Policies, Institutions, and Markets (PIM)</dc:description>
  <dc:type>Project paper</dc:type>
  <dc:date>2013-11-22</dc:date>
  <dc:date>2015-02-06</dc:date>
  <dc:identifier>127914</dc:identifier>
  <dc:identifier>http://cdm15738.contentdm.oclc.org/cdm/ref/collection/p15738coll2/id/127914</dc:identifier>
</oai_dc:dc>