<oai_dc:dc xmlns:oai_dc="http://www.openarchives.org/OAI/2.0/oai_dc/" xmlns:dc="http://purl.org/dc/elements/1.1/" xmlns:xsi="http://www.w3.org/2001/XMLSchema-instance" xsi:schemaLocation="http://www.openarchives.org/OAI/2.0/oai_dc/ http://www.openarchives.org/OAI/2.0/oai_dc.xsd">
  <dc:title>The role of fertilizers in transforming agriculture in the Kyrgyz Republic</dc:title>
  <dc:creator>Abdulhamidov, Dilshod</dc:creator>
  <dc:date>2014</dc:date>
  <dc:description>The Republic of Kyrgyzstan is a landlocked country where nearly 65 percent of the population lives in rural areas. Wheat is the staple crop in Kyrgyzstan; however, average wheat yields were just 2.4 metric tons (MT)/ha as of 2013, which is well below potential yield estimates of 5.5 MT/ ha. The country is classified by the UN FAO as a low-income, food-deficit country that relies on wheat imports from Kazakhstan and Russia to cover 25 percent of its consumption requirements. Agriculture contributes 20.8 percent of GDP and more than 1 million smallholder households are involved in the agriculture sector. Agriculture in the northern region of the country is more industrialized, with farm activities fully mechanized compared to the southern region. The south is highly populated, but the availability of arable land is limited.</dc:description>
  <dc:relation>ReSAKSS Policy Note</dc:relation>
  <dc:relation>12</dc:relation>
  <dc:publisher>International Food Policy Research Institute (IFPRI)</dc:publisher>
  <dc:publisher>Washington, D.C.</dc:publisher>
  <dc:language>English</dc:language>
  <dc:description>Project paper</dc:description>
  <dc:description>Non-PR</dc:description>
  <dc:subject>KYRGYZSTAN; CENTRAL ASIA; ASIA</dc:subject>
  <dc:subject>Agricultural policies; Agricultural development; Fertilizers; farm inputs</dc:subject>
  <dc:description>IFPRI1; ReSAKSS</dc:description>
  <dc:description>DSGD</dc:description>
  <dc:format>5 pages</dc:format>
  <dc:format>583000 Bytes</dc:format>
  <dc:type>Project paper</dc:type>
  <dc:date>2014-12-23</dc:date>
  <dc:date>2015-01-29</dc:date>
  <dc:identifier>128878</dc:identifier>
  <dc:identifier>http://cdm15738.contentdm.oclc.org/cdm/ref/collection/p15738coll2/id/128878</dc:identifier>
</oai_dc:dc>