<oai_dc:dc xmlns:oai_dc="http://www.openarchives.org/OAI/2.0/oai_dc/" xmlns:dc="http://purl.org/dc/elements/1.1/" xmlns:xsi="http://www.w3.org/2001/XMLSchema-instance" xsi:schemaLocation="http://www.openarchives.org/OAI/2.0/oai_dc/ http://www.openarchives.org/OAI/2.0/oai_dc.xsd">
  <dc:title>Migration, local off-farm employment, and agricultural production efficiency: Evidence from China</dc:title>
  <dc:creator>Yang, Jin; Wang, Hui; Jin, Songqing; Chen, Kevin Z.; Riedinger, Jeffrey; Chao, Peng</dc:creator>
  <dc:date>2014</dc:date>
  <dc:description>This paper studies the effect of local off-farm employment and migration on rural households’ technical efficiency of crop production using a five-year panel dataset from more than 2,000 households in five Chinese provinces. While there is not much debate about the positive contribution of migration and local off-farm employment to China’s economy, there is an increasing concern about the potential negative effects of moving labor away from agriculture on China’s future food security. This is a critical issue as maintaining self-sufficiency in grain production will be critical for China to feed its huge population in the future.</dc:description>
  <dc:relation>IFPRI Discussion Paper</dc:relation>
  <dc:relation>1338</dc:relation>
  <dc:publisher>International Food Policy Research Institute (IFPRI)</dc:publisher>
  <dc:publisher>Washington, D.C.</dc:publisher>
  <dc:language>English</dc:language>
  <dc:description>Discussion paper</dc:description>
  <dc:description>Non-PR</dc:description>
  <dc:subject>CHINA; EAST ASIA; ASIA</dc:subject>
  <dc:subject>Migration; labor; cereals; food security; Efficiency</dc:subject>
  <dc:subject>local off-farm</dc:subject>
  <dc:subject>D24 Production, Cost, Capital, Capital, Total Factor, and Multifactor Productivity, Capacity; O12 Microeconomic Analyses of Economic Development; O13 Economic Development: Agriculture, Natural Resources, Energy, Environment, Other Primary Products</dc:subject>
  <dc:description>IFPRI1; CRP2</dc:description>
  <dc:description>DSGD; PIM</dc:description>
  <dc:relation>Agricultural commercialization, land expansion, and homegrown land-scale farmers: Insights from Ghana, IFPRI Discussion Paper: http://ebrary.ifpri.org/cdm/ref/collection/p15738coll2/id/127775  
Population density, migration, and the returns to human capital and land, IFPRI Discussion Paper: http://ebrary.ifpri.org/cdm/ref/collection/p15738coll2/id/127688  Borrowing from the insurer: An empirical analysis of demand and impact of insurance in China, IFPRI Discussion Paper: http://ebrary.ifpri.org/cdm/ref/collection/p15738coll2/id/127955</dc:relation>
  <dc:format>24 pages</dc:format>
  <dc:identifier>http://www.ifpri.org/publication/migration-local-farm-employment-and-agricultural-production-efficiency</dc:identifier>
  <dc:format>571190 Bytes</dc:format>
  <dc:description>CGIAR Research Program on Policies, Institutions, and Markets (PIM)</dc:description>
  <dc:date>2014-04-04</dc:date>
  <dc:date>2014-10-28</dc:date>
  <dc:identifier>128117</dc:identifier>
  <dc:identifier>http://cdm15738.contentdm.oclc.org/cdm/ref/collection/p15738coll2/id/128117</dc:identifier>
</oai_dc:dc>