<oai_dc:dc xmlns:oai_dc="http://www.openarchives.org/OAI/2.0/oai_dc/" xmlns:dc="http://purl.org/dc/elements/1.1/" xmlns:xsi="http://www.w3.org/2001/XMLSchema-instance" xsi:schemaLocation="http://www.openarchives.org/OAI/2.0/oai_dc/ http://www.openarchives.org/OAI/2.0/oai_dc.xsd">
  <dc:title>Productivity and efficiency of farmers growing four popular wheat varieties in Punjab, Pakistan</dc:title>
  <dc:creator>Battese, George E.; Nazli, Hina; Smale, Melinda</dc:creator>
  <dc:date>2014</dc:date>
  <dc:description>HarvestPlus seeks to select one or more wheat varieties in Pakistan to biofortify with zinc to improve the health of the Pakistani population, especially women and children. The choice of varieties to enrich, and their diffusion patterns, will influence the productivity and efficiency of wheat production. This analysis seeks to (1) compare the relative productivity and efficiency of farmers currently growing the most widely diffused wheat varieties, and (2) update our understanding of factors that influence productivity and efficiency of wheat production. We estimate a stochastic production function model with data from a survey of wheat farmers conducted in Punjab, Pakistan, in 2011. We find no differences in technical inefficiency effects associated with farmers growing the top four varieties, either alone or in combination with other varieties. With respect to human capital, older farmers tend to be more technically inefficient than younger farmers, but education has no statistical significance. Wheat farmers with access to extension advice are more efficient. Smaller-scale farmers and those in the mixed production zone tend to be more technically inefficient. Later adopters were not less efficient than earlier adopters, but time to varietal change is negatively related to the efficiency of wheat production. Farmers growing wheat in the rice-wheat and cotton-wheat zones tend to be less productive (but more efficient) than farmers from the mixed zone. Finally, farmers whose land suffered from severe salinity or severe toxicity are less productive and efficient than other farmers.</dc:description>
  <dc:relation>HarvestPlus Working Paper</dc:relation>
  <dc:relation>15</dc:relation>
  <dc:publisher>International Food Policy Research Institute (IFPRI)</dc:publisher>
  <dc:publisher>Washington, D.C.</dc:publisher>
  <dc:language>English</dc:language>
  <dc:description>Working paper</dc:description>
  <dc:description>PR</dc:description>
  <dc:subject>PAKISTAN; SOUTH ASIA; ASIA</dc:subject>
  <dc:subject>Wheats; Biofortification; Zinc; Nutrition; Health; Children; malnutrition; undernourishment; Micronutrients; Varieties</dc:subject>
  <dc:description>IFPRI1; CRP4; B.1 Integrated Agriculture, Nutrition, and Health Programs and Policies</dc:description>
  <dc:description>HarvestPlus; A4NH</dc:description>
  <dc:format>21 pages</dc:format>
  <dc:identifier>http://www.harvestplus.org/content/productivity-and-efficiency-farmers-growing-four-popular-wheat-varieties-punjab-pakistan</dc:identifier>
  <dc:format>355521 Bytes</dc:format>
  <dc:description>CGIAR Research Program on Agriculture for Nutrition and Health (A4NH)</dc:description>
  <dc:type>Project paper</dc:type>
  <dc:date>2014-12-15</dc:date>
  <dc:date>2015-01-30</dc:date>
  <dc:identifier>128848</dc:identifier>
  <dc:identifier>http://cdm15738.contentdm.oclc.org/cdm/ref/collection/p15738coll2/id/128848</dc:identifier>
</oai_dc:dc>