<oai_dc:dc xmlns:oai_dc="http://www.openarchives.org/OAI/2.0/oai_dc/" xmlns:dc="http://purl.org/dc/elements/1.1/" xmlns:xsi="http://www.w3.org/2001/XMLSchema-instance" xsi:schemaLocation="http://www.openarchives.org/OAI/2.0/oai_dc/ http://www.openarchives.org/OAI/2.0/oai_dc.xsd">
  <dc:title>2013 Welthunger-Index : Herausforderung Hunger : Widerstandsfähigkeit stärken Ernährung sichern</dc:title>
  <dc:creator>von Grebmer, Klaus; Headey, Derek D.; Olofinbiyi, Tolulope; Wiesmann, Doris; Yin, Sandra; Yohannes, Yisehac; Foley, Connell; von Oppeln, Constanze; Iseli, Bettina; Béné, Christophe; Haddad, Lawrence James</dc:creator>
  <dc:date>2013</dc:date>
  <dc:description>Die globale Hungersituation hat sich seit 1990 verbessert, wie der Welthunger-Index 2013 anhand von Daten aus dem Zeitraum 2008-2012 zeigt. Der WHI ist um ein Drittel gesunken. Dennoch ist die weltweite Hungersituation nach wie vor „ernst“. 870 Millionen Men­schen hatten laut Schätzungen der Ernährungs- und Landwirtschafts­organisation der Vereinten Nationen (FAO) im Mittel der Jahre 2010-2012 nicht genug zu essen. Südasien und Afrika südlich der Sahara haben die höchsten WHI-Werte. Südasien hat seinen WHI-Wert zwischen 1990 und 1995 deutlich verbessert, vor allem durch einen großen Rückgang des Untergewichts bei Kindern. Der schnelle Fortschritt in dieser Region konnte jedoch nicht aufrechterhalten werden. Soziale Ungleichheit und der schlechte Ernährungszustand, das geringe Bildungsniveau und der niedrige gesellschaftliche Status von Frauen tragen nach wie vor zu einem hohen Anteil von Untergewicht bei Kindern unter fünf Jahren bei. Afrika südlich der Sahara konnte in den 1990er-Jahren den Hun­ger nicht so stark reduzieren wie Südasien. Seit der Jahrtausendwende hat die Region jedoch deutliche Fortschritte gemacht; ihr WHI-Wert liegt nun unter dem von Südasien. Größere politische Stabilität in den Län­dern, die in den 1990er- und 2000er-Jahren von Bürgerkriegen betrof­fen waren, ermöglichte wirtschaftliches Wachstum. Fortschritte im Kampf gegen HIV und AIDS, Erfolge bei der Malariabekämpfung und höhere Impfraten trugen zu einer Senkung der Kindersterblichkeit bei. Seit 1990 haben 23 Länder deutliche Fortschritte gemacht und ihre WHI-Werte um 50 Prozent oder mehr gesenkt. 27 Länder konnten die Kategorien „gravierend“ und „sehr ernst“ verlassen. Die folgenden zehn Länder haben seit 1990 die größten absoluten Fortschritte erzielt: Angola, Äthiopien, Bangladesch, Ghana, Kambodscha, Malawi, Niger, Ruanda, Thailand und Vietnam.</dc:description>
  <dc:relation>Global Hunger Index</dc:relation>
  <dc:publisher>Deutsche Welthungerhilfe (German AgroAction); International Food Policy Research Institute (IFPRI); Concern Worldwide</dc:publisher>
  <dc:publisher>Bonn, Germany; Washington, D.C.; Dublin, Ireland</dc:publisher>
  <dc:language>German</dc:language>
  <dc:description>Book</dc:description>
  <dc:identifier>9780896299528</dc:identifier>
  <dc:identifier>http://dx.doi.org/10.2499/9780896299528</dc:identifier>
  <dc:identifier>10.2499/9780896299528</dc:identifier>
  <dc:description>Non-PR</dc:description>
  <dc:subject>CARIBBEAN; Commonwealth of Independent States; LATIN AMERICA; MIDDLE EAST; NORTH AFRICA; EAST AFRICA; EAST ASIA; SOUTH ASIA; EASTERN EUROPE; SOUTHERN AFRICA; AFRICA SOUTH OF SAHARA; AFRICA; ASIA</dc:subject>
  <dc:subject>Developing countries; Food availability; food crises; food crisis; Food prices; food security; Nutrition security; Nutrition; malnutrition; undernourishment; Hunger; Undernutrition; Mortality; Underweight; Children; Land degradation; Natural resources; Sustainable development; Sustainability; Sustainable livelihoods; Climate change; Water; Natural disasters; disaster relief; Environmental disasters; Environmental risk; Environmental policies</dc:subject>
  <dc:subject>resilience; environmental shocks</dc:subject>
  <dc:description>IFPRI2</dc:description>
  <dc:description>PHND; DGO; COM</dc:description>
  <dc:relation>Issue Brief: http://ebrary.ifpri.org/cdm/ref/collection/p15738coll2/id/127838 Tableau Map Visualization: http://public.tableausoftware.com/views/2013GHI/2013GLOBALHUNGERINDEXBYSEVERITY#1</dc:relation>
  <dc:relation>English: http://ebrary.ifpri.org/cdm/ref/collection/p15738coll2/id/127844 Italian: http://ebrary.ifpri.org/cdm/ref/collection/p15738coll2/id/127843 French: http://ebrary.ifpri.org/cdm/ref/collection/p15738coll2/id/127845</dc:relation>
  <dc:relation>Dataverse: http://dx.doi.org/10.7910/DVN/22795 ; Github: http://datahub.io/dataset/2013-global-hunger-index-data</dc:relation>
  <dc:format>69 pages</dc:format>
  <dc:identifier>http://www.ifpri.org/node/9534</dc:identifier>
  <dc:format>5675253 Bytes</dc:format>
  <dc:type>noType</dc:type>
  <dc:date>2013-10-14</dc:date>
  <dc:date>2014-09-18</dc:date>
  <dc:identifier>127842</dc:identifier>
  <dc:identifier>http://cdm15738.contentdm.oclc.org/cdm/ref/collection/p15738coll2/id/127842</dc:identifier>
</oai_dc:dc>