<oai_dc:dc xmlns:oai_dc="http://www.openarchives.org/OAI/2.0/oai_dc/" xmlns:dc="http://purl.org/dc/elements/1.1/" xmlns:xsi="http://www.w3.org/2001/XMLSchema-instance" xsi:schemaLocation="http://www.openarchives.org/OAI/2.0/oai_dc/ http://www.openarchives.org/OAI/2.0/oai_dc.xsd">
  <dc:title>HIV/AIDS, agriculture and food security in Malawi</dc:title>
  <dc:title>Background to action</dc:title>
  <dc:creator>Ngwira, Naomi; Bota, Sam; Loevinsohn, Michael</dc:creator>
  <dc:date>2001</dc:date>
  <dc:description>It is now widely accepted that AIDS in not just a health issue. In the recently developed Poverty Reduction Strategy Paper, the Malawi people and government designated HIV/AIDS as a crosscutting issue, and the Malawi National HIV/AIDS Strategic Framework 2000-2004 calls for “an expanded, multi-sectoral national response to the epidemic.” However the capacity to respond to these calls lags behind. In many sectors, policy making still proceeds as if HIV/AIDS never happened.</dc:description>
  <dc:relation>RENEWAL Working Paper</dc:relation>
  <dc:relation>1</dc:relation>
  <dc:publisher>International Food Policy Research Institute (IFPRI)</dc:publisher>
  <dc:publisher>Lilongwe, Malawi; The Hague, Netherlands</dc:publisher>
  <dc:language>English</dc:language>
  <dc:description>Working paper</dc:description>
  <dc:description>Non-PR</dc:description>
  <dc:subject>MALAWI; SOUTHERN AFRICA; AFRICA SOUTH OF SAHARA; AFRICA;</dc:subject>
  <dc:subject>HIV/AIDS; infectious diseases</dc:subject>
  <dc:description>IFPRI1; GRP33; RENEWAL</dc:description>
  <dc:description>ISNAR</dc:description>
  <dc:format>31 pages</dc:format>
  <dc:identifier>http://www.ifpri.org/publication/hivaids-agriculture-and-food-security-malawi</dc:identifier>
  <dc:format>239990 Bytes</dc:format>
  <dc:type>noType</dc:type>
  <dc:date>2014-10-21</dc:date>
  <dc:date>2014-10-21</dc:date>
  <dc:identifier>128377</dc:identifier>
  <dc:identifier>http://cdm15738.contentdm.oclc.org/cdm/ref/collection/p15738coll2/id/128377</dc:identifier>
</oai_dc:dc>