<oai_dc:dc xmlns:oai_dc="http://www.openarchives.org/OAI/2.0/oai_dc/" xmlns:dc="http://purl.org/dc/elements/1.1/" xmlns:xsi="http://www.w3.org/2001/XMLSchema-instance" xsi:schemaLocation="http://www.openarchives.org/OAI/2.0/oai_dc/ http://www.openarchives.org/OAI/2.0/oai_dc.xsd">
  <dc:title>An innovation systems approach to enhanced farmer adoption of climate-ready germplasm and agronomic practices</dc:title>
  <dc:creator>Hellin, Jonathan; Beuchelt, Tina; Camacho, Carolina; Govaerts, Bram; Donnet, Laura; Riis-Jacobsen, Jens</dc:creator>
  <dc:date>2014</dc:date>
  <dc:description>By 2050, climate change is likely to reduce maize production globally by 3–10 percent and wheat production in developing countries by 29–34 percent. Even without climate change, the real costs of wheat and maize will increase by 60 percent between 2000 and 2050; climate change could make the figure substantially greater. Food security, despite the above, may be possible if agricultural systems are transformed through improved seed, fertilizer, land use, and governance.</dc:description>
  <dc:relation>CAPRi Working Paper</dc:relation>
  <dc:relation>116</dc:relation>
  <dc:publisher>International Food Policy Research Institute (IFPRI)</dc:publisher>
  <dc:publisher>Washington, D.C.</dc:publisher>
  <dc:language>English</dc:language>
  <dc:description>Working paper</dc:description>
  <dc:identifier>http://dx.doi.org/10.2499/CAPRiWP116</dc:identifier>
  <dc:identifier>10.2499/CAPRiWP116</dc:identifier>
  <dc:description>Non-PR</dc:description>
  <dc:subject>MEXICO; LATIN AMERICA; NORTH AMERICA</dc:subject>
  <dc:subject>Climate change; maize; Wheats; Innovation; Varieties</dc:subject>
  <dc:subject>climate smart agriculture; climate adaptation; innovation systems</dc:subject>
  <dc:description>IFPRI1; CAPRi; CRP7; CRP2</dc:description>
  <dc:description>EPTD; PIM</dc:description>
  <dc:rights>Presented at the CAPRi/CCAFS Research Workshop on Institutions for Inclusive Climate-Smart Agriculture, September 10–13, 2012, Nairobi, Kenya</dc:rights>
  <dc:format>30 pages</dc:format>
  <dc:format>1090463 Bytes</dc:format>
  <dc:description>CGIAR Research Program on Climate Change, Agriculture and Food Security (CCAFS); CGIAR Research Program on Policies, Institutions, and Markets (PIM)</dc:description>
  <dc:type>noType</dc:type>
  <dc:date>2014-07-01</dc:date>
  <dc:date>2014-07-22</dc:date>
  <dc:identifier>128204</dc:identifier>
  <dc:identifier>http://cdm15738.contentdm.oclc.org/cdm/ref/collection/p15738coll2/id/128204</dc:identifier>
</oai_dc:dc>