<oai_dc:dc xmlns:oai_dc="http://www.openarchives.org/OAI/2.0/oai_dc/" xmlns:dc="http://purl.org/dc/elements/1.1/" xmlns:xsi="http://www.w3.org/2001/XMLSchema-instance" xsi:schemaLocation="http://www.openarchives.org/OAI/2.0/oai_dc/ http://www.openarchives.org/OAI/2.0/oai_dc.xsd">
  <dc:title>Maize seed industry in Thailand: Development, current situation, and prospects</dc:title>
  <dc:creator>Napasintuwong, Orachos</dc:creator>
  <dc:date>2014</dc:date>
  <dc:description>This paper provides the history of development; an analysis of the current industry’s structure, conduct, and performance; and a review of related regulations of the maize seed industry in Thailand. The lessons learned from the success of the maize seed industry in Thailand could provide implications for the development of the seed industry in other developing countries</dc:description>
  <dc:relation>ReSAKSS Working Paper</dc:relation>
  <dc:relation>4</dc:relation>
  <dc:publisher>International Food Policy Research Institute (IFPRI)</dc:publisher>
  <dc:publisher>Washington, D.C.</dc:publisher>
  <dc:language>English</dc:language>
  <dc:description>Project paper</dc:description>
  <dc:description>Non-PR</dc:description>
  <dc:subject>THAILAND; SOUTH EAST ASIA; ASIA</dc:subject>
  <dc:subject>Seeds; Seed industry; Agricultural policies; Agricultural development</dc:subject>
  <dc:description>IFPRI1; ReSAKSS</dc:description>
  <dc:description>DSGD</dc:description>
  <dc:format>41 pages</dc:format>
  <dc:type>Project paper</dc:type>
  <dc:date>2015-01-06</dc:date>
  <dc:date>2015-01-09</dc:date>
  <dc:identifier>128923</dc:identifier>
  <dc:identifier>http://cdm15738.contentdm.oclc.org/cdm/ref/collection/p15738coll2/id/128923</dc:identifier>
</oai_dc:dc>