<oai_dc:dc xmlns:oai_dc="http://www.openarchives.org/OAI/2.0/oai_dc/" xmlns:dc="http://purl.org/dc/elements/1.1/" xmlns:xsi="http://www.w3.org/2001/XMLSchema-instance" xsi:schemaLocation="http://www.openarchives.org/OAI/2.0/oai_dc/ http://www.openarchives.org/OAI/2.0/oai_dc.xsd">
  <dc:title>Understanding the policy landscape for climate change adaptation: A cross-country comparison using the Net-map method</dc:title>
  <dc:creator>Aberman, Noora-Lisa; Birner, Regina; Haglund, Eric; Ngigi, Marther; Ali, Snigdha; Okoba, Barrack; Koné, Daouda; Alemu, Takei</dc:creator>
  <dc:date>2015</dc:date>
  <dc:description>In the context of increasing vulnerability to climate change for people dependent on natural resources for their livelihoods, the International Food Policy Research Institute and partner organizations in Ethiopia, Kenya, Mali, and Bangladesh undertook a project broadly aiming to create knowledge that will help policymakers and development agencies to strengthen the capacity of male and female smallholder farmers and livestock keepers to manage climate-related risks. This study—one component of the project—examines the networks and power dynamics of stakeholders in the four target countries so as to (1) identify potential partners in the research process, (2) find out which organizations could make use of the research findings in their activities, and (3) inform the communication and outreach strategy of the research project. This paper describes the network structures for climate change policy, the actors in the networks with high centrality and influence scores, and the implications of these results for outreach and dissemination.</dc:description>
  <dc:relation>IFPRI Discussion Paper</dc:relation>
  <dc:relation>1408</dc:relation>
  <dc:publisher>International Food Policy Research Institute (IFPRI)</dc:publisher>
  <dc:publisher>Washington, D.C.</dc:publisher>
  <dc:language>English</dc:language>
  <dc:description>Discussion paper</dc:description>
  <dc:description>Non-PR</dc:description>
  <dc:subject>ETHIOPIA; KENYA; MALI; BANGLADESH; WEST AFRICA; EAST AFRICA; SOUTH ASIA; AFRICA SOUTH OF SAHARA; AFRICA; ASIA</dc:subject>
  <dc:subject>Climate change; Policies; Social networks; stakeholders; Smallholders; Gender; Women; Livestock; Agricultural research; Agricultural policies</dc:subject>
  <dc:subject>stakeholder mapping; social network analysis; policy impact; climate adaptation</dc:subject>
  <dc:description>IFPRI1; CRP2; E.2 Policies, Institutions and investments for resilient ecosystems</dc:description>
  <dc:description>PHND; EPTD; PIM</dc:description>
  <dc:relation>Disucssion papers http://ebrary.ifpri.org/cdm/ref/collection/p15738coll2/id/127124 http://ebrary.ifpri.org/cdm/ref/collection/p15738coll2/id/2799 http://ebrary.ifpri.org/cdm/ref/collection/p15738coll2/id/127758 http://ebrary.ifpri.org/cdm/ref/collection/p15738coll2/id/127540 Report http://ebrary.ifpri.org/cdm/ref/collection/p15738coll2/id/128599</dc:relation>
  <dc:format>56 pages</dc:format>
  <dc:identifier>http://www.ifpri.org/publication/understanding-policy-landscape-climate-change-adaptation</dc:identifier>
  <dc:format>1821355 Bytes</dc:format>
  <dc:description>CGIAR Research Program on Policies, Institutions, and Markets (PIM)</dc:description>
  <dc:type>Discussion paper</dc:type>
  <dc:date>2015-01-09</dc:date>
  <dc:date>2015-02-03</dc:date>
  <dc:identifier>128928</dc:identifier>
  <dc:identifier>http://cdm15738.contentdm.oclc.org/cdm/ref/collection/p15738coll2/id/128928</dc:identifier>
</oai_dc:dc>