<oai_dc:dc xmlns:oai_dc="http://www.openarchives.org/OAI/2.0/oai_dc/" xmlns:dc="http://purl.org/dc/elements/1.1/" xmlns:xsi="http://www.w3.org/2001/XMLSchema-instance" xsi:schemaLocation="http://www.openarchives.org/OAI/2.0/oai_dc/ http://www.openarchives.org/OAI/2.0/oai_dc.xsd">
  <dc:title>An assessment of IFPRI’S work in Ethiopia 1995–2010: Ideology, influence, and idiosyncrasy</dc:title>
  <dc:creator>Renkow, Mitch; Slade, Roger;</dc:creator>
  <dc:date>2013</dc:date>
  <dc:description>This study provides an assessment of the impact of the International Food Policy Research Institute (IFPRI)’s work in Ethiopia during the period of 1995–2010. From 1995 to 2004, nearly all of IFPRI’s Ethiopia work was undertaken by Washington-based research teams working on specific themes under various “global research programs” (GRPs). In each case, Ethiopia represented one of several case studies in a larger multicountry study. The international public goods (IPGs) generated in this way included peer-reviewed publications; collaborative research with both domestic and international researchers; and the building of national capacity for policy research.</dc:description>
  <dc:relation>Independent Impact Assessment Report;</dc:relation>
  <dc:relation>36</dc:relation>
  <dc:relation>Impact Assessment Discussion Paper;</dc:relation>
  <dc:publisher>International Food Policy Research Institute (IFPRI)</dc:publisher>
  <dc:publisher>Washington, D.C.</dc:publisher>
  <dc:language>English</dc:language>
  <dc:description>Report;</dc:description>
  <dc:description>PR;</dc:description>
  <dc:subject>ETHIOPIA; EAST AFRICA; AFRICA SOUTH OF SAHARA; AFRICA;</dc:subject>
  <dc:subject>Impact assessment; Agricultural development; Development strategies; Agricultural policies; Agricultural research; Poverty; food security; Markets; Public investment; Sustainable land management;</dc:subject>
  <dc:description>IA; IFPRI1;</dc:description>
  <dc:description>DGO;</dc:description>
  <dc:rights>In July 2013 the series Impact Assessment Discussion Paper was changed to Independent Impact Assessment Report.</dc:rights>
  <dc:format>142 pages</dc:format>
  <dc:format>4457954 Bytes</dc:format>
  <dc:type>noType</dc:type>
  <dc:date>2013-08-09</dc:date>
  <dc:date>2013-12-05</dc:date>
  <dc:identifier>127769</dc:identifier>
  <dc:identifier>http://cdm15738.contentdm.oclc.org/cdm/ref/collection/p15738coll2/id/127769</dc:identifier>
</oai_dc:dc>