<oai_dc:dc xmlns:oai_dc="http://www.openarchives.org/OAI/2.0/oai_dc/" xmlns:dc="http://purl.org/dc/elements/1.1/" xmlns:xsi="http://www.w3.org/2001/XMLSchema-instance" xsi:schemaLocation="http://www.openarchives.org/OAI/2.0/oai_dc/ http://www.openarchives.org/OAI/2.0/oai_dc.xsd">
  <dc:title>The Women’s Empowerment in Agriculture Index</dc:title>
  <dc:creator>Alkire, Sabina; Meinzen-Dick, Ruth Suseela; Peterman, Amber; Quisumbing, Agnes R.; Seymour, Greg; Vaz, Ana</dc:creator>
  <dc:date>2012</dc:date>
  <dc:description>The Women’s Empowerment in Agriculture Index (WEAI) is a new survey-based index designed to measure the empowerment, agency, and inclusion of women in the agricultural sector. The WEAI was initially developed as a tool to reflect women’s empowerment that may result from the United States government’s Feed the Future Initiative, which commissioned the development of the WEAI. The WEAI can also be used more generally to assess the state of empowerment and gender parity in agriculture, to identify key areas in which empowerment needs to be strengthened, and to track progress over time.</dc:description>
  <dc:relation>IFPRI Discussion Paper</dc:relation>
  <dc:relation>1240</dc:relation>
  <dc:publisher>International Food Policy Research Institute (IFPRI)</dc:publisher>
  <dc:publisher>Washington, D.C.</dc:publisher>
  <dc:language>English</dc:language>
  <dc:description>Discussion paper</dc:description>
  <dc:description>Non-PR</dc:description>
  <dc:subject>Agricultural development; multidimensional measurement; Gender equality; Empowerment; Women</dc:subject>
  <dc:subject>time diary; time allocation</dc:subject>
  <dc:description>IFPRI1; Theme 7; Subtheme 7.3; GRP42; CRP2</dc:description>
  <dc:description>PHND; PIM</dc:description>
  <dc:relation>Women's Empowerment in Agriculture Index http://ebrary.ifpri.org/cdm/ref/collection/p15738coll2/id/126937 
Promising approaches to address the needs of poor female farmers, IFPRI Discussion Paper: http://ebrary.ifpri.org/cdm/ref/collection/p15738coll2/id/27075   Gender and Collective Action: A Conceptual Framework for Analysis, CAPRi Working Paper: http://ebrary.ifpri.org/cdm/ref/collection/p15738coll2/id/33154 
Gender and Collective Action, CAPRi Policy Brief No. 5: http://ebrary.ifpri.org/cdm/ref/collection/p15738coll2/id/32849
A Review of Empirical Evidence on Gender Differences in Nonland Agricultural Inputs, Technology, and Services in Developing Countries. IFPRI Discussion Paper: http://ebrary.ifpri.org/cdm/ref/collection/p15738coll2/id/1464</dc:relation>
  <dc:identifier>IFPRIDP01240</dc:identifier>
  <dc:format>76 pages</dc:format>
  <dc:identifier>http://www.ifpri.org/publication/women-s-empowerment-agriculture-index</dc:identifier>
  <dc:format>2201850 Bytes</dc:format>
  <dc:description>CGIAR Research Program on Policies, Institutions, and Markets (PIM)</dc:description>
  <dc:type>Discussion paper</dc:type>
  <dc:date>2013-01-07</dc:date>
  <dc:date>2015-01-24</dc:date>
  <dc:identifier>127346</dc:identifier>
  <dc:identifier>http://cdm15738.contentdm.oclc.org/cdm/ref/collection/p15738coll2/id/127346</dc:identifier>
</oai_dc:dc>